id	split	content_class	variant	relative_path	url
1000	train	1000-lilith-photos-general	sdr	1000-lilith-photos-general/1000_general_red-convertible-car_mission-hills-san-diego-california_note9_iso50-f2p4_20190514-100811_4032x3024.sdr.png	https://codec-corpus.r2.imazen.org/imazen-26-png-v3/1000-lilith-photos-general/1000_general_red-convertible-car_mission-hills-san-diego-california_note9_iso50-f2p4_20190514-100811_4032x3024.sdr.png
1001	train	1000-lilith-photos-general	sdr	1000-lilith-photos-general/1001_general_oceanfront-resort-view_sheraton-waikiki-east-honolulu_s21u_iso32-f1p8_20210602-055442_4000x3000.sdr.png	https://codec-corpus.r2.imazen.org/imazen-26-png-v3/1000-lilith-photos-general/1001_general_oceanfront-resort-view_sheraton-waikiki-east-honolulu_s21u_iso32-f1p8_20210602-055442_4000x3000.sdr.png
1002	train	1000-lilith-photos-general	sdr	1000-lilith-photos-general/1002_general_oceanfront-hotel-building_ka-anapali-beach-kaanapali_s21u_iso640-f1p8_20210608-052615_4000x3000.sdr.png	https://codec-corpus.r2.imazen.org/imazen-26-png-v3/1000-lilith-photos-general/1002_general_oceanfront-hotel-building_ka-anapali-beach-kaanapali_s21u_iso640-f1p8_20210608-052615_4000x3000.sdr.png
1005	train	1000-lilith-photos-general	sdr	1000-lilith-photos-general/1005_general_la-pedrera-rooftop-terrace_l-eixample-barcelona-spain_s21u_iso50-f2p2_20220304-165729_4000x3000.sdr.png	https://codec-corpus.r2.imazen.org/imazen-26-png-v3/1000-lilith-photos-general/1005_general_la-pedrera-rooftop-terrace_l-eixample-barcelona-spain_s21u_iso50-f2p2_20220304-165729_4000x3000.sdr.png
1006	train	1000-lilith-photos-general	sdr	1000-lilith-photos-general/1006_general_church-steeple-among-trees_s21u_iso50-f1p8_20220304-182325_3000x4000.sdr.png	https://codec-corpus.r2.imazen.org/imazen-26-png-v3/1000-lilith-photos-general/1006_general_church-steeple-among-trees_s21u_iso50-f1p8_20220304-182325_3000x4000.sdr.png
1007	train	1000-lilith-photos-general	sdr	1000-lilith-photos-general/1007_general_street-building-with-trees_shinjuku-gyoen-national-garden-shinjuku_s23u_iso10-f1p7_20230702-090345_3000x4000.sdr.png	https://codec-corpus.r2.imazen.org/imazen-26-png-v3/1000-lilith-photos-general/1007_general_street-building-with-trees_shinjuku-gyoen-national-garden-shinjuku_s23u_iso10-f1p7_20230702-090345_3000x4000.sdr.png
1008	train	1000-lilith-photos-general	sdr	1000-lilith-photos-general/1008_general_city-view-through-window_tokyo-skytree-sumida_s23u_iso50-f2p2_20230706-142333_3000x4000.sdr.png	https://codec-corpus.r2.imazen.org/imazen-26-png-v3/1000-lilith-photos-general/1008_general_city-view-through-window_tokyo-skytree-sumida_s23u_iso50-f2p2_20230706-142333_3000x4000.sdr.png
1009	train	1000-lilith-photos-general	sdr	1000-lilith-photos-general/1009_general_aerial-cityscape_tokyo-skytree-sumida_s23u_iso50-f2p4_20230706-144950_3000x4000.sdr.png	https://codec-corpus.r2.imazen.org/imazen-26-png-v3/1000-lilith-photos-general/1009_general_aerial-cityscape_tokyo-skytree-sumida_s23u_iso50-f2p4_20230706-144950_3000x4000.sdr.png
1010	train	1000-lilith-photos-general	sdr	1000-lilith-photos-general/1010_general_floating-dock-on-lake_hakone-ekiden-museum-hakone_s23u_iso80-f4p9_20230707-172043_3000x4000.sdr.png	https://codec-corpus.r2.imazen.org/imazen-26-png-v3/1000-lilith-photos-general/1010_general_floating-dock-on-lake_hakone-ekiden-museum-hakone_s23u_iso80-f4p9_20230707-172043_3000x4000.sdr.png
1011	train	1000-lilith-photos-general	sdr	1000-lilith-photos-general/1011_general_city-street-at-night_s23u_iso80-f1p7_20230711-19230_2252x4000.sdr.png	https://codec-corpus.r2.imazen.org/imazen-26-png-v3/1000-lilith-photos-general/1011_general_city-street-at-night_s23u_iso80-f1p7_20230711-19230_2252x4000.sdr.png
1012	train	1000-lilith-photos-general	sdr	1000-lilith-photos-general/1012_general_spiky-crystal-display_seattle-center-seattle_s23u_iso1000-f1p7_20230727-173012_2190x3131.sdr.png	https://codec-corpus.r2.imazen.org/imazen-26-png-v3/1000-lilith-photos-general/1012_general_spiky-crystal-display_seattle-center-seattle_s23u_iso1000-f1p7_20230727-173012_2190x3131.sdr.png
1013	train	1000-lilith-photos-general	sdr	1000-lilith-photos-general/1013_general_colorful-glass-sculpture_seattle-center-seattle_s23u_iso800-f1p7_20230727-173318_3000x4000.sdr.png	https://codec-corpus.r2.imazen.org/imazen-26-png-v3/1000-lilith-photos-general/1013_general_colorful-glass-sculpture_seattle-center-seattle_s23u_iso800-f1p7_20230727-173318_3000x4000.sdr.png
1014	train	1000-lilith-photos-general	sdr	1000-lilith-photos-general/1014_general_colorful-glass-spheres_seattle-center-seattle_s23u_iso500-f1p7_20230727-173515_4000x3000.sdr.png	https://codec-corpus.r2.imazen.org/imazen-26-png-v3/1000-lilith-photos-general/1014_general_colorful-glass-spheres_seattle-center-seattle_s23u_iso500-f1p7_20230727-173515_4000x3000.sdr.png
1015	train	1000-lilith-photos-general	sdr	1000-lilith-photos-general/1015_general_colorful-glass-sculpture_seattle-center-seattle_s23u_iso400-f2p4_20230727-173537_4000x3000.sdr.png	https://codec-corpus.r2.imazen.org/imazen-26-png-v3/1000-lilith-photos-general/1015_general_colorful-glass-sculpture_seattle-center-seattle_s23u_iso400-f2p4_20230727-173537_4000x3000.sdr.png
1016	train	1000-lilith-photos-general	sdr	1000-lilith-photos-general/1016_general_hanging-glass-lamp_seattle-center-seattle_s23u_iso250-f1p7_20230727-173815_2252x4000.sdr.png	https://codec-corpus.r2.imazen.org/imazen-26-png-v3/1000-lilith-photos-general/1016_general_hanging-glass-lamp_seattle-center-seattle_s23u_iso250-f1p7_20230727-173815_2252x4000.sdr.png
1017	train	1000-lilith-photos-general	sdr	1000-lilith-photos-general/1017_general_abstract-sculpture-installation_seattle-center-seattle_s23u_iso500-f1p7_20230727-173843_2252x4000.sdr.png	https://codec-corpus.r2.imazen.org/imazen-26-png-v3/1000-lilith-photos-general/1017_general_abstract-sculpture-installation_seattle-center-seattle_s23u_iso500-f1p7_20230727-173843_2252x4000.sdr.png
1019	train	1000-lilith-photos-general	sdr	1000-lilith-photos-general/1019_general_tower-against-blue-sky_seattle-center-seattle_s23u_iso10-f1p7_20230727-174406_3000x4000.sdr.png	https://codec-corpus.r2.imazen.org/imazen-26-png-v3/1000-lilith-photos-general/1019_general_tower-against-blue-sky_seattle-center-seattle_s23u_iso10-f1p7_20230727-174406_3000x4000.sdr.png
1020	train	1000-lilith-photos-general	sdr	1000-lilith-photos-general/1020_general_space-needle-sculpture-garden_seattle-center-seattle_s23u_iso50-f2p2_20230727-174418_3000x4000.sdr.png	https://codec-corpus.r2.imazen.org/imazen-26-png-v3/1000-lilith-photos-general/1020_general_space-needle-sculpture-garden_seattle-center-seattle_s23u_iso50-f2p2_20230727-174418_3000x4000.sdr.png
1021	train	1000-lilith-photos-general	sdr	1000-lilith-photos-general/1021_general_sunset-cityscape-waterfront_seattle-center-seattle_s23u_iso50-f2p2_20230729-204147_4000x3000.sdr.png	https://codec-corpus.r2.imazen.org/imazen-26-png-v3/1000-lilith-photos-general/1021_general_sunset-cityscape-waterfront_seattle-center-seattle_s23u_iso50-f2p2_20230729-204147_4000x3000.sdr.png
1022	train	1000-lilith-photos-general	sdr	1000-lilith-photos-general/1022_general_thatched-roof-fence_azulik-city-arts-francisco-uh-may_s23u_iso50-f2p2_20230917-141034_3000x4000.sdr.png	https://codec-corpus.r2.imazen.org/imazen-26-png-v3/1000-lilith-photos-general/1022_general_thatched-roof-fence_azulik-city-arts-francisco-uh-may_s23u_iso50-f2p2_20230917-141034_3000x4000.sdr.png
1023	train	1000-lilith-photos-general	sdr	1000-lilith-photos-general/1023_general_outdoor-lounge-sofa_azulik-city-arts-francisco-uh-may_s23u_iso12-f1p7_20230917-152324_4000x3000.sdr.png	https://codec-corpus.r2.imazen.org/imazen-26-png-v3/1000-lilith-photos-general/1023_general_outdoor-lounge-sofa_azulik-city-arts-francisco-uh-may_s23u_iso12-f1p7_20230917-152324_4000x3000.sdr.png
1024	train	1000-lilith-photos-general	sdr	1000-lilith-photos-general/1024_general_outdoor-dining-table_azulik-city-arts-francisco-uh-may_s23u_iso100-f2p2_20230917-152718_3000x4000.sdr.png	https://codec-corpus.r2.imazen.org/imazen-26-png-v3/1000-lilith-photos-general/1024_general_outdoor-dining-table_azulik-city-arts-francisco-uh-may_s23u_iso100-f2p2_20230917-152718_3000x4000.sdr.png
1025	train	1000-lilith-photos-general	sdr	1000-lilith-photos-general/1025_general_restaurant-table-setting_placa-pedro-infante-valladolid_s23u_iso2000-f2p2_20230917-193017_3000x4000.sdr.png	https://codec-corpus.r2.imazen.org/imazen-26-png-v3/1000-lilith-photos-general/1025_general_restaurant-table-setting_placa-pedro-infante-valladolid_s23u_iso2000-f2p2_20230917-193017_3000x4000.sdr.png
1026	train	1000-lilith-photos-general	sdr	1000-lilith-photos-general/1026_general_two-turtles-on-rock_hotel-zentik-project-valladolid_s23u_iso50-f4p9_20230918-105440_3000x4000.sdr.png	https://codec-corpus.r2.imazen.org/imazen-26-png-v3/1000-lilith-photos-general/1026_general_two-turtles-on-rock_hotel-zentik-project-valladolid_s23u_iso50-f4p9_20230918-105440_3000x4000.sdr.png
1027	train	1000-lilith-photos-general	sdr	1000-lilith-photos-general/1027_general_turtle-on-rock_hotel-zentik-project-valladolid_s23u_iso50-f4p9_20230918-105522_2252x4000.sdr.png	https://codec-corpus.r2.imazen.org/imazen-26-png-v3/1000-lilith-photos-general/1027_general_turtle-on-rock_hotel-zentik-project-valladolid_s23u_iso50-f4p9_20230918-105522_2252x4000.sdr.png
1028	train	1000-lilith-photos-general	sdr	1000-lilith-photos-general/1028_general_hands-holding-small-turtle_hotel-zentik-project-valladolid_s23u_iso25-f1p7_20230918-105607_2252x4000.sdr.png	https://codec-corpus.r2.imazen.org/imazen-26-png-v3/1000-lilith-photos-general/1028_general_hands-holding-small-turtle_hotel-zentik-project-valladolid_s23u_iso25-f1p7_20230918-105607_2252x4000.sdr.png
1029	train	1000-lilith-photos-general	sdr	1000-lilith-photos-general/1029_general_decorative-planter-bed_hotel-zentik-project-valladolid_s23u_iso80-f1p7_20230918-105926_4000x3000.sdr.png	https://codec-corpus.r2.imazen.org/imazen-26-png-v3/1000-lilith-photos-general/1029_general_decorative-planter-bed_hotel-zentik-project-valladolid_s23u_iso80-f1p7_20230918-105926_4000x3000.sdr.png
1032	train	1000-lilith-photos-general	sdr	1000-lilith-photos-general/1032_general_colorful-wall-mural_hotel-zentik-project-valladolid_s23u_iso20-f1p7_20230918-110521_4000x3000.sdr.png	https://codec-corpus.r2.imazen.org/imazen-26-png-v3/1000-lilith-photos-general/1032_general_colorful-wall-mural_hotel-zentik-project-valladolid_s23u_iso20-f1p7_20230918-110521_4000x3000.sdr.png
1033	train	1000-lilith-photos-general	sdr	1000-lilith-photos-general/1033_general_stone-tunnel-lights_placa-pedro-infante-valladolid_s23u_iso800-f1p7_20230918-111620_3000x4000.sdr.png	https://codec-corpus.r2.imazen.org/imazen-26-png-v3/1000-lilith-photos-general/1033_general_stone-tunnel-lights_placa-pedro-infante-valladolid_s23u_iso800-f1p7_20230918-111620_3000x4000.sdr.png
1034	train	1000-lilith-photos-general	sdr	1000-lilith-photos-general/1034_general_rainbow-painted-staircase_placa-pedro-infante-valladolid_s23u_iso50-f1p7_20230918-111645_2574x3432.sdr.png	https://codec-corpus.r2.imazen.org/imazen-26-png-v3/1000-lilith-photos-general/1034_general_rainbow-painted-staircase_placa-pedro-infante-valladolid_s23u_iso50-f1p7_20230918-111645_2574x3432.sdr.png
1035	train	1000-lilith-photos-general	sdr	1000-lilith-photos-general/1035_general_portrait-illustration_placa-pedro-infante-valladolid_s23u_iso32-f1p7_20230918-111959_3000x4000.sdr.png	https://codec-corpus.r2.imazen.org/imazen-26-png-v3/1000-lilith-photos-general/1035_general_portrait-illustration_placa-pedro-infante-valladolid_s23u_iso32-f1p7_20230918-111959_3000x4000.sdr.png
1036	train	1000-lilith-photos-general	sdr	1000-lilith-photos-general/1036_general_stone-temple-carvings_ek-balam_s23u_iso16-f1p7_20230918-152107_3000x4000.sdr.png	https://codec-corpus.r2.imazen.org/imazen-26-png-v3/1000-lilith-photos-general/1036_general_stone-temple-carvings_ek-balam_s23u_iso16-f1p7_20230918-152107_3000x4000.sdr.png
1038	train	1000-lilith-photos-general	sdr	1000-lilith-photos-general/1038_general_stone-building-entrance_ek-balam_s23u_iso20-f1p7_20230918-152619_3000x4000.sdr.png	https://codec-corpus.r2.imazen.org/imazen-26-png-v3/1000-lilith-photos-general/1038_general_stone-building-entrance_ek-balam_s23u_iso20-f1p7_20230918-152619_3000x4000.sdr.png
1039	train	1000-lilith-photos-general	sdr	1000-lilith-photos-general/1039_general_sun-over-forest_ek-balam_s23u_iso50-f2p2_20230918-160739_4000x3000.sdr.png	https://codec-corpus.r2.imazen.org/imazen-26-png-v3/1000-lilith-photos-general/1039_general_sun-over-forest_ek-balam_s23u_iso50-f2p2_20230918-160739_4000x3000.sdr.png
1040	train	1000-lilith-photos-general	sdr	1000-lilith-photos-general/1040_general_roller-coaster-ride_fuji-q-highland-fujikawaguchiko_s23u_iso50-f2p4_20231030-160417_3000x4000.sdr.png	https://codec-corpus.r2.imazen.org/imazen-26-png-v3/1000-lilith-photos-general/1040_general_roller-coaster-ride_fuji-q-highland-fujikawaguchiko_s23u_iso50-f2p4_20231030-160417_3000x4000.sdr.png
1042	train	1000-lilith-photos-general	sdr	1000-lilith-photos-general/1042_general_dragon-fountain-statue_monument-inochi-kyoto_s23u_iso100-f1p7_20231107-111520_4000x3000.sdr.png	https://codec-corpus.r2.imazen.org/imazen-26-png-v3/1000-lilith-photos-general/1042_general_dragon-fountain-statue_monument-inochi-kyoto_s23u_iso100-f1p7_20231107-111520_4000x3000.sdr.png
1043	train	1000-lilith-photos-general	sdr	1000-lilith-photos-general/1043_general_rows-of-flowering-plants_garden-fine-arts-kyoto_s23u_iso50-f2p4_20231107-134320_3000x4000.sdr.png	https://codec-corpus.r2.imazen.org/imazen-26-png-v3/1000-lilith-photos-general/1043_general_rows-of-flowering-plants_garden-fine-arts-kyoto_s23u_iso50-f2p4_20231107-134320_3000x4000.sdr.png
1044	train	1000-lilith-photos-general	sdr	1000-lilith-photos-general/1044_general_sticker-covered-wall-panel_gljufrabui-rangarthing-eystra_s23u_iso125-f1p7_20231206-150232_3000x4000.sdr.png	https://codec-corpus.r2.imazen.org/imazen-26-png-v3/1000-lilith-photos-general/1044_general_sticker-covered-wall-panel_gljufrabui-rangarthing-eystra_s23u_iso125-f1p7_20231206-150232_3000x4000.sdr.png
1045	train	1000-lilith-photos-general	sdr	1000-lilith-photos-general/1045_general_gemstones-in-wooden-bowls_tivoli-gardens-copenhagen_s23u_iso250-f1p7_20231212-185715_3000x4000.sdr.png	https://codec-corpus.r2.imazen.org/imazen-26-png-v3/1000-lilith-photos-general/1045_general_gemstones-in-wooden-bowls_tivoli-gardens-copenhagen_s23u_iso250-f1p7_20231212-185715_3000x4000.sdr.png
1046	train	1000-lilith-photos-general	sdr	1000-lilith-photos-general/1046_general_canal-night-cityscape_memorial-anchor-copenhagen_s23u_iso800-f2p4_20231213-173257_4000x3000.sdr.png	https://codec-corpus.r2.imazen.org/imazen-26-png-v3/1000-lilith-photos-general/1046_general_canal-night-cityscape_memorial-anchor-copenhagen_s23u_iso800-f2p4_20231213-173257_4000x3000.sdr.png
1047	train	1000-lilith-photos-general	sdr	1000-lilith-photos-general/1047_general_flowers-and-lit-candle_magasin-du-nord-museum-copenhagen_s23u_iso640-f2p4_20231213-182125_3000x4000.sdr.png	https://codec-corpus.r2.imazen.org/imazen-26-png-v3/1000-lilith-photos-general/1047_general_flowers-and-lit-candle_magasin-du-nord-museum-copenhagen_s23u_iso640-f2p4_20231213-182125_3000x4000.sdr.png
1048	train	1000-lilith-photos-general	sdr	1000-lilith-photos-general/1048_general_people-snowboarding-in-snow_colorado_s23u_iso12-f1p7_20240325-104900_3000x4000.sdr.png	https://codec-corpus.r2.imazen.org/imazen-26-png-v3/1000-lilith-photos-general/1048_general_people-snowboarding-in-snow_colorado_s23u_iso12-f1p7_20240325-104900_3000x4000.sdr.png
1049	train	1000-lilith-photos-general	sdr	1000-lilith-photos-general/1049_general_river-bridge-cityscape_louvre-palace-paris_s23u_iso50-f4p9_20240425-154623_4000x3000.sdr.png	https://codec-corpus.r2.imazen.org/imazen-26-png-v3/1000-lilith-photos-general/1049_general_river-bridge-cityscape_louvre-palace-paris_s23u_iso50-f4p9_20240425-154623_4000x3000.sdr.png
1050	train	1000-lilith-photos-general	sdr	1000-lilith-photos-general/1050_general_riverside-walkway-and-river_louvre-palace-paris_s23u_iso50-f2p2_20240425-154625_4000x3000.sdr.png	https://codec-corpus.r2.imazen.org/imazen-26-png-v3/1000-lilith-photos-general/1050_general_riverside-walkway-and-river_louvre-palace-paris_s23u_iso50-f2p2_20240425-154625_4000x3000.sdr.png
1052	train	1000-lilith-photos-general	sdr	1000-lilith-photos-general/1052_general_framed-building-painting_museum-orsay-paris_s23u_iso500-f2p4_20240425-185701_3000x4000.sdr.png	https://codec-corpus.r2.imazen.org/imazen-26-png-v3/1000-lilith-photos-general/1052_general_framed-building-painting_museum-orsay-paris_s23u_iso500-f2p4_20240425-185701_3000x4000.sdr.png
1053	train	1000-lilith-photos-general	sdr	1000-lilith-photos-general/1053_general_statue-in-arched-alcove_louvre-palace-paris_s23u_iso500-f2p2_20240426-175831_3000x4000.sdr.png	https://codec-corpus.r2.imazen.org/imazen-26-png-v3/1000-lilith-photos-general/1053_general_statue-in-arched-alcove_louvre-palace-paris_s23u_iso500-f2p2_20240426-175831_3000x4000.sdr.png
1054	train	1000-lilith-photos-general	sdr	1000-lilith-photos-general/1054_general_modern-art-museum-exterior-paris_s23u_iso10-f1p7_20240427-165529_3000x4000.sdr.png	https://codec-corpus.r2.imazen.org/imazen-26-png-v3/1000-lilith-photos-general/1054_general_modern-art-museum-exterior-paris_s23u_iso10-f1p7_20240427-165529_3000x4000.sdr.png
1055	train	1000-lilith-photos-general	sdr	1000-lilith-photos-general/1055_general_bread-and-coffee-table_blue-lagoon-grindavik_s23u_iso50-f2p2_20240429-174632_3000x4000.sdr.png	https://codec-corpus.r2.imazen.org/imazen-26-png-v3/1000-lilith-photos-general/1055_general_bread-and-coffee-table_blue-lagoon-grindavik_s23u_iso50-f2p2_20240429-174632_3000x4000.sdr.png
1056	train	1000-lilith-photos-general	sdr	1000-lilith-photos-general/1056_general_flower-bouquet-and-cards_colorado_s23u_iso80-f2p4_20240505-172513_3000x4000.sdr.png	https://codec-corpus.r2.imazen.org/imazen-26-png-v3/1000-lilith-photos-general/1056_general_flower-bouquet-and-cards_colorado_s23u_iso80-f2p4_20240505-172513_3000x4000.sdr.png
1057	train	1000-lilith-photos-general	sdr	1000-lilith-photos-general/1057_general_dragon-statue-in-garden_placa-pedro-infante-valladolid_s23u_iso640-f1p7_20240528-210945_3000x4000.sdr.png	https://codec-corpus.r2.imazen.org/imazen-26-png-v3/1000-lilith-photos-general/1057_general_dragon-statue-in-garden_placa-pedro-infante-valladolid_s23u_iso640-f1p7_20240528-210945_3000x4000.sdr.png
1058	train	1000-lilith-photos-general	sdr	1000-lilith-photos-general/1058_general_balcony-building-facade_waikiki-beach-east-honolulu_s23u_iso25-f1p7_20241104-163816_3000x4000.sdr.png	https://codec-corpus.r2.imazen.org/imazen-26-png-v3/1000-lilith-photos-general/1058_general_balcony-building-facade_waikiki-beach-east-honolulu_s23u_iso25-f1p7_20241104-163816_3000x4000.sdr.png
1059	train	1000-lilith-photos-general	sdr	1000-lilith-photos-general/1059_general_colorful-sailboat-sails_waikiki-mlcd-east-honolulu_s23u_iso10-f1p7_20241112-171358_2841x3788.sdr.png	https://codec-corpus.r2.imazen.org/imazen-26-png-v3/1000-lilith-photos-general/1059_general_colorful-sailboat-sails_waikiki-mlcd-east-honolulu_s23u_iso10-f1p7_20241112-171358_2841x3788.sdr.png
1060	train	1000-lilith-photos-general	sdr	1000-lilith-photos-general/1060_general_tiered-floral-cake_colorado_s23u_iso125-f1p7_20250202-141907_3000x4000.sdr.png	https://codec-corpus.r2.imazen.org/imazen-26-png-v3/1000-lilith-photos-general/1060_general_tiered-floral-cake_colorado_s23u_iso125-f1p7_20250202-141907_3000x4000.sdr.png
1061	train	1000-lilith-photos-general	sdr	1000-lilith-photos-general/1061_general_city-skyline-at-dusk_tokyo-skytree-sumida_s23u_iso320-f2p4_20250228-174759_4000x3000.sdr.png	https://codec-corpus.r2.imazen.org/imazen-26-png-v3/1000-lilith-photos-general/1061_general_city-skyline-at-dusk_tokyo-skytree-sumida_s23u_iso320-f2p4_20250228-174759_4000x3000.sdr.png
1062	train	1000-lilith-photos-general	sdr	1000-lilith-photos-general/1062_general_boat-on-water_numazu-japan_s23u_iso50-f2p2_20250307-173047_3000x4000.sdr.png	https://codec-corpus.r2.imazen.org/imazen-26-png-v3/1000-lilith-photos-general/1062_general_boat-on-water_numazu-japan_s23u_iso50-f2p2_20250307-173047_3000x4000.sdr.png
1063	train	1000-lilith-photos-general	sdr	1000-lilith-photos-general/1063_general_uefi-bios-boot-menu_colorado_s23u_iso640-f1p7_20250416-033546_4000x2763.sdr.png	https://codec-corpus.r2.imazen.org/imazen-26-png-v3/1000-lilith-photos-general/1063_general_uefi-bios-boot-menu_colorado_s23u_iso640-f1p7_20250416-033546_4000x2763.sdr.png
1064	train	1000-lilith-photos-general	hdr	1000-lilith-photos-general/1064_general_castle-bridge-moat_montjuic-castle-barcelona_zfold7_iso40-f1p7_20260315-175347_3000x4000.hdr.png	https://codec-corpus.r2.imazen.org/imazen-26-png-v3/1000-lilith-photos-general/1064_general_castle-bridge-moat_montjuic-castle-barcelona_zfold7_iso40-f1p7_20260315-175347_3000x4000.hdr.png
1064	train	1000-lilith-photos-general	sdr	1000-lilith-photos-general/1064_general_castle-bridge-moat_montjuic-castle-barcelona_zfold7_iso40-f1p7_20260315-175347_3000x4000.sdr.png	https://codec-corpus.r2.imazen.org/imazen-26-png-v3/1000-lilith-photos-general/1064_general_castle-bridge-moat_montjuic-castle-barcelona_zfold7_iso40-f1p7_20260315-175347_3000x4000.sdr.png
1065	train	1000-lilith-photos-general	hdr	1000-lilith-photos-general/1065_general_cathedral-model-workshop_sagrada-familia-barcelona_zfold7_iso64-f1p7_20260317-165822_3000x4000.hdr.png	https://codec-corpus.r2.imazen.org/imazen-26-png-v3/1000-lilith-photos-general/1065_general_cathedral-model-workshop_sagrada-familia-barcelona_zfold7_iso64-f1p7_20260317-165822_3000x4000.hdr.png
1065	train	1000-lilith-photos-general	sdr	1000-lilith-photos-general/1065_general_cathedral-model-workshop_sagrada-familia-barcelona_zfold7_iso64-f1p7_20260317-165822_3000x4000.sdr.png	https://codec-corpus.r2.imazen.org/imazen-26-png-v3/1000-lilith-photos-general/1065_general_cathedral-model-workshop_sagrada-familia-barcelona_zfold7_iso64-f1p7_20260317-165822_3000x4000.sdr.png
1068	train	1000-lilith-photos-general	sdr	1000-lilith-photos-general/1068_general_glowing-blue-glass-sphere_house-eternal-return-meow-wolf-santa-fe_ip8plus_iso100-f1p8_img-7632_3024x4032.sdr.png	https://codec-corpus.r2.imazen.org/imazen-26-png-v3/1000-lilith-photos-general/1068_general_glowing-blue-glass-sphere_house-eternal-return-meow-wolf-santa-fe_ip8plus_iso100-f1p8_img-7632_3024x4032.sdr.png
1069	train	1000-lilith-photos-general	hdr	1000-lilith-photos-general/1069_general_illuminated-castle-night_cinderella-castle-orange_ip13pro_iso500-f1p5_img-7653_2870x3827.hdr.png	https://codec-corpus.r2.imazen.org/imazen-26-png-v3/1000-lilith-photos-general/1069_general_illuminated-castle-night_cinderella-castle-orange_ip13pro_iso500-f1p5_img-7653_2870x3827.hdr.png
1069	train	1000-lilith-photos-general	sdr	1000-lilith-photos-general/1069_general_illuminated-castle-night_cinderella-castle-orange_ip13pro_iso500-f1p5_img-7653_2870x3827.sdr.png	https://codec-corpus.r2.imazen.org/imazen-26-png-v3/1000-lilith-photos-general/1069_general_illuminated-castle-night_cinderella-castle-orange_ip13pro_iso500-f1p5_img-7653_2870x3827.sdr.png
1070	train	1000-lilith-photos-general	hdr	1000-lilith-photos-general/1070_general_stone-temple-ruins_ip13pro_iso50-f1p5_img-8852_4032x3024.hdr.png	https://codec-corpus.r2.imazen.org/imazen-26-png-v3/1000-lilith-photos-general/1070_general_stone-temple-ruins_ip13pro_iso50-f1p5_img-8852_4032x3024.hdr.png
1070	train	1000-lilith-photos-general	sdr	1000-lilith-photos-general/1070_general_stone-temple-ruins_ip13pro_iso50-f1p5_img-8852_4032x3024.sdr.png	https://codec-corpus.r2.imazen.org/imazen-26-png-v3/1000-lilith-photos-general/1070_general_stone-temple-ruins_ip13pro_iso50-f1p5_img-8852_4032x3024.sdr.png
1071	train	1000-lilith-photos-general	sdr	1000-lilith-photos-general/1071_general_illuminated-castle-night_flight-hippogriff-orlando_ip8plus_iso160-f1p8_img-9988_4032x3024.sdr.png	https://codec-corpus.r2.imazen.org/imazen-26-png-v3/1000-lilith-photos-general/1071_general_illuminated-castle-night_flight-hippogriff-orlando_ip8plus_iso160-f1p8_img-9988_4032x3024.sdr.png
1200	train	1200-lilith-interiors	sdr	1200-lilith-interiors/1200_interiors_reflective-egg-sculptures_s23u_iso10-f1p7_20230704-121114_4000x3000.sdr.png	https://codec-corpus.r2.imazen.org/imazen-26-png-v3/1200-lilith-interiors/1200_interiors_reflective-egg-sculptures_s23u_iso10-f1p7_20230704-121114_4000x3000.sdr.png
1201	train	1200-lilith-interiors	sdr	1200-lilith-interiors/1201_interiors_bar-sign-outside-window_shinjuku-2-shinjuku-japan_s23u_iso12-f1p7_20230706-124619_3000x4000.sdr.png	https://codec-corpus.r2.imazen.org/imazen-26-png-v3/1200-lilith-interiors/1201_interiors_bar-sign-outside-window_shinjuku-2-shinjuku-japan_s23u_iso12-f1p7_20230706-124619_3000x4000.sdr.png
1203	train	1200-lilith-interiors	sdr	1200-lilith-interiors/1203_interiors_person-in-room_belltown-seattle-washington_s23u_iso800-f1p7_20230727-165257_4000x3000.sdr.png	https://codec-corpus.r2.imazen.org/imazen-26-png-v3/1200-lilith-interiors/1203_interiors_person-in-room_belltown-seattle-washington_s23u_iso800-f1p7_20230727-165257_4000x3000.sdr.png
1204	train	1200-lilith-interiors	sdr	1200-lilith-interiors/1204_interiors_rustic-outdoor-dining-area_s23u_iso125-f2p2_20230915-124518_3000x4000.sdr.png	https://codec-corpus.r2.imazen.org/imazen-26-png-v3/1200-lilith-interiors/1204_interiors_rustic-outdoor-dining-area_s23u_iso125-f2p2_20230915-124518_3000x4000.sdr.png
1205	train	1200-lilith-interiors	sdr	1200-lilith-interiors/1205_interiors_modern-living-room_tulum-mexico_s23u_iso160-f1p7_20230917-114545_3000x4000.sdr.png	https://codec-corpus.r2.imazen.org/imazen-26-png-v3/1200-lilith-interiors/1205_interiors_modern-living-room_tulum-mexico_s23u_iso160-f1p7_20230917-114545_3000x4000.sdr.png
1206	train	1200-lilith-interiors	sdr	1200-lilith-interiors/1206_interiors_tree-like-sculpture-ceiling_azulik-city-arts-francisco-uh-may_s23u_iso80-f2p2_20230917-143302_3000x4000.sdr.png	https://codec-corpus.r2.imazen.org/imazen-26-png-v3/1200-lilith-interiors/1206_interiors_tree-like-sculpture-ceiling_azulik-city-arts-francisco-uh-may_s23u_iso80-f2p2_20230917-143302_3000x4000.sdr.png
1207	train	1200-lilith-interiors	sdr	1200-lilith-interiors/1207_interiors_bedroom-with-bed_hotel-zentik-project-valladolid_s23u_iso1600-f1p7_20230917-183439_4000x3000.sdr.png	https://codec-corpus.r2.imazen.org/imazen-26-png-v3/1200-lilith-interiors/1207_interiors_bedroom-with-bed_hotel-zentik-project-valladolid_s23u_iso1600-f1p7_20230917-183439_4000x3000.sdr.png
1208	train	1200-lilith-interiors	sdr	1200-lilith-interiors/1208_interiors_woven-hammock-by-beach_hotel-zentik-project-valladolid_s23u_iso20-f1p7_20230918-110558_3000x4000.sdr.png	https://codec-corpus.r2.imazen.org/imazen-26-png-v3/1200-lilith-interiors/1208_interiors_woven-hammock-by-beach_hotel-zentik-project-valladolid_s23u_iso20-f1p7_20230918-110558_3000x4000.sdr.png
1210	train	1200-lilith-interiors	sdr	1200-lilith-interiors/1210_interiors_sunlit-living-room_square-du-temple-elie-wiesel-paris_s23u_iso100-f1p7_20240421-153756_3000x4000.sdr.png	https://codec-corpus.r2.imazen.org/imazen-26-png-v3/1200-lilith-interiors/1210_interiors_sunlit-living-room_square-du-temple-elie-wiesel-paris_s23u_iso100-f1p7_20240421-153756_3000x4000.sdr.png
1211	train	1200-lilith-interiors	sdr	1200-lilith-interiors/1211_interiors_ornate-chandelier-ceiling_s23u_iso160-f2p4_20240423-192716_4000x3000.sdr.png	https://codec-corpus.r2.imazen.org/imazen-26-png-v3/1200-lilith-interiors/1211_interiors_ornate-chandelier-ceiling_s23u_iso160-f2p4_20240423-192716_4000x3000.sdr.png
1212	train	1200-lilith-interiors	sdr	1200-lilith-interiors/1212_interiors_ornate-ceiling-mural_opera-garnier-paris_s23u_iso800-f1p7_20240423-220507_3000x4000.sdr.png	https://codec-corpus.r2.imazen.org/imazen-26-png-v3/1200-lilith-interiors/1212_interiors_ornate-ceiling-mural_opera-garnier-paris_s23u_iso800-f1p7_20240423-220507_3000x4000.sdr.png
1213	train	1200-lilith-interiors	sdr	1200-lilith-interiors/1213_interiors_ornate-painted-ceiling_opera-garnier-paris_s23u_iso800-f2p4_20240423-220536_3000x4000.sdr.png	https://codec-corpus.r2.imazen.org/imazen-26-png-v3/1200-lilith-interiors/1213_interiors_ornate-painted-ceiling_opera-garnier-paris_s23u_iso800-f2p4_20240423-220536_3000x4000.sdr.png
1214	train	1200-lilith-interiors	sdr	1200-lilith-interiors/1214_interiors_ornate-painted-ceiling_queen-s-grand-apartment-versailles_s23u_iso80-f2p2_20240424-123020_3000x3556.sdr.png	https://codec-corpus.r2.imazen.org/imazen-26-png-v3/1200-lilith-interiors/1214_interiors_ornate-painted-ceiling_queen-s-grand-apartment-versailles_s23u_iso80-f2p2_20240424-123020_3000x3556.sdr.png
1215	train	1200-lilith-interiors	sdr	1200-lilith-interiors/1215_interiors_living-room-interior_square-du-temple-elie-wiesel-paris_s23u_iso25-f1p7_20240429-114925_3000x4000.sdr.png	https://codec-corpus.r2.imazen.org/imazen-26-png-v3/1200-lilith-interiors/1215_interiors_living-room-interior_square-du-temple-elie-wiesel-paris_s23u_iso25-f1p7_20240429-114925_3000x4000.sdr.png
1216	train	1200-lilith-interiors	sdr	1200-lilith-interiors/1216_interiors_ornate-standing-mirror_square-du-temple-elie-wiesel-paris_s23u_iso200-f1p7_20240429-114934-1_3000x4000.sdr.png	https://codec-corpus.r2.imazen.org/imazen-26-png-v3/1200-lilith-interiors/1216_interiors_ornate-standing-mirror_square-du-temple-elie-wiesel-paris_s23u_iso200-f1p7_20240429-114934-1_3000x4000.sdr.png
1217	train	1200-lilith-interiors	sdr	1200-lilith-interiors/1217_interiors_modern-lounge-seating-area_s23u_iso640-f1p7_20240429-231830_3000x4000.sdr.png	https://codec-corpus.r2.imazen.org/imazen-26-png-v3/1200-lilith-interiors/1217_interiors_modern-lounge-seating-area_s23u_iso640-f1p7_20240429-231830_3000x4000.sdr.png
1218	train	1200-lilith-interiors	sdr	1200-lilith-interiors/1218_interiors_bathroom-sinks-mirror_las-5-calles-valladolid_s23u_iso320-f1p7_20240529-081045_3000x4000.sdr.png	https://codec-corpus.r2.imazen.org/imazen-26-png-v3/1200-lilith-interiors/1218_interiors_bathroom-sinks-mirror_las-5-calles-valladolid_s23u_iso320-f1p7_20240529-081045_3000x4000.sdr.png
1219	train	1200-lilith-interiors	sdr	1200-lilith-interiors/1219_interiors_kitchen-dining-area_las-5-calles-valladolid_s23u_iso160-f1p7_20240529-081209_3000x4000.sdr.png	https://codec-corpus.r2.imazen.org/imazen-26-png-v3/1200-lilith-interiors/1219_interiors_kitchen-dining-area_las-5-calles-valladolid_s23u_iso160-f1p7_20240529-081209_3000x4000.sdr.png
1220	train	1200-lilith-interiors	sdr	1200-lilith-interiors/1220_interiors_tree-covered-walkway_azulik-city-arts-francisco-uh-may_s23u_iso400-f2p2_20240601-153248_3000x4000.sdr.png	https://codec-corpus.r2.imazen.org/imazen-26-png-v3/1200-lilith-interiors/1220_interiors_tree-covered-walkway_azulik-city-arts-francisco-uh-may_s23u_iso400-f2p2_20240601-153248_3000x4000.sdr.png
1221	train	1200-lilith-interiors	sdr	1200-lilith-interiors/1221_interiors_hotel-room-bed_hilton-waikiki-beach-east-honolulu_s23u_iso100-f1p7_20241107-134702_3000x4000.sdr.png	https://codec-corpus.r2.imazen.org/imazen-26-png-v3/1200-lilith-interiors/1221_interiors_hotel-room-bed_hilton-waikiki-beach-east-honolulu_s23u_iso100-f1p7_20241107-134702_3000x4000.sdr.png
1222	train	1200-lilith-interiors	sdr	1200-lilith-interiors/1222_interiors_japanese-style-room_tatsuta-izu_s23u_iso320-f2p2_20250304-160906_4000x3000.sdr.png	https://codec-corpus.r2.imazen.org/imazen-26-png-v3/1200-lilith-interiors/1222_interiors_japanese-style-room_tatsuta-izu_s23u_iso320-f2p2_20250304-160906_4000x3000.sdr.png
1223	train	1200-lilith-interiors	sdr	1200-lilith-interiors/1223_interiors_ocean-view-dining-room_monument-wakayama-bokusui-s-poem-shimoda_s23u_iso20-f1p7_20250306-090336_4000x3000.sdr.png	https://codec-corpus.r2.imazen.org/imazen-26-png-v3/1200-lilith-interiors/1223_interiors_ocean-view-dining-room_monument-wakayama-bokusui-s-poem-shimoda_s23u_iso20-f1p7_20250306-090336_4000x3000.sdr.png
1224	train	1200-lilith-interiors	sdr	1200-lilith-interiors/1224_interiors_screened-porch-ocean-view_minamiizu-japan_s23u_iso16-f1p7_20250306-162953_4000x3000.sdr.png	https://codec-corpus.r2.imazen.org/imazen-26-png-v3/1200-lilith-interiors/1224_interiors_screened-porch-ocean-view_minamiizu-japan_s23u_iso16-f1p7_20250306-162953_4000x3000.sdr.png
1225	train	1200-lilith-interiors	sdr	1200-lilith-interiors/1225_interiors_kitchen-appliances-overhead_minamiizu-japan_s23u_iso200-f1p7_20250307-112014_3000x4000.sdr.png	https://codec-corpus.r2.imazen.org/imazen-26-png-v3/1200-lilith-interiors/1225_interiors_kitchen-appliances-overhead_minamiizu-japan_s23u_iso200-f1p7_20250307-112014_3000x4000.sdr.png
1226	train	1200-lilith-interiors	sdr	1200-lilith-interiors/1226_interiors_hotel-lobby-interior_mt-awashima-numazu_s23u_iso250-f2p2_20250307-195449_4000x3000.sdr.png	https://codec-corpus.r2.imazen.org/imazen-26-png-v3/1200-lilith-interiors/1226_interiors_hotel-lobby-interior_mt-awashima-numazu_s23u_iso250-f2p2_20250307-195449_4000x3000.sdr.png
1227	train	1200-lilith-interiors	hdr	1200-lilith-interiors/1227_interiors_stained-glass-window_casa-batllo-barcelona_zfold7_iso1600-f1p7_20260315-205230_3000x4000.hdr.png	https://codec-corpus.r2.imazen.org/imazen-26-png-v3/1200-lilith-interiors/1227_interiors_stained-glass-window_casa-batllo-barcelona_zfold7_iso1600-f1p7_20260315-205230_3000x4000.hdr.png
1227	train	1200-lilith-interiors	sdr	1200-lilith-interiors/1227_interiors_stained-glass-window_casa-batllo-barcelona_zfold7_iso1600-f1p7_20260315-205230_3000x4000.sdr.png	https://codec-corpus.r2.imazen.org/imazen-26-png-v3/1200-lilith-interiors/1227_interiors_stained-glass-window_casa-batllo-barcelona_zfold7_iso1600-f1p7_20260315-205230_3000x4000.sdr.png
1228	train	1200-lilith-interiors	hdr	1200-lilith-interiors/1228_interiors_stained-glass-windows_casa-batllo-barcelona_zfold7_iso2500-f1p7_20260315-205328_4000x3000.hdr.png	https://codec-corpus.r2.imazen.org/imazen-26-png-v3/1200-lilith-interiors/1228_interiors_stained-glass-windows_casa-batllo-barcelona_zfold7_iso2500-f1p7_20260315-205328_4000x3000.hdr.png
1228	train	1200-lilith-interiors	sdr	1200-lilith-interiors/1228_interiors_stained-glass-windows_casa-batllo-barcelona_zfold7_iso2500-f1p7_20260315-205328_4000x3000.sdr.png	https://codec-corpus.r2.imazen.org/imazen-26-png-v3/1200-lilith-interiors/1228_interiors_stained-glass-windows_casa-batllo-barcelona_zfold7_iso2500-f1p7_20260315-205328_4000x3000.sdr.png
1230	train	1200-lilith-interiors	hdr	1200-lilith-interiors/1230_interiors_empty-tiled-pool_casa-batllo-barcelona_zfold7_iso640-f1p7_20260315-210432_3000x4000.hdr.png	https://codec-corpus.r2.imazen.org/imazen-26-png-v3/1200-lilith-interiors/1230_interiors_empty-tiled-pool_casa-batllo-barcelona_zfold7_iso640-f1p7_20260315-210432_3000x4000.hdr.png
1230	train	1200-lilith-interiors	sdr	1200-lilith-interiors/1230_interiors_empty-tiled-pool_casa-batllo-barcelona_zfold7_iso640-f1p7_20260315-210432_3000x4000.sdr.png	https://codec-corpus.r2.imazen.org/imazen-26-png-v3/1200-lilith-interiors/1230_interiors_empty-tiled-pool_casa-batllo-barcelona_zfold7_iso640-f1p7_20260315-210432_3000x4000.sdr.png
1231	train	1200-lilith-interiors	hdr	1200-lilith-interiors/1231_interiors_tiled-arched-interior_casa-batllo-barcelona_zfold7_iso640-f2p2_20260315-211323_4000x2252.hdr.png	https://codec-corpus.r2.imazen.org/imazen-26-png-v3/1200-lilith-interiors/1231_interiors_tiled-arched-interior_casa-batllo-barcelona_zfold7_iso640-f2p2_20260315-211323_4000x2252.hdr.png
1231	train	1200-lilith-interiors	sdr	1200-lilith-interiors/1231_interiors_tiled-arched-interior_casa-batllo-barcelona_zfold7_iso640-f2p2_20260315-211323_4000x2252.sdr.png	https://codec-corpus.r2.imazen.org/imazen-26-png-v3/1200-lilith-interiors/1231_interiors_tiled-arched-interior_casa-batllo-barcelona_zfold7_iso640-f2p2_20260315-211323_4000x2252.sdr.png
1232	train	1200-lilith-interiors	hdr	1200-lilith-interiors/1232_interiors_stained-glass-windows_sagrada-familia-barcelona_zfold7_iso400-f1p7_20260317-144409_3000x4000.hdr.png	https://codec-corpus.r2.imazen.org/imazen-26-png-v3/1200-lilith-interiors/1232_interiors_stained-glass-windows_sagrada-familia-barcelona_zfold7_iso400-f1p7_20260317-144409_3000x4000.hdr.png
1232	train	1200-lilith-interiors	sdr	1200-lilith-interiors/1232_interiors_stained-glass-windows_sagrada-familia-barcelona_zfold7_iso400-f1p7_20260317-144409_3000x4000.sdr.png	https://codec-corpus.r2.imazen.org/imazen-26-png-v3/1200-lilith-interiors/1232_interiors_stained-glass-windows_sagrada-familia-barcelona_zfold7_iso400-f1p7_20260317-144409_3000x4000.sdr.png
1233	train	1200-lilith-interiors	hdr	1200-lilith-interiors/1233_interiors_cathedral-ceiling-interior_sagrada-familia-barcelona_zfold7_iso250-f2p2_20260317-151912_4000x3000.hdr.png	https://codec-corpus.r2.imazen.org/imazen-26-png-v3/1200-lilith-interiors/1233_interiors_cathedral-ceiling-interior_sagrada-familia-barcelona_zfold7_iso250-f2p2_20260317-151912_4000x3000.hdr.png
1233	train	1200-lilith-interiors	sdr	1200-lilith-interiors/1233_interiors_cathedral-ceiling-interior_sagrada-familia-barcelona_zfold7_iso250-f2p2_20260317-151912_4000x3000.sdr.png	https://codec-corpus.r2.imazen.org/imazen-26-png-v3/1200-lilith-interiors/1233_interiors_cathedral-ceiling-interior_sagrada-familia-barcelona_zfold7_iso250-f2p2_20260317-151912_4000x3000.sdr.png
1235	train	1200-lilith-interiors	hdr	1200-lilith-interiors/1235_interiors_floral-wall-mural_casa-vicens-barcelona_zfold7_iso1600-f1p7_20260319-165522_3000x4000.hdr.png	https://codec-corpus.r2.imazen.org/imazen-26-png-v3/1200-lilith-interiors/1235_interiors_floral-wall-mural_casa-vicens-barcelona_zfold7_iso1600-f1p7_20260319-165522_3000x4000.hdr.png
1235	train	1200-lilith-interiors	sdr	1200-lilith-interiors/1235_interiors_floral-wall-mural_casa-vicens-barcelona_zfold7_iso1600-f1p7_20260319-165522_3000x4000.sdr.png	https://codec-corpus.r2.imazen.org/imazen-26-png-v3/1200-lilith-interiors/1235_interiors_floral-wall-mural_casa-vicens-barcelona_zfold7_iso1600-f1p7_20260319-165522_3000x4000.sdr.png
1236	train	1200-lilith-interiors	hdr	1200-lilith-interiors/1236_interiors_ornate-arched-interior_casa-vicens-barcelona_zfold7_iso400-f2p2_20260319-165702_3000x4000.hdr.png	https://codec-corpus.r2.imazen.org/imazen-26-png-v3/1200-lilith-interiors/1236_interiors_ornate-arched-interior_casa-vicens-barcelona_zfold7_iso400-f2p2_20260319-165702_3000x4000.hdr.png
1236	train	1200-lilith-interiors	sdr	1200-lilith-interiors/1236_interiors_ornate-arched-interior_casa-vicens-barcelona_zfold7_iso400-f2p2_20260319-165702_3000x4000.sdr.png	https://codec-corpus.r2.imazen.org/imazen-26-png-v3/1200-lilith-interiors/1236_interiors_ornate-arched-interior_casa-vicens-barcelona_zfold7_iso400-f2p2_20260319-165702_3000x4000.sdr.png
1237	train	1200-lilith-interiors	hdr	1200-lilith-interiors/1237_interiors_person-standing-by-window_casa-vicens-barcelona_zfold7_iso800-f2p2_20260319-170017_3000x4000.hdr.png	https://codec-corpus.r2.imazen.org/imazen-26-png-v3/1200-lilith-interiors/1237_interiors_person-standing-by-window_casa-vicens-barcelona_zfold7_iso800-f2p2_20260319-170017_3000x4000.hdr.png
1237	train	1200-lilith-interiors	sdr	1200-lilith-interiors/1237_interiors_person-standing-by-window_casa-vicens-barcelona_zfold7_iso800-f2p2_20260319-170017_3000x4000.sdr.png	https://codec-corpus.r2.imazen.org/imazen-26-png-v3/1200-lilith-interiors/1237_interiors_person-standing-by-window_casa-vicens-barcelona_zfold7_iso800-f2p2_20260319-170017_3000x4000.sdr.png
1238	train	1200-lilith-interiors	hdr	1200-lilith-interiors/1238_interiors_open-doorway-interior_casa-vicens-barcelona_zfold7_iso250-f2p2_20260319-170237_3000x4000.hdr.png	https://codec-corpus.r2.imazen.org/imazen-26-png-v3/1200-lilith-interiors/1238_interiors_open-doorway-interior_casa-vicens-barcelona_zfold7_iso250-f2p2_20260319-170237_3000x4000.hdr.png
1238	train	1200-lilith-interiors	sdr	1200-lilith-interiors/1238_interiors_open-doorway-interior_casa-vicens-barcelona_zfold7_iso250-f2p2_20260319-170237_3000x4000.sdr.png	https://codec-corpus.r2.imazen.org/imazen-26-png-v3/1200-lilith-interiors/1238_interiors_open-doorway-interior_casa-vicens-barcelona_zfold7_iso250-f2p2_20260319-170237_3000x4000.sdr.png
1239	train	1200-lilith-interiors	hdr	1200-lilith-interiors/1239_interiors_decorative-coffered-ceiling_casa-vicens-barcelona_zfold7_iso800-f2p2_20260319-170252_4000x3000.hdr.png	https://codec-corpus.r2.imazen.org/imazen-26-png-v3/1200-lilith-interiors/1239_interiors_decorative-coffered-ceiling_casa-vicens-barcelona_zfold7_iso800-f2p2_20260319-170252_4000x3000.hdr.png
1239	train	1200-lilith-interiors	sdr	1200-lilith-interiors/1239_interiors_decorative-coffered-ceiling_casa-vicens-barcelona_zfold7_iso800-f2p2_20260319-170252_4000x3000.sdr.png	https://codec-corpus.r2.imazen.org/imazen-26-png-v3/1200-lilith-interiors/1239_interiors_decorative-coffered-ceiling_casa-vicens-barcelona_zfold7_iso800-f2p2_20260319-170252_4000x3000.sdr.png
1240	train	1200-lilith-interiors	hdr	1200-lilith-interiors/1240_interiors_bathroom-with-bathtub_casa-vicens-barcelona_zfold7_iso1000-f2p2_20260319-170336_3000x4000.hdr.png	https://codec-corpus.r2.imazen.org/imazen-26-png-v3/1200-lilith-interiors/1240_interiors_bathroom-with-bathtub_casa-vicens-barcelona_zfold7_iso1000-f2p2_20260319-170336_3000x4000.hdr.png
1240	train	1200-lilith-interiors	sdr	1200-lilith-interiors/1240_interiors_bathroom-with-bathtub_casa-vicens-barcelona_zfold7_iso1000-f2p2_20260319-170336_3000x4000.sdr.png	https://codec-corpus.r2.imazen.org/imazen-26-png-v3/1200-lilith-interiors/1240_interiors_bathroom-with-bathtub_casa-vicens-barcelona_zfold7_iso1000-f2p2_20260319-170336_3000x4000.sdr.png
1241	train	1200-lilith-interiors	hdr	1200-lilith-interiors/1241_interiors_living-room-sofa_la-pedrera-barcelona_zfold7_iso1000-f1p7_20260319-183640_3000x4000.hdr.png	https://codec-corpus.r2.imazen.org/imazen-26-png-v3/1200-lilith-interiors/1241_interiors_living-room-sofa_la-pedrera-barcelona_zfold7_iso1000-f1p7_20260319-183640_3000x4000.hdr.png
1241	train	1200-lilith-interiors	sdr	1200-lilith-interiors/1241_interiors_living-room-sofa_la-pedrera-barcelona_zfold7_iso1000-f1p7_20260319-183640_3000x4000.sdr.png	https://codec-corpus.r2.imazen.org/imazen-26-png-v3/1200-lilith-interiors/1241_interiors_living-room-sofa_la-pedrera-barcelona_zfold7_iso1000-f1p7_20260319-183640_3000x4000.sdr.png
1243	train	1200-lilith-interiors	hdr	1200-lilith-interiors/1243_interiors_vintage-living-room_la-pedrera-barcelona_zfold7_iso400-f2p2_20260319-183921_3000x4000.hdr.png	https://codec-corpus.r2.imazen.org/imazen-26-png-v3/1200-lilith-interiors/1243_interiors_vintage-living-room_la-pedrera-barcelona_zfold7_iso400-f2p2_20260319-183921_3000x4000.hdr.png
1243	train	1200-lilith-interiors	sdr	1200-lilith-interiors/1243_interiors_vintage-living-room_la-pedrera-barcelona_zfold7_iso400-f2p2_20260319-183921_3000x4000.sdr.png	https://codec-corpus.r2.imazen.org/imazen-26-png-v3/1200-lilith-interiors/1243_interiors_vintage-living-room_la-pedrera-barcelona_zfold7_iso400-f2p2_20260319-183921_3000x4000.sdr.png
1244	train	1200-lilith-interiors	hdr	1200-lilith-interiors/1244_interiors_painted-ceiling-columns_la-pedrera-barcelona_zfold7_iso800-f1p7_20260319-194130_3000x4000.hdr.png	https://codec-corpus.r2.imazen.org/imazen-26-png-v3/1200-lilith-interiors/1244_interiors_painted-ceiling-columns_la-pedrera-barcelona_zfold7_iso800-f1p7_20260319-194130_3000x4000.hdr.png
1244	train	1200-lilith-interiors	sdr	1200-lilith-interiors/1244_interiors_painted-ceiling-columns_la-pedrera-barcelona_zfold7_iso800-f1p7_20260319-194130_3000x4000.sdr.png	https://codec-corpus.r2.imazen.org/imazen-26-png-v3/1200-lilith-interiors/1244_interiors_painted-ceiling-columns_la-pedrera-barcelona_zfold7_iso800-f1p7_20260319-194130_3000x4000.sdr.png
1245	train	1200-lilith-interiors	hdr	1200-lilith-interiors/1245_interiors_circular-building-interior_la-pedrera-barcelona_zfold7_iso1000-f2p2_20260319-194139_4000x3000.hdr.png	https://codec-corpus.r2.imazen.org/imazen-26-png-v3/1200-lilith-interiors/1245_interiors_circular-building-interior_la-pedrera-barcelona_zfold7_iso1000-f2p2_20260319-194139_4000x3000.hdr.png
1245	train	1200-lilith-interiors	sdr	1200-lilith-interiors/1245_interiors_circular-building-interior_la-pedrera-barcelona_zfold7_iso1000-f2p2_20260319-194139_4000x3000.sdr.png	https://codec-corpus.r2.imazen.org/imazen-26-png-v3/1200-lilith-interiors/1245_interiors_circular-building-interior_la-pedrera-barcelona_zfold7_iso1000-f2p2_20260319-194139_4000x3000.sdr.png
1246	train	1200-lilith-interiors	hdr	1200-lilith-interiors/1246_interiors_woven-roof-structure_azulik-city-arts-francisco-uh-may_ip13pro_iso32-f1p8_img-8944_4032x3024.hdr.png	https://codec-corpus.r2.imazen.org/imazen-26-png-v3/1200-lilith-interiors/1246_interiors_woven-roof-structure_azulik-city-arts-francisco-uh-may_ip13pro_iso32-f1p8_img-8944_4032x3024.hdr.png
1246	train	1200-lilith-interiors	sdr	1200-lilith-interiors/1246_interiors_woven-roof-structure_azulik-city-arts-francisco-uh-may_ip13pro_iso32-f1p8_img-8944_4032x3024.sdr.png	https://codec-corpus.r2.imazen.org/imazen-26-png-v3/1200-lilith-interiors/1246_interiors_woven-roof-structure_azulik-city-arts-francisco-uh-may_ip13pro_iso32-f1p8_img-8944_4032x3024.sdr.png
1247	train	1200-lilith-interiors	sdr	1200-lilith-interiors/1247_interiors_hotel-lobby-interior_screenshot-20260526-073738-photos_1966x1527.sdr.png	https://codec-corpus.r2.imazen.org/imazen-26-png-v3/1200-lilith-interiors/1247_interiors_hotel-lobby-interior_screenshot-20260526-073738-photos_1966x1527.sdr.png
1248	train	1200-lilith-interiors	sdr	1200-lilith-interiors/1248_interiors_stone-staircase-tunnel_screenshot-20260526-075919-gallery_1638x2116.sdr.png	https://codec-corpus.r2.imazen.org/imazen-26-png-v3/1200-lilith-interiors/1248_interiors_stone-staircase-tunnel_screenshot-20260526-075919-gallery_1638x2116.sdr.png
1400	train	1400-lilith-nature	sdr	1400-lilith-nature/1400_nature_snowy-mountain-landscape_colorado_s10_iso50-f2p2_20200226-105616_4608x3456.sdr.png	https://codec-corpus.r2.imazen.org/imazen-26-png-v3/1400-lilith-nature/1400_nature_snowy-mountain-landscape_colorado_s10_iso50-f2p2_20200226-105616_4608x3456.sdr.png
1401	train	1400-lilith-nature	sdr	1400-lilith-nature/1401_nature_dolphin-in-ocean_ala-moana-east-honolulu-hawaii_s21u_iso50-f2p4_20210605-072339_4000x3000.sdr.png	https://codec-corpus.r2.imazen.org/imazen-26-png-v3/1400-lilith-nature/1401_nature_dolphin-in-ocean_ala-moana-east-honolulu-hawaii_s21u_iso50-f2p4_20210605-072339_4000x3000.sdr.png
1403	train	1400-lilith-nature	sdr	1400-lilith-nature/1403_nature_large-tree-canopy_honolulu-zoo-east-honolulu_s21u_iso50-f2p2_20210605-154933-3_4000x3000.sdr.png	https://codec-corpus.r2.imazen.org/imazen-26-png-v3/1400-lilith-nature/1403_nature_large-tree-canopy_honolulu-zoo-east-honolulu_s21u_iso50-f2p2_20210605-154933-3_4000x3000.sdr.png
1405	train	1400-lilith-nature	sdr	1400-lilith-nature/1405_nature_sea-cave-waves_keawaiki-bay-hana_s21u_iso16-f1p8_20210608-123424_4000x3000.sdr.png	https://codec-corpus.r2.imazen.org/imazen-26-png-v3/1400-lilith-nature/1405_nature_sea-cave-waves_keawaiki-bay-hana_s21u_iso16-f1p8_20210608-123424_4000x3000.sdr.png
1406	train	1400-lilith-nature	sdr	1400-lilith-nature/1406_nature_tropical-coastline-bay_waianapanapa-state-park-hana_s21u_iso50-f2p2_20210608-132330_4000x2252.sdr.png	https://codec-corpus.r2.imazen.org/imazen-26-png-v3/1400-lilith-nature/1406_nature_tropical-coastline-bay_waianapanapa-state-park-hana_s21u_iso50-f2p2_20210608-132330_4000x2252.sdr.png
1407	train	1400-lilith-nature	sdr	1400-lilith-nature/1407_nature_rocky-coastline-ocean_20210608-132404-2_8160x6120.sdr.png	https://codec-corpus.r2.imazen.org/imazen-26-png-v3/1400-lilith-nature/1407_nature_rocky-coastline-ocean_20210608-132404-2_8160x6120.sdr.png
1408	train	1400-lilith-nature	sdr	1400-lilith-nature/1408_nature_coastal-cliff-road_maui-hawaii_s21u_iso16-f1p8_20210608-162813_4000x3000.sdr.png	https://codec-corpus.r2.imazen.org/imazen-26-png-v3/1400-lilith-nature/1408_nature_coastal-cliff-road_maui-hawaii_s21u_iso16-f1p8_20210608-162813_4000x3000.sdr.png
1409	train	1400-lilith-nature	sdr	1400-lilith-nature/1409_nature_rainbow-over-landscape_maui-hawaii_s21u_iso16-f1p8_20210608-165509_4000x3000.sdr.png	https://codec-corpus.r2.imazen.org/imazen-26-png-v3/1400-lilith-nature/1409_nature_rainbow-over-landscape_maui-hawaii_s21u_iso16-f1p8_20210608-165509_4000x3000.sdr.png
1410	train	1400-lilith-nature	sdr	1400-lilith-nature/1410_nature_coastal-road-view_maui-hawaii_s21u_iso50-f2p4_20210608-170946_4000x3000.sdr.png	https://codec-corpus.r2.imazen.org/imazen-26-png-v3/1400-lilith-nature/1410_nature_coastal-road-view_maui-hawaii_s21u_iso50-f2p4_20210608-170946_4000x3000.sdr.png
1412	train	1400-lilith-nature	sdr	1400-lilith-nature/1412_nature_mountain-stream-forest_s21u_iso50-f2p4_20210707-140102_4000x3000.sdr.png	https://codec-corpus.r2.imazen.org/imazen-26-png-v3/1400-lilith-nature/1412_nature_mountain-stream-forest_s21u_iso50-f2p4_20210707-140102_4000x3000.sdr.png
1414	train	1400-lilith-nature	sdr	1400-lilith-nature/1414_nature_forest-lake-landscape_mason-washington_s21u_iso50-f2p2_20220616-102219_4000x3000.sdr.png	https://codec-corpus.r2.imazen.org/imazen-26-png-v3/1400-lilith-nature/1414_nature_forest-lake-landscape_mason-washington_s21u_iso50-f2p2_20220616-102219_4000x3000.sdr.png
1415	train	1400-lilith-nature	sdr	1400-lilith-nature/1415_nature_tropical-coastline-view_kee-beach-kauai_s21u_iso16-f1p8_20221001-133315-1_12000x9000.sdr.png	https://codec-corpus.r2.imazen.org/imazen-26-png-v3/1400-lilith-nature/1415_nature_tropical-coastline-view_kee-beach-kauai_s21u_iso16-f1p8_20221001-133315-1_12000x9000.sdr.png
1416	train	1400-lilith-nature	sdr	1400-lilith-nature/1416_nature_ocean-sunset-silhouette_keauhou-kahaluu-heritage-center-kahaluu-keauhou_s21u_iso50-f4p9_20221031-174022_4000x3000.sdr.png	https://codec-corpus.r2.imazen.org/imazen-26-png-v3/1400-lilith-nature/1416_nature_ocean-sunset-silhouette_keauhou-kahaluu-heritage-center-kahaluu-keauhou_s21u_iso50-f4p9_20221031-174022_4000x3000.sdr.png
1417	train	1400-lilith-nature	sdr	1400-lilith-nature/1417_nature_person-snowboarding-downhill_colorado_s21u_iso50-f2p2_20230129-121215_3000x4000.sdr.png	https://codec-corpus.r2.imazen.org/imazen-26-png-v3/1400-lilith-nature/1417_nature_person-snowboarding-downhill_colorado_s21u_iso50-f2p2_20230129-121215_3000x4000.sdr.png
1418	train	1400-lilith-nature	sdr	1400-lilith-nature/1418_nature_pink-flower-bush_colorado_s23u_iso50-f2p4_20230627-154802_3000x4000.sdr.png	https://codec-corpus.r2.imazen.org/imazen-26-png-v3/1400-lilith-nature/1418_nature_pink-flower-bush_colorado_s23u_iso50-f2p4_20230627-154802_3000x4000.sdr.png
1419	train	1400-lilith-nature	sdr	1400-lilith-nature/1419_nature_red-flower-leaves_shinjuku-gyoen-national-garden-shinjuku_s23u_iso50-f4p9_20230702-113738_3000x4000.sdr.png	https://codec-corpus.r2.imazen.org/imazen-26-png-v3/1400-lilith-nature/1419_nature_red-flower-leaves_shinjuku-gyoen-national-garden-shinjuku_s23u_iso50-f4p9_20230702-113738_3000x4000.sdr.png
1420	train	1400-lilith-nature	sdr	1400-lilith-nature/1420_nature_red-flower-plant_shinjuku-gyoen-national-garden-shinjuku_s23u_iso200-f4p9_20230702-113825_3000x4000.sdr.png	https://codec-corpus.r2.imazen.org/imazen-26-png-v3/1400-lilith-nature/1420_nature_red-flower-plant_shinjuku-gyoen-national-garden-shinjuku_s23u_iso200-f4p9_20230702-113825_3000x4000.sdr.png
1421	train	1400-lilith-nature	sdr	1400-lilith-nature/1421_nature_potted-orchids-table_shinjuku-gyoen-national-garden-shinjuku_s23u_iso16-f1p7_20230702-114223_3000x4000.sdr.png	https://codec-corpus.r2.imazen.org/imazen-26-png-v3/1400-lilith-nature/1421_nature_potted-orchids-table_shinjuku-gyoen-national-garden-shinjuku_s23u_iso16-f1p7_20230702-114223_3000x4000.sdr.png
1422	train	1400-lilith-nature	sdr	1400-lilith-nature/1422_nature_pink-orchid-flowers_s23u_iso125-f4p9_20230704-122020_3000x4000.sdr.png	https://codec-corpus.r2.imazen.org/imazen-26-png-v3/1400-lilith-nature/1422_nature_pink-orchid-flowers_s23u_iso125-f4p9_20230704-122020_3000x4000.sdr.png
1423	train	1400-lilith-nature	sdr	1400-lilith-nature/1423_nature_stone-steps-garden_ninna-temple-kyoto_s23u_iso50-f1p7_20230710-141257_3000x4000.sdr.png	https://codec-corpus.r2.imazen.org/imazen-26-png-v3/1400-lilith-nature/1423_nature_stone-steps-garden_ninna-temple-kyoto_s23u_iso50-f1p7_20230710-141257_3000x4000.sdr.png
1424	train	1400-lilith-nature	sdr	1400-lilith-nature/1424_nature_orchid-on-tree-bark_fraccionamiento-jardines-de-oriente-valladolid-m_s23u_iso125-f2p4_20230918-110655_3000x4000.sdr.png	https://codec-corpus.r2.imazen.org/imazen-26-png-v3/1400-lilith-nature/1424_nature_orchid-on-tree-bark_fraccionamiento-jardines-de-oriente-valladolid-m_s23u_iso125-f2p4_20230918-110655_3000x4000.sdr.png
1425	train	1400-lilith-nature	sdr	1400-lilith-nature/1425_nature_cloudy-sky_fujikawaguchiko-japan_s23u_iso50-f4p9_20231101-072553_3000x4000.sdr.png	https://codec-corpus.r2.imazen.org/imazen-26-png-v3/1400-lilith-nature/1425_nature_cloudy-sky_fujikawaguchiko-japan_s23u_iso50-f4p9_20231101-072553_3000x4000.sdr.png
1426	train	1400-lilith-nature	sdr	1400-lilith-nature/1426_nature_mountain-over-lake_kawaguchiko-music-forest-fujikawaguchiko_s23u_iso50-f2p4_20231101-103646_3000x4000.sdr.png	https://codec-corpus.r2.imazen.org/imazen-26-png-v3/1400-lilith-nature/1426_nature_mountain-over-lake_kawaguchiko-music-forest-fujikawaguchiko_s23u_iso50-f2p4_20231101-103646_3000x4000.sdr.png
1427	train	1400-lilith-nature	sdr	1400-lilith-nature/1427_nature_bee-on-pink-flower_monument-inochi-kyoto_s23u_iso64-f4p9_20231107-111746_3000x4000.sdr.png	https://codec-corpus.r2.imazen.org/imazen-26-png-v3/1400-lilith-nature/1427_nature_bee-on-pink-flower_monument-inochi-kyoto_s23u_iso64-f4p9_20231107-111746_3000x4000.sdr.png
1428	train	1400-lilith-nature	sdr	1400-lilith-nature/1428_nature_red-flower-cluster_shimogamo-hangicho-kyoto-japan_s23u_iso50-f4p9_20231107-135711_3000x4000.sdr.png	https://codec-corpus.r2.imazen.org/imazen-26-png-v3/1400-lilith-nature/1428_nature_red-flower-cluster_shimogamo-hangicho-kyoto-japan_s23u_iso50-f4p9_20231107-135711_3000x4000.sdr.png
1429	train	1400-lilith-nature	sdr	1400-lilith-nature/1429_nature_red-rose-flower_kyoto-botanical-garden-kyoto_s23u_iso50-f2p4_20231107-140027_3000x4000.sdr.png	https://codec-corpus.r2.imazen.org/imazen-26-png-v3/1400-lilith-nature/1429_nature_red-rose-flower_kyoto-botanical-garden-kyoto_s23u_iso50-f2p4_20231107-140027_3000x4000.sdr.png
1430	train	1400-lilith-nature	sdr	1400-lilith-nature/1430_nature_pink-rose-flower_kyoto-botanical-garden-kyoto_s23u_iso10-f1p7_20231107-140117_3000x4000.sdr.png	https://codec-corpus.r2.imazen.org/imazen-26-png-v3/1400-lilith-nature/1430_nature_pink-rose-flower_kyoto-botanical-garden-kyoto_s23u_iso10-f1p7_20231107-140117_3000x4000.sdr.png
1431	train	1400-lilith-nature	sdr	1400-lilith-nature/1431_nature_pink-rose-flower_kyoto-botanical-garden-kyoto_s23u_iso50-f4p9_20231107-140207_3000x4000.sdr.png	https://codec-corpus.r2.imazen.org/imazen-26-png-v3/1400-lilith-nature/1431_nature_pink-rose-flower_kyoto-botanical-garden-kyoto_s23u_iso50-f4p9_20231107-140207_3000x4000.sdr.png
1432	train	1400-lilith-nature	sdr	1400-lilith-nature/1432_nature_pink-rose-flower_kyoto-botanical-garden-kyoto_s23u_iso50-f2p4_20231107-140705_3000x4000.sdr.png	https://codec-corpus.r2.imazen.org/imazen-26-png-v3/1400-lilith-nature/1432_nature_pink-rose-flower_kyoto-botanical-garden-kyoto_s23u_iso50-f2p4_20231107-140705_3000x4000.sdr.png
1434	train	1400-lilith-nature	sdr	1400-lilith-nature/1434_nature_purple-water-lily_kyoto-botanical-garden-kyoto_s23u_iso80-f2p4_20231107-142619_3000x4000.sdr.png	https://codec-corpus.r2.imazen.org/imazen-26-png-v3/1400-lilith-nature/1434_nature_purple-water-lily_kyoto-botanical-garden-kyoto_s23u_iso80-f2p4_20231107-142619_3000x4000.sdr.png
1435	train	1400-lilith-nature	sdr	1400-lilith-nature/1435_nature_pandanus-fruit-closeup_kyoto-botanical-garden-kyoto_s23u_iso250-f2p4_20231107-142912_3000x4000.sdr.png	https://codec-corpus.r2.imazen.org/imazen-26-png-v3/1400-lilith-nature/1435_nature_pandanus-fruit-closeup_kyoto-botanical-garden-kyoto_s23u_iso250-f2p4_20231107-142912_3000x4000.sdr.png
1436	train	1400-lilith-nature	sdr	1400-lilith-nature/1436_nature_red-flower-cluster_kyoto-botanical-garden-kyoto_s23u_iso160-f2p4_20231107-143500_3000x4000.sdr.png	https://codec-corpus.r2.imazen.org/imazen-26-png-v3/1400-lilith-nature/1436_nature_red-flower-cluster_kyoto-botanical-garden-kyoto_s23u_iso160-f2p4_20231107-143500_3000x4000.sdr.png
1437	train	1400-lilith-nature	sdr	1400-lilith-nature/1437_nature_potted-orchid-closeup_kyoto-botanical-garden-kyoto_s23u_iso100-f4p9_20231107-143832_3000x4000.sdr.png	https://codec-corpus.r2.imazen.org/imazen-26-png-v3/1400-lilith-nature/1437_nature_potted-orchid-closeup_kyoto-botanical-garden-kyoto_s23u_iso100-f4p9_20231107-143832_3000x4000.sdr.png
1439	train	1400-lilith-nature	sdr	1400-lilith-nature/1439_nature_potted-purple-orchid_kyoto-botanical-garden-kyoto_s23u_iso200-f2p4_20231107-145307_3000x4000.sdr.png	https://codec-corpus.r2.imazen.org/imazen-26-png-v3/1400-lilith-nature/1439_nature_potted-purple-orchid_kyoto-botanical-garden-kyoto_s23u_iso200-f2p4_20231107-145307_3000x4000.sdr.png
1440	train	1400-lilith-nature	sdr	1400-lilith-nature/1440_nature_monkeys-on-tree-branch_monkey-park-iwatayama-kyoto_s23u_iso50-f4p9_20231108-134707_3000x4000.sdr.png	https://codec-corpus.r2.imazen.org/imazen-26-png-v3/1400-lilith-nature/1440_nature_monkeys-on-tree-branch_monkey-park-iwatayama-kyoto_s23u_iso50-f4p9_20231108-134707_3000x4000.sdr.png
1441	train	1400-lilith-nature	sdr	1400-lilith-nature/1441_nature_monkey-on-roof_monkey-park-iwatayama-kyoto_s23u_iso50-f4p9_20231108-135953-001_4000x3000.sdr.png	https://codec-corpus.r2.imazen.org/imazen-26-png-v3/1400-lilith-nature/1441_nature_monkey-on-roof_monkey-park-iwatayama-kyoto_s23u_iso50-f4p9_20231108-135953-001_4000x3000.sdr.png
1442	train	1400-lilith-nature	sdr	1400-lilith-nature/1442_nature_airplane-wing-aurora_s23u_iso800-f1p7_20231204-222129_4000x3000.sdr.png	https://codec-corpus.r2.imazen.org/imazen-26-png-v3/1400-lilith-nature/1442_nature_airplane-wing-aurora_s23u_iso800-f1p7_20231204-222129_4000x3000.sdr.png
1443	train	1400-lilith-nature	sdr	1400-lilith-nature/1443_nature_northern-lights-over-mountains_oskjuhlid-reykjavik_s23u_iso800-f1p7_20231205-111212_3000x4000.sdr.png	https://codec-corpus.r2.imazen.org/imazen-26-png-v3/1400-lilith-nature/1443_nature_northern-lights-over-mountains_oskjuhlid-reykjavik_s23u_iso800-f1p7_20231205-111212_3000x4000.sdr.png
1445	train	1400-lilith-nature	sdr	1400-lilith-nature/1445_nature_waterfall-on-cliff_rangarthing-eystra-iceland_s23u_iso320-f1p7_20231206-154234_3000x4000.sdr.png	https://codec-corpus.r2.imazen.org/imazen-26-png-v3/1400-lilith-nature/1445_nature_waterfall-on-cliff_rangarthing-eystra-iceland_s23u_iso320-f1p7_20231206-154234_3000x4000.sdr.png
1446	train	1400-lilith-nature	sdr	1400-lilith-nature/1446_nature_icy-coastal-landscape_hornafjordur-iceland_s23u_iso20-f1p7_20231207-114310_4000x1868.sdr.png	https://codec-corpus.r2.imazen.org/imazen-26-png-v3/1400-lilith-nature/1446_nature_icy-coastal-landscape_hornafjordur-iceland_s23u_iso20-f1p7_20231207-114310_4000x1868.sdr.png
1447	train	1400-lilith-nature	sdr	1400-lilith-nature/1447_nature_glacier-ice-formations_hornafjordur-iceland_s23u_iso50-f1p7_20231207-114532_1868x4000.sdr.png	https://codec-corpus.r2.imazen.org/imazen-26-png-v3/1400-lilith-nature/1447_nature_glacier-ice-formations_hornafjordur-iceland_s23u_iso50-f1p7_20231207-114532_1868x4000.sdr.png
1448	train	1400-lilith-nature	sdr	1400-lilith-nature/1448_nature_snow-on-ice_hornafjordur-iceland_s23u_iso200-f1p7_20231207-115005_1868x4000.sdr.png	https://codec-corpus.r2.imazen.org/imazen-26-png-v3/1400-lilith-nature/1448_nature_snow-on-ice_hornafjordur-iceland_s23u_iso200-f1p7_20231207-115005_1868x4000.sdr.png
1449	train	1400-lilith-nature	sdr	1400-lilith-nature/1449_nature_glacier-mountain-landscape_hornafjordur-iceland_s23u_iso12-f1p7_20231207-130740_16320x7612.sdr.png	https://codec-corpus.r2.imazen.org/imazen-26-png-v3/1400-lilith-nature/1449_nature_glacier-mountain-landscape_hornafjordur-iceland_s23u_iso12-f1p7_20231207-130740_16320x7612.sdr.png
1451	train	1400-lilith-nature	sdr	1400-lilith-nature/1451_nature_icebergs-on-lake_hornafjordur-iceland_s23u_20231207-154044-pano_3609x3394.sdr.png	https://codec-corpus.r2.imazen.org/imazen-26-png-v3/1400-lilith-nature/1451_nature_icebergs-on-lake_hornafjordur-iceland_s23u_20231207-154044-pano_3609x3394.sdr.png
1452	train	1400-lilith-nature	sdr	1400-lilith-nature/1452_nature_ice-strewn-beach_diamond-beach-hornafjordur_s23u_iso1600-f1p7_20231207-161801_1868x4000.sdr.png	https://codec-corpus.r2.imazen.org/imazen-26-png-v3/1400-lilith-nature/1452_nature_ice-strewn-beach_diamond-beach-hornafjordur_s23u_iso1600-f1p7_20231207-161801_1868x4000.sdr.png
1453	train	1400-lilith-nature	sdr	1400-lilith-nature/1453_nature_basalt-column-cliff_reynisfjara-beach-myrdalshreppur_s23u_iso64-f1p7_20231209-113914_3000x4000.sdr.png	https://codec-corpus.r2.imazen.org/imazen-26-png-v3/1400-lilith-nature/1453_nature_basalt-column-cliff_reynisfjara-beach-myrdalshreppur_s23u_iso64-f1p7_20231209-113914_3000x4000.sdr.png
1454	train	1400-lilith-nature	sdr	1400-lilith-nature/1454_nature_coastal-sunset-reflection_myrdalshreppur-iceland_s23u_iso10-f1p7_20231209-121716_8160x6120.sdr.png	https://codec-corpus.r2.imazen.org/imazen-26-png-v3/1400-lilith-nature/1454_nature_coastal-sunset-reflection_myrdalshreppur-iceland_s23u_iso10-f1p7_20231209-121716_8160x6120.sdr.png
1456	train	1400-lilith-nature	sdr	1400-lilith-nature/1456_nature_frozen-waterfall-landscape_gullfoss-falls-blaskogabyggd_s23u_iso125-f2p4_20231209-152815_3000x4000.sdr.png	https://codec-corpus.r2.imazen.org/imazen-26-png-v3/1400-lilith-nature/1456_nature_frozen-waterfall-landscape_gullfoss-falls-blaskogabyggd_s23u_iso125-f2p4_20231209-152815_3000x4000.sdr.png
1459	train	1400-lilith-nature	sdr	1400-lilith-nature/1459_nature_person-on-snowy-slope_colorado_s23u_iso10-f1p7_20240103-131940-0_3000x4000.sdr.png	https://codec-corpus.r2.imazen.org/imazen-26-png-v3/1400-lilith-nature/1459_nature_person-on-snowy-slope_colorado_s23u_iso10-f1p7_20240103-131940-0_3000x4000.sdr.png
1460	train	1400-lilith-nature	sdr	1400-lilith-nature/1460_nature_tropical-flower-cluster_cahuita-costa-rica_s23u_iso1000-f1p7_20240211-170302_3000x4000.sdr.png	https://codec-corpus.r2.imazen.org/imazen-26-png-v3/1400-lilith-nature/1460_nature_tropical-flower-cluster_cahuita-costa-rica_s23u_iso1000-f1p7_20240211-170302_3000x4000.sdr.png
1461	train	1400-lilith-nature	sdr	1400-lilith-nature/1461_nature_aerial-coastline-clouds_iceland_s23u_iso10-f1p7_20240421-074547_3000x4000.sdr.png	https://codec-corpus.r2.imazen.org/imazen-26-png-v3/1400-lilith-nature/1461_nature_aerial-coastline-clouds_iceland_s23u_iso10-f1p7_20240421-074547_3000x4000.sdr.png
1463	train	1400-lilith-nature	sdr	1400-lilith-nature/1463_nature_wooden-bridge-over-river_temple-de-l-amour-versailles_s23u_iso10-f1p7_20240424-164457_3000x4000.sdr.png	https://codec-corpus.r2.imazen.org/imazen-26-png-v3/1400-lilith-nature/1463_nature_wooden-bridge-over-river_temple-de-l-amour-versailles_s23u_iso10-f1p7_20240424-164457_3000x4000.sdr.png
1464	train	1400-lilith-nature	sdr	1400-lilith-nature/1464_nature_flower-bed-by-pond_grotte-versailles_s23u_iso200-f4p9_20240424-182412_3000x4000.sdr.png	https://codec-corpus.r2.imazen.org/imazen-26-png-v3/1400-lilith-nature/1464_nature_flower-bed-by-pond_grotte-versailles_s23u_iso200-f4p9_20240424-182412_3000x4000.sdr.png
1465	train	1400-lilith-nature	sdr	1400-lilith-nature/1465_nature_formal-garden-pathway_notre-dame-versailles-france_s23u_iso50-f2p4_20240424-183031_3000x4000.sdr.png	https://codec-corpus.r2.imazen.org/imazen-26-png-v3/1400-lilith-nature/1465_nature_formal-garden-pathway_notre-dame-versailles-france_s23u_iso50-f2p4_20240424-183031_3000x4000.sdr.png
1466	train	1400-lilith-nature	sdr	1400-lilith-nature/1466_nature_sun-glare-on-water_blue-lagoon-grindavik_s23u_iso10-f1p7_20240429-202505_4000x3000.sdr.png	https://codec-corpus.r2.imazen.org/imazen-26-png-v3/1400-lilith-nature/1466_nature_sun-glare-on-water_blue-lagoon-grindavik_s23u_iso10-f1p7_20240429-202505_4000x3000.sdr.png
1469	train	1400-lilith-nature	sdr	1400-lilith-nature/1469_nature_beach-sunset-sailboats_waikiki-east-honolulu-hawaii_s23u_iso10-f1p7_20241106-173958_4000x3000.sdr.png	https://codec-corpus.r2.imazen.org/imazen-26-png-v3/1400-lilith-nature/1469_nature_beach-sunset-sailboats_waikiki-east-honolulu-hawaii_s23u_iso10-f1p7_20241106-173958_4000x3000.sdr.png
1470	train	1400-lilith-nature	sdr	1400-lilith-nature/1470_nature_sunset-over-water_waikiki-east-honolulu-hawaii_s23u_iso50-f4p9_20241106-175105_3000x4000.sdr.png	https://codec-corpus.r2.imazen.org/imazen-26-png-v3/1400-lilith-nature/1470_nature_sunset-over-water_waikiki-east-honolulu-hawaii_s23u_iso50-f4p9_20241106-175105_3000x4000.sdr.png
1471	train	1400-lilith-nature	sdr	1400-lilith-nature/1471_nature_ocean-sunset-coastline_haleiwa-waialua-hawaii_s23u_iso50-f2p4_20241110-174752_4000x3000.sdr.png	https://codec-corpus.r2.imazen.org/imazen-26-png-v3/1400-lilith-nature/1471_nature_ocean-sunset-coastline_haleiwa-waialua-hawaii_s23u_iso50-f2p4_20241110-174752_4000x3000.sdr.png
1472	train	1400-lilith-nature	sdr	1400-lilith-nature/1472_nature_sunset-over-parking-lot_colorado_s23u_iso25-f1p7_20241220-165246_4000x3000.sdr.png	https://codec-corpus.r2.imazen.org/imazen-26-png-v3/1400-lilith-nature/1472_nature_sunset-over-parking-lot_colorado_s23u_iso25-f1p7_20241220-165246_4000x3000.sdr.png
1473	train	1400-lilith-nature	sdr	1400-lilith-nature/1473_nature_orange-tree-branches_kawazu-japan_s23u_iso16-f1p7_20250305-153750_3000x4000.sdr.png	https://codec-corpus.r2.imazen.org/imazen-26-png-v3/1400-lilith-nature/1473_nature_orange-tree-branches_kawazu-japan_s23u_iso16-f1p7_20250305-153750_3000x4000.sdr.png
1475	train	1400-lilith-nature	sdr	1400-lilith-nature/1475_nature_tree-silhouette-sunset-coast_minamiizu-japan_s23u_iso50-f2p2_20250306-174456_4000x3000.sdr.png	https://codec-corpus.r2.imazen.org/imazen-26-png-v3/1400-lilith-nature/1475_nature_tree-silhouette-sunset-coast_minamiizu-japan_s23u_iso50-f2p2_20250306-174456_4000x3000.sdr.png
1476	train	1400-lilith-nature	sdr	1400-lilith-nature/1476_nature_ocean-sunset-horizon_minamiizu-japan_s23u_iso125-f4p9_20250306-174535_3000x4000.sdr.png	https://codec-corpus.r2.imazen.org/imazen-26-png-v3/1400-lilith-nature/1476_nature_ocean-sunset-horizon_minamiizu-japan_s23u_iso125-f4p9_20250306-174535_3000x4000.sdr.png
1477	train	1400-lilith-nature	sdr	1400-lilith-nature/1477_nature_ocean-sunset-sky_minamiizu-japan_s23u_iso125-f4p9_20250306-174712_3000x4000.sdr.png	https://codec-corpus.r2.imazen.org/imazen-26-png-v3/1400-lilith-nature/1477_nature_ocean-sunset-sky_minamiizu-japan_s23u_iso125-f4p9_20250306-174712_3000x4000.sdr.png
1478	train	1400-lilith-nature	sdr	1400-lilith-nature/1478_nature_tree-branches-ocean-horizon_minamiizu-japan_s23u_iso80-f2p2_20250306-174732_4000x3000.sdr.png	https://codec-corpus.r2.imazen.org/imazen-26-png-v3/1400-lilith-nature/1478_nature_tree-branches-ocean-horizon_minamiizu-japan_s23u_iso80-f2p2_20250306-174732_4000x3000.sdr.png
1480	train	1400-lilith-nature	sdr	1400-lilith-nature/1480_nature_snowcapped-mountain-seascape_kumomi-matsuzaki-japan_s23u_iso50-f4p9_20250307-122938_4000x3000.sdr.png	https://codec-corpus.r2.imazen.org/imazen-26-png-v3/1400-lilith-nature/1480_nature_snowcapped-mountain-seascape_kumomi-matsuzaki-japan_s23u_iso50-f4p9_20250307-122938_4000x3000.sdr.png
1481	train	1400-lilith-nature	sdr	1400-lilith-nature/1481_nature_rock-arch-seascape_kumomi-matsuzaki-japan_s23u_iso50-f4p9_20250307-124034_3000x4000.sdr.png	https://codec-corpus.r2.imazen.org/imazen-26-png-v3/1400-lilith-nature/1481_nature_rock-arch-seascape_kumomi-matsuzaki-japan_s23u_iso50-f4p9_20250307-124034_3000x4000.sdr.png
1482	train	1400-lilith-nature	sdr	1400-lilith-nature/1482_nature_snowcapped-mountain-landscape_iwachi-matsuzaki-japan_s23u_iso50-f4p9_20250307-131518_3000x4000.sdr.png	https://codec-corpus.r2.imazen.org/imazen-26-png-v3/1400-lilith-nature/1482_nature_snowcapped-mountain-landscape_iwachi-matsuzaki-japan_s23u_iso50-f4p9_20250307-131518_3000x4000.sdr.png
1483	train	1400-lilith-nature	sdr	1400-lilith-nature/1483_nature_snow-capped-mountain-clouds_numazu-japan_s23u_iso50-f4p9_20250307-163902_4000x3000.sdr.png	https://codec-corpus.r2.imazen.org/imazen-26-png-v3/1400-lilith-nature/1483_nature_snow-capped-mountain-clouds_numazu-japan_s23u_iso50-f4p9_20250307-163902_4000x3000.sdr.png
1484	train	1400-lilith-nature	sdr	1400-lilith-nature/1484_nature_snowy-mountain-over-water_uchiura-koumi-numazu-japan_s23u_iso80-f4p9_20250307-173056_3000x4000.sdr.png	https://codec-corpus.r2.imazen.org/imazen-26-png-v3/1400-lilith-nature/1484_nature_snowy-mountain-over-water_uchiura-koumi-numazu-japan_s23u_iso80-f4p9_20250307-173056_3000x4000.sdr.png
1485	train	1400-lilith-nature	sdr	1400-lilith-nature/1485_nature_sea-urchin-underwater_uchiura-koumi-numazu-japan_s23u_iso400-f1p7_20250308-121144_3000x4000.sdr.png	https://codec-corpus.r2.imazen.org/imazen-26-png-v3/1400-lilith-nature/1485_nature_sea-urchin-underwater_uchiura-koumi-numazu-japan_s23u_iso400-f1p7_20250308-121144_3000x4000.sdr.png
1486	train	1400-lilith-nature	sdr	1400-lilith-nature/1486_nature_steaming-red-hot-spring_miyuki-beppu-japan_s23u_iso10-f1p7_20250311-151632_3000x4000.sdr.png	https://codec-corpus.r2.imazen.org/imazen-26-png-v3/1400-lilith-nature/1486_nature_steaming-red-hot-spring_miyuki-beppu-japan_s23u_iso10-f1p7_20250311-151632_3000x4000.sdr.png
1487	train	1400-lilith-nature	hdr	1400-lilith-nature/1487_nature_glacier-over-water_kenai-peninsula-borough-alaska_s25u_iso40-f1p7_20250801-135016_3000x4000.hdr.png	https://codec-corpus.r2.imazen.org/imazen-26-png-v3/1400-lilith-nature/1487_nature_glacier-over-water_kenai-peninsula-borough-alaska_s25u_iso40-f1p7_20250801-135016_3000x4000.hdr.png
1487	train	1400-lilith-nature	sdr	1400-lilith-nature/1487_nature_glacier-over-water_kenai-peninsula-borough-alaska_s25u_iso40-f1p7_20250801-135016_3000x4000.sdr.png	https://codec-corpus.r2.imazen.org/imazen-26-png-v3/1400-lilith-nature/1487_nature_glacier-over-water_kenai-peninsula-borough-alaska_s25u_iso40-f1p7_20250801-135016_3000x4000.sdr.png
1488	train	1400-lilith-nature	hdr	1400-lilith-nature/1488_nature_iceberg-ocean-landscape_yakutat-alaska_s25u_iso80-f1p7_20250803-185104_3000x4000.hdr.png	https://codec-corpus.r2.imazen.org/imazen-26-png-v3/1400-lilith-nature/1488_nature_iceberg-ocean-landscape_yakutat-alaska_s25u_iso80-f1p7_20250803-185104_3000x4000.hdr.png
1488	train	1400-lilith-nature	sdr	1400-lilith-nature/1488_nature_iceberg-ocean-landscape_yakutat-alaska_s25u_iso80-f1p7_20250803-185104_3000x4000.sdr.png	https://codec-corpus.r2.imazen.org/imazen-26-png-v3/1400-lilith-nature/1488_nature_iceberg-ocean-landscape_yakutat-alaska_s25u_iso80-f1p7_20250803-185104_3000x4000.sdr.png
1489	train	1400-lilith-nature	hdr	1400-lilith-nature/1489_nature_cruise-ship-deck_unorganized-borough-alaska_s25u_iso125-f1p7_20250804-210918_3000x4000.hdr.png	https://codec-corpus.r2.imazen.org/imazen-26-png-v3/1400-lilith-nature/1489_nature_cruise-ship-deck_unorganized-borough-alaska_s25u_iso125-f1p7_20250804-210918_3000x4000.hdr.png
1489	train	1400-lilith-nature	sdr	1400-lilith-nature/1489_nature_cruise-ship-deck_unorganized-borough-alaska_s25u_iso125-f1p7_20250804-210918_3000x4000.sdr.png	https://codec-corpus.r2.imazen.org/imazen-26-png-v3/1400-lilith-nature/1489_nature_cruise-ship-deck_unorganized-borough-alaska_s25u_iso125-f1p7_20250804-210918_3000x4000.sdr.png
1490	train	1400-lilith-nature	hdr	1400-lilith-nature/1490_nature_boat-wake-at-sunset_unorganized-borough-alaska_s25u_iso200-f1p7_20250804-211018_3000x4000.hdr.png	https://codec-corpus.r2.imazen.org/imazen-26-png-v3/1400-lilith-nature/1490_nature_boat-wake-at-sunset_unorganized-borough-alaska_s25u_iso200-f1p7_20250804-211018_3000x4000.hdr.png
1490	train	1400-lilith-nature	sdr	1400-lilith-nature/1490_nature_boat-wake-at-sunset_unorganized-borough-alaska_s25u_iso200-f1p7_20250804-211018_3000x4000.sdr.png	https://codec-corpus.r2.imazen.org/imazen-26-png-v3/1400-lilith-nature/1490_nature_boat-wake-at-sunset_unorganized-borough-alaska_s25u_iso200-f1p7_20250804-211018_3000x4000.sdr.png
1491	train	1400-lilith-nature	hdr	1400-lilith-nature/1491_nature_ocean-sunset-clouds_unorganized-borough-alaska_s25u_iso100-f3p4_20250804-211059_3000x4000.hdr.png	https://codec-corpus.r2.imazen.org/imazen-26-png-v3/1400-lilith-nature/1491_nature_ocean-sunset-clouds_unorganized-borough-alaska_s25u_iso100-f3p4_20250804-211059_3000x4000.hdr.png
1491	train	1400-lilith-nature	sdr	1400-lilith-nature/1491_nature_ocean-sunset-clouds_unorganized-borough-alaska_s25u_iso100-f3p4_20250804-211059_3000x4000.sdr.png	https://codec-corpus.r2.imazen.org/imazen-26-png-v3/1400-lilith-nature/1491_nature_ocean-sunset-clouds_unorganized-borough-alaska_s25u_iso100-f3p4_20250804-211059_3000x4000.sdr.png
1492	train	1400-lilith-nature	hdr	1400-lilith-nature/1492_nature_mountain-lake-landscape_whitehorse-canada_s25u_iso64-f1p7_20250805-162506_3000x4000.hdr.png	https://codec-corpus.r2.imazen.org/imazen-26-png-v3/1400-lilith-nature/1492_nature_mountain-lake-landscape_whitehorse-canada_s25u_iso64-f1p7_20250805-162506_3000x4000.hdr.png
1492	train	1400-lilith-nature	sdr	1400-lilith-nature/1492_nature_mountain-lake-landscape_whitehorse-canada_s25u_iso64-f1p7_20250805-162506_3000x4000.sdr.png	https://codec-corpus.r2.imazen.org/imazen-26-png-v3/1400-lilith-nature/1492_nature_mountain-lake-landscape_whitehorse-canada_s25u_iso64-f1p7_20250805-162506_3000x4000.sdr.png
1493	train	1400-lilith-nature	hdr	1400-lilith-nature/1493_nature_sunset-over-sea_lower-davie-vancouver-canada_s25u_iso64-f3p4_20250809-203408_4000x3000.hdr.png	https://codec-corpus.r2.imazen.org/imazen-26-png-v3/1400-lilith-nature/1493_nature_sunset-over-sea_lower-davie-vancouver-canada_s25u_iso64-f3p4_20250809-203408_4000x3000.hdr.png
1493	train	1400-lilith-nature	sdr	1400-lilith-nature/1493_nature_sunset-over-sea_lower-davie-vancouver-canada_s25u_iso64-f3p4_20250809-203408_4000x3000.sdr.png	https://codec-corpus.r2.imazen.org/imazen-26-png-v3/1400-lilith-nature/1493_nature_sunset-over-sea_lower-davie-vancouver-canada_s25u_iso64-f3p4_20250809-203408_4000x3000.sdr.png
1494	train	1400-lilith-nature	hdr	1400-lilith-nature/1494_nature_sunset-over-forest_colorado_zfold7_iso250-f1p7_20251110-170409_4000x3000.hdr.png	https://codec-corpus.r2.imazen.org/imazen-26-png-v3/1400-lilith-nature/1494_nature_sunset-over-forest_colorado_zfold7_iso250-f1p7_20251110-170409_4000x3000.hdr.png
1494	train	1400-lilith-nature	sdr	1400-lilith-nature/1494_nature_sunset-over-forest_colorado_zfold7_iso250-f1p7_20251110-170409_4000x3000.sdr.png	https://codec-corpus.r2.imazen.org/imazen-26-png-v3/1400-lilith-nature/1494_nature_sunset-over-forest_colorado_zfold7_iso250-f1p7_20251110-170409_4000x3000.sdr.png
1495	train	1400-lilith-nature	hdr	1400-lilith-nature/1495_nature_lighthouse-on-island_york-maine_ip13pro_iso50-f1p5_fullsizerender-1_3855x2891.hdr.png	https://codec-corpus.r2.imazen.org/imazen-26-png-v3/1400-lilith-nature/1495_nature_lighthouse-on-island_york-maine_ip13pro_iso50-f1p5_fullsizerender-1_3855x2891.hdr.png
1495	train	1400-lilith-nature	sdr	1400-lilith-nature/1495_nature_lighthouse-on-island_york-maine_ip13pro_iso50-f1p5_fullsizerender-1_3855x2891.sdr.png	https://codec-corpus.r2.imazen.org/imazen-26-png-v3/1400-lilith-nature/1495_nature_lighthouse-on-island_york-maine_ip13pro_iso50-f1p5_fullsizerender-1_3855x2891.sdr.png
1496	train	1400-lilith-nature	hdr	1400-lilith-nature/1496_nature_lake-with-boats_winthrop-maine_ip13pro_iso50-f1p5_fullsizerender-2_3411x2765.hdr.png	https://codec-corpus.r2.imazen.org/imazen-26-png-v3/1400-lilith-nature/1496_nature_lake-with-boats_winthrop-maine_ip13pro_iso50-f1p5_fullsizerender-2_3411x2765.hdr.png
1496	train	1400-lilith-nature	sdr	1400-lilith-nature/1496_nature_lake-with-boats_winthrop-maine_ip13pro_iso50-f1p5_fullsizerender-2_3411x2765.sdr.png	https://codec-corpus.r2.imazen.org/imazen-26-png-v3/1400-lilith-nature/1496_nature_lake-with-boats_winthrop-maine_ip13pro_iso50-f1p5_fullsizerender-2_3411x2765.sdr.png
1497	train	1400-lilith-nature	hdr	1400-lilith-nature/1497_nature_pink-flower-on-vine_belltown-seattle-washington_ip16pro_iso80-f1p8_fullsizerender-3_3745x5333.hdr.png	https://codec-corpus.r2.imazen.org/imazen-26-png-v3/1400-lilith-nature/1497_nature_pink-flower-on-vine_belltown-seattle-washington_ip16pro_iso80-f1p8_fullsizerender-3_3745x5333.hdr.png
1497	train	1400-lilith-nature	sdr	1400-lilith-nature/1497_nature_pink-flower-on-vine_belltown-seattle-washington_ip16pro_iso80-f1p8_fullsizerender-3_3745x5333.sdr.png	https://codec-corpus.r2.imazen.org/imazen-26-png-v3/1400-lilith-nature/1497_nature_pink-flower-on-vine_belltown-seattle-washington_ip16pro_iso80-f1p8_fullsizerender-3_3745x5333.sdr.png
1498	train	1400-lilith-nature	hdr	1400-lilith-nature/1498_nature_yellow-flowers-garden-bed_colorado_ip13pro_iso50-f1p5_fullsizerender_2773x3709.hdr.png	https://codec-corpus.r2.imazen.org/imazen-26-png-v3/1400-lilith-nature/1498_nature_yellow-flowers-garden-bed_colorado_ip13pro_iso50-f1p5_fullsizerender_2773x3709.hdr.png
1498	train	1400-lilith-nature	sdr	1400-lilith-nature/1498_nature_yellow-flowers-garden-bed_colorado_ip13pro_iso50-f1p5_fullsizerender_2773x3709.sdr.png	https://codec-corpus.r2.imazen.org/imazen-26-png-v3/1400-lilith-nature/1498_nature_yellow-flowers-garden-bed_colorado_ip13pro_iso50-f1p5_fullsizerender_2773x3709.sdr.png
1499	train	1400-lilith-nature	sdr	1400-lilith-nature/1499_nature_snowy-forest-trail_colorado_hero7_iso100-f2p8_g0048992_4000x3000.sdr.png	https://codec-corpus.r2.imazen.org/imazen-26-png-v3/1400-lilith-nature/1499_nature_snowy-forest-trail_colorado_hero7_iso100-f2p8_g0048992_4000x3000.sdr.png
1501	train	1400-lilith-nature	sdr	1400-lilith-nature/1501_nature_snowy-ski-slope_colorado_hero7_iso100-f2p8_g0051091_4000x3000.sdr.png	https://codec-corpus.r2.imazen.org/imazen-26-png-v3/1400-lilith-nature/1501_nature_snowy-ski-slope_colorado_hero7_iso100-f2p8_g0051091_4000x3000.sdr.png
1502	train	1400-lilith-nature	hdr	1400-lilith-nature/1502_nature_ice-cave-opening_hornafjordur-iceland_ip13pro_iso32-f1p8_img-0341_3024x4032.hdr.png	https://codec-corpus.r2.imazen.org/imazen-26-png-v3/1400-lilith-nature/1502_nature_ice-cave-opening_hornafjordur-iceland_ip13pro_iso32-f1p8_img-0341_3024x4032.hdr.png
1502	train	1400-lilith-nature	sdr	1400-lilith-nature/1502_nature_ice-cave-opening_hornafjordur-iceland_ip13pro_iso32-f1p8_img-0341_3024x4032.sdr.png	https://codec-corpus.r2.imazen.org/imazen-26-png-v3/1400-lilith-nature/1502_nature_ice-cave-opening_hornafjordur-iceland_ip13pro_iso32-f1p8_img-0341_3024x4032.sdr.png
1503	train	1400-lilith-nature	hdr	1400-lilith-nature/1503_nature_passionflower-on-vine_centrum-amsterdam-netherlands_ip16pro_iso50-f1p8_img-0354_3024x4032.hdr.png	https://codec-corpus.r2.imazen.org/imazen-26-png-v3/1400-lilith-nature/1503_nature_passionflower-on-vine_centrum-amsterdam-netherlands_ip16pro_iso50-f1p8_img-0354_3024x4032.hdr.png
1503	train	1400-lilith-nature	sdr	1400-lilith-nature/1503_nature_passionflower-on-vine_centrum-amsterdam-netherlands_ip16pro_iso50-f1p8_img-0354_3024x4032.sdr.png	https://codec-corpus.r2.imazen.org/imazen-26-png-v3/1400-lilith-nature/1503_nature_passionflower-on-vine_centrum-amsterdam-netherlands_ip16pro_iso50-f1p8_img-0354_3024x4032.sdr.png
1504	train	1400-lilith-nature	hdr	1400-lilith-nature/1504_nature_cloudy-sky-over-field_colorado_ip13pro_iso50-f1p5_img-0374_4032x3024.hdr.png	https://codec-corpus.r2.imazen.org/imazen-26-png-v3/1400-lilith-nature/1504_nature_cloudy-sky-over-field_colorado_ip13pro_iso50-f1p5_img-0374_4032x3024.hdr.png
1504	train	1400-lilith-nature	sdr	1400-lilith-nature/1504_nature_cloudy-sky-over-field_colorado_ip13pro_iso50-f1p5_img-0374_4032x3024.sdr.png	https://codec-corpus.r2.imazen.org/imazen-26-png-v3/1400-lilith-nature/1504_nature_cloudy-sky-over-field_colorado_ip13pro_iso50-f1p5_img-0374_4032x3024.sdr.png
1505	train	1400-lilith-nature	sdr	1400-lilith-nature/1505_nature_ice-canyon-sky-view_hornafjordur-iceland_ip13pro_iso32-f1p8_img-0393_3024x4032.sdr.png	https://codec-corpus.r2.imazen.org/imazen-26-png-v3/1400-lilith-nature/1505_nature_ice-canyon-sky-view_hornafjordur-iceland_ip13pro_iso32-f1p8_img-0393_3024x4032.sdr.png
1506	train	1400-lilith-nature	sdr	1400-lilith-nature/1506_nature_glacier-ice-landscape_hornafjordur-iceland_ip13pro_iso50-f1p5_img-0423_4032x3024.sdr.png	https://codec-corpus.r2.imazen.org/imazen-26-png-v3/1400-lilith-nature/1506_nature_glacier-ice-landscape_hornafjordur-iceland_ip13pro_iso50-f1p5_img-0423_4032x3024.sdr.png
1507	train	1400-lilith-nature	hdr	1400-lilith-nature/1507_nature_ice-cave-waterfall_hornafjordur-iceland_ip13pro_iso200-f1p5_img-0468_3024x4032.hdr.png	https://codec-corpus.r2.imazen.org/imazen-26-png-v3/1400-lilith-nature/1507_nature_ice-cave-waterfall_hornafjordur-iceland_ip13pro_iso200-f1p5_img-0468_3024x4032.hdr.png
1507	train	1400-lilith-nature	sdr	1400-lilith-nature/1507_nature_ice-cave-waterfall_hornafjordur-iceland_ip13pro_iso200-f1p5_img-0468_3024x4032.sdr.png	https://codec-corpus.r2.imazen.org/imazen-26-png-v3/1400-lilith-nature/1507_nature_ice-cave-waterfall_hornafjordur-iceland_ip13pro_iso200-f1p5_img-0468_3024x4032.sdr.png
1508	train	1400-lilith-nature	hdr	1400-lilith-nature/1508_nature_ice-cave-interior_hornafjordur-iceland_ip13pro_iso1000-f1p8_img-0474_4032x3024.hdr.png	https://codec-corpus.r2.imazen.org/imazen-26-png-v3/1400-lilith-nature/1508_nature_ice-cave-interior_hornafjordur-iceland_ip13pro_iso1000-f1p8_img-0474_4032x3024.hdr.png
1508	train	1400-lilith-nature	sdr	1400-lilith-nature/1508_nature_ice-cave-interior_hornafjordur-iceland_ip13pro_iso1000-f1p8_img-0474_4032x3024.sdr.png	https://codec-corpus.r2.imazen.org/imazen-26-png-v3/1400-lilith-nature/1508_nature_ice-cave-interior_hornafjordur-iceland_ip13pro_iso1000-f1p8_img-0474_4032x3024.sdr.png
1509	train	1400-lilith-nature	hdr	1400-lilith-nature/1509_nature_ice-cave-opening_hornafjordur-iceland_ip13pro_iso1000-f1p8_img-0480_3024x4032.hdr.png	https://codec-corpus.r2.imazen.org/imazen-26-png-v3/1400-lilith-nature/1509_nature_ice-cave-opening_hornafjordur-iceland_ip13pro_iso1000-f1p8_img-0480_3024x4032.hdr.png
1509	train	1400-lilith-nature	sdr	1400-lilith-nature/1509_nature_ice-cave-opening_hornafjordur-iceland_ip13pro_iso1000-f1p8_img-0480_3024x4032.sdr.png	https://codec-corpus.r2.imazen.org/imazen-26-png-v3/1400-lilith-nature/1509_nature_ice-cave-opening_hornafjordur-iceland_ip13pro_iso1000-f1p8_img-0480_3024x4032.sdr.png
1511	train	1400-lilith-nature	sdr	1400-lilith-nature/1511_nature_purple-iris-flowers_colorado_ip8plus_iso125-f2p8_img-0945_3024x4032.sdr.png	https://codec-corpus.r2.imazen.org/imazen-26-png-v3/1400-lilith-nature/1511_nature_purple-iris-flowers_colorado_ip8plus_iso125-f2p8_img-0945_3024x4032.sdr.png
1512	train	1400-lilith-nature	sdr	1400-lilith-nature/1512_nature_purple-white-flowers_colorado_ip8plus_iso20-f2p8_img-1029_3024x4032.sdr.png	https://codec-corpus.r2.imazen.org/imazen-26-png-v3/1400-lilith-nature/1512_nature_purple-white-flowers_colorado_ip8plus_iso20-f2p8_img-1029_3024x4032.sdr.png
1514	train	1400-lilith-nature	sdr	1400-lilith-nature/1514_nature_purple-allium-flowers_colorado_ip8plus_iso20-f2p8_img-1310_3024x4032.sdr.png	https://codec-corpus.r2.imazen.org/imazen-26-png-v3/1400-lilith-nature/1514_nature_purple-allium-flowers_colorado_ip8plus_iso20-f2p8_img-1310_3024x4032.sdr.png
1515	train	1400-lilith-nature	hdr	1400-lilith-nature/1515_nature_orange-flower-closeup_colorado_ip17pro_iso320-f1p8_img-1420_3024x4032.hdr.png	https://codec-corpus.r2.imazen.org/imazen-26-png-v3/1400-lilith-nature/1515_nature_orange-flower-closeup_colorado_ip17pro_iso320-f1p8_img-1420_3024x4032.hdr.png
1515	train	1400-lilith-nature	sdr	1400-lilith-nature/1515_nature_orange-flower-closeup_colorado_ip17pro_iso320-f1p8_img-1420_3024x4032.sdr.png	https://codec-corpus.r2.imazen.org/imazen-26-png-v3/1400-lilith-nature/1515_nature_orange-flower-closeup_colorado_ip17pro_iso320-f1p8_img-1420_3024x4032.sdr.png
1516	train	1400-lilith-nature	hdr	1400-lilith-nature/1516_nature_pink-flower-in-bottle_colorado_ip17pro_iso50-f1p8_img-1509_2355x3308.hdr.png	https://codec-corpus.r2.imazen.org/imazen-26-png-v3/1400-lilith-nature/1516_nature_pink-flower-in-bottle_colorado_ip17pro_iso50-f1p8_img-1509_2355x3308.hdr.png
1516	train	1400-lilith-nature	sdr	1400-lilith-nature/1516_nature_pink-flower-in-bottle_colorado_ip17pro_iso50-f1p8_img-1509_2355x3308.sdr.png	https://codec-corpus.r2.imazen.org/imazen-26-png-v3/1400-lilith-nature/1516_nature_pink-flower-in-bottle_colorado_ip17pro_iso50-f1p8_img-1509_2355x3308.sdr.png
1517	train	1400-lilith-nature	sdr	1400-lilith-nature/1517_nature_bee-on-pink-flowers_colorado_ip8plus_iso20-f2p8_img-2463_3024x4032.sdr.png	https://codec-corpus.r2.imazen.org/imazen-26-png-v3/1400-lilith-nature/1517_nature_bee-on-pink-flowers_colorado_ip8plus_iso20-f2p8_img-2463_3024x4032.sdr.png
1518	train	1400-lilith-nature	sdr	1400-lilith-nature/1518_nature_pink-flowers-and-bee_colorado_ip8plus_iso40-f2p8_img-2464_3024x4032.sdr.png	https://codec-corpus.r2.imazen.org/imazen-26-png-v3/1400-lilith-nature/1518_nature_pink-flowers-and-bee_colorado_ip8plus_iso40-f2p8_img-2464_3024x4032.sdr.png
1519	train	1400-lilith-nature	hdr	1400-lilith-nature/1519_nature_orange-rose-vase_colorado_ip17pro_iso200-f1p8_img-2700_3961x4825.hdr.png	https://codec-corpus.r2.imazen.org/imazen-26-png-v3/1400-lilith-nature/1519_nature_orange-rose-vase_colorado_ip17pro_iso200-f1p8_img-2700_3961x4825.hdr.png
1519	train	1400-lilith-nature	sdr	1400-lilith-nature/1519_nature_orange-rose-vase_colorado_ip17pro_iso200-f1p8_img-2700_3961x4825.sdr.png	https://codec-corpus.r2.imazen.org/imazen-26-png-v3/1400-lilith-nature/1519_nature_orange-rose-vase_colorado_ip17pro_iso200-f1p8_img-2700_3961x4825.sdr.png
1520	train	1400-lilith-nature	hdr	1400-lilith-nature/1520_nature_tulips-in-garden_notre-dame-versailles-france_ip15pro_iso80-f1p8_img-3545_4284x5712.hdr.png	https://codec-corpus.r2.imazen.org/imazen-26-png-v3/1400-lilith-nature/1520_nature_tulips-in-garden_notre-dame-versailles-france_ip15pro_iso80-f1p8_img-3545_4284x5712.hdr.png
1520	train	1400-lilith-nature	sdr	1400-lilith-nature/1520_nature_tulips-in-garden_notre-dame-versailles-france_ip15pro_iso80-f1p8_img-3545_4284x5712.sdr.png	https://codec-corpus.r2.imazen.org/imazen-26-png-v3/1400-lilith-nature/1520_nature_tulips-in-garden_notre-dame-versailles-france_ip15pro_iso80-f1p8_img-3545_4284x5712.sdr.png
1521	train	1400-lilith-nature	hdr	1400-lilith-nature/1521_nature_potted-tulips-garden_notre-dame-versailles-france_ip15pro_iso80-f1p8_img-3547_4284x5712.hdr.png	https://codec-corpus.r2.imazen.org/imazen-26-png-v3/1400-lilith-nature/1521_nature_potted-tulips-garden_notre-dame-versailles-france_ip15pro_iso80-f1p8_img-3547_4284x5712.hdr.png
1521	train	1400-lilith-nature	sdr	1400-lilith-nature/1521_nature_potted-tulips-garden_notre-dame-versailles-france_ip15pro_iso80-f1p8_img-3547_4284x5712.sdr.png	https://codec-corpus.r2.imazen.org/imazen-26-png-v3/1400-lilith-nature/1521_nature_potted-tulips-garden_notre-dame-versailles-france_ip15pro_iso80-f1p8_img-3547_4284x5712.sdr.png
1522	train	1400-lilith-nature	hdr	1400-lilith-nature/1522_nature_water-lilies-pond_colorado_ip13pro_iso50-f1p5_img-3764_4032x3024.hdr.png	https://codec-corpus.r2.imazen.org/imazen-26-png-v3/1400-lilith-nature/1522_nature_water-lilies-pond_colorado_ip13pro_iso50-f1p5_img-3764_4032x3024.hdr.png
1522	train	1400-lilith-nature	sdr	1400-lilith-nature/1522_nature_water-lilies-pond_colorado_ip13pro_iso50-f1p5_img-3764_4032x3024.sdr.png	https://codec-corpus.r2.imazen.org/imazen-26-png-v3/1400-lilith-nature/1522_nature_water-lilies-pond_colorado_ip13pro_iso50-f1p5_img-3764_4032x3024.sdr.png
1523	train	1400-lilith-nature	hdr	1400-lilith-nature/1523_nature_yellow-flowers-garden_colorado_ip13pro_iso50-f1p5_img-3767_3024x4032.hdr.png	https://codec-corpus.r2.imazen.org/imazen-26-png-v3/1400-lilith-nature/1523_nature_yellow-flowers-garden_colorado_ip13pro_iso50-f1p5_img-3767_3024x4032.hdr.png
1523	train	1400-lilith-nature	sdr	1400-lilith-nature/1523_nature_yellow-flowers-garden_colorado_ip13pro_iso50-f1p5_img-3767_3024x4032.sdr.png	https://codec-corpus.r2.imazen.org/imazen-26-png-v3/1400-lilith-nature/1523_nature_yellow-flowers-garden_colorado_ip13pro_iso50-f1p5_img-3767_3024x4032.sdr.png
1525	train	1400-lilith-nature	hdr	1400-lilith-nature/1525_nature_wildflowers-in-garden_colorado_ip13pro_iso50-f1p5_img-3861_3024x4032.hdr.png	https://codec-corpus.r2.imazen.org/imazen-26-png-v3/1400-lilith-nature/1525_nature_wildflowers-in-garden_colorado_ip13pro_iso50-f1p5_img-3861_3024x4032.hdr.png
1525	train	1400-lilith-nature	sdr	1400-lilith-nature/1525_nature_wildflowers-in-garden_colorado_ip13pro_iso50-f1p5_img-3861_3024x4032.sdr.png	https://codec-corpus.r2.imazen.org/imazen-26-png-v3/1400-lilith-nature/1525_nature_wildflowers-in-garden_colorado_ip13pro_iso50-f1p5_img-3861_3024x4032.sdr.png
1526	train	1400-lilith-nature	hdr	1400-lilith-nature/1526_nature_pink-flowers-garden_colorado_ip13pro_iso50-f1p5_img-4543_3024x4032.hdr.png	https://codec-corpus.r2.imazen.org/imazen-26-png-v3/1400-lilith-nature/1526_nature_pink-flowers-garden_colorado_ip13pro_iso50-f1p5_img-4543_3024x4032.hdr.png
1526	train	1400-lilith-nature	sdr	1400-lilith-nature/1526_nature_pink-flowers-garden_colorado_ip13pro_iso50-f1p5_img-4543_3024x4032.sdr.png	https://codec-corpus.r2.imazen.org/imazen-26-png-v3/1400-lilith-nature/1526_nature_pink-flowers-garden_colorado_ip13pro_iso50-f1p5_img-4543_3024x4032.sdr.png
1527	train	1400-lilith-nature	hdr	1400-lilith-nature/1527_nature_mountain-wildflowers-landscape_stikine-region-canada_ip16pro_iso100-f1p8_img-4768_4284x5712.hdr.png	https://codec-corpus.r2.imazen.org/imazen-26-png-v3/1400-lilith-nature/1527_nature_mountain-wildflowers-landscape_stikine-region-canada_ip16pro_iso100-f1p8_img-4768_4284x5712.hdr.png
1527	train	1400-lilith-nature	sdr	1400-lilith-nature/1527_nature_mountain-wildflowers-landscape_stikine-region-canada_ip16pro_iso100-f1p8_img-4768_4284x5712.sdr.png	https://codec-corpus.r2.imazen.org/imazen-26-png-v3/1400-lilith-nature/1527_nature_mountain-wildflowers-landscape_stikine-region-canada_ip16pro_iso100-f1p8_img-4768_4284x5712.sdr.png
1529	train	1400-lilith-nature	hdr	1400-lilith-nature/1529_nature_whale-tail-ocean_ip13pro_iso32-f2p8_img-5573_3024x4032.hdr.png	https://codec-corpus.r2.imazen.org/imazen-26-png-v3/1400-lilith-nature/1529_nature_whale-tail-ocean_ip13pro_iso32-f2p8_img-5573_3024x4032.hdr.png
1529	train	1400-lilith-nature	sdr	1400-lilith-nature/1529_nature_whale-tail-ocean_ip13pro_iso32-f2p8_img-5573_3024x4032.sdr.png	https://codec-corpus.r2.imazen.org/imazen-26-png-v3/1400-lilith-nature/1529_nature_whale-tail-ocean_ip13pro_iso32-f2p8_img-5573_3024x4032.sdr.png
1530	train	1400-lilith-nature	hdr	1400-lilith-nature/1530_nature_whale-tail-ocean_ip13pro_iso32-f2p8_img-5574_3024x4032.hdr.png	https://codec-corpus.r2.imazen.org/imazen-26-png-v3/1400-lilith-nature/1530_nature_whale-tail-ocean_ip13pro_iso32-f2p8_img-5574_3024x4032.hdr.png
1530	train	1400-lilith-nature	sdr	1400-lilith-nature/1530_nature_whale-tail-ocean_ip13pro_iso32-f2p8_img-5574_3024x4032.sdr.png	https://codec-corpus.r2.imazen.org/imazen-26-png-v3/1400-lilith-nature/1530_nature_whale-tail-ocean_ip13pro_iso32-f2p8_img-5574_3024x4032.sdr.png
1531	train	1400-lilith-nature	hdr	1400-lilith-nature/1531_nature_red-poppy-flowers_taos-new-mexico_ip17pro_iso80-f1p8_img-6189_4284x5712.hdr.png	https://codec-corpus.r2.imazen.org/imazen-26-png-v3/1400-lilith-nature/1531_nature_red-poppy-flowers_taos-new-mexico_ip17pro_iso80-f1p8_img-6189_4284x5712.hdr.png
1531	train	1400-lilith-nature	sdr	1400-lilith-nature/1531_nature_red-poppy-flowers_taos-new-mexico_ip17pro_iso80-f1p8_img-6189_4284x5712.sdr.png	https://codec-corpus.r2.imazen.org/imazen-26-png-v3/1400-lilith-nature/1531_nature_red-poppy-flowers_taos-new-mexico_ip17pro_iso80-f1p8_img-6189_4284x5712.sdr.png
1532	train	1400-lilith-nature	hdr	1400-lilith-nature/1532_nature_red-poppy-flowers_taos-new-mexico_ip17pro_iso80-f1p8_img-6194_4284x5712.hdr.png	https://codec-corpus.r2.imazen.org/imazen-26-png-v3/1400-lilith-nature/1532_nature_red-poppy-flowers_taos-new-mexico_ip17pro_iso80-f1p8_img-6194_4284x5712.hdr.png
1532	train	1400-lilith-nature	sdr	1400-lilith-nature/1532_nature_red-poppy-flowers_taos-new-mexico_ip17pro_iso80-f1p8_img-6194_4284x5712.sdr.png	https://codec-corpus.r2.imazen.org/imazen-26-png-v3/1400-lilith-nature/1532_nature_red-poppy-flowers_taos-new-mexico_ip17pro_iso80-f1p8_img-6194_4284x5712.sdr.png
1533	train	1400-lilith-nature	hdr	1400-lilith-nature/1533_nature_purple-water-lily_koyama-kamiuchikawaracho-kyoto-japan_ip13pro_iso125-f2p8_img-6205_3024x4032.hdr.png	https://codec-corpus.r2.imazen.org/imazen-26-png-v3/1400-lilith-nature/1533_nature_purple-water-lily_koyama-kamiuchikawaracho-kyoto-japan_ip13pro_iso125-f2p8_img-6205_3024x4032.hdr.png
1533	train	1400-lilith-nature	sdr	1400-lilith-nature/1533_nature_purple-water-lily_koyama-kamiuchikawaracho-kyoto-japan_ip13pro_iso125-f2p8_img-6205_3024x4032.sdr.png	https://codec-corpus.r2.imazen.org/imazen-26-png-v3/1400-lilith-nature/1533_nature_purple-water-lily_koyama-kamiuchikawaracho-kyoto-japan_ip13pro_iso125-f2p8_img-6205_3024x4032.sdr.png
1535	train	1400-lilith-nature	sdr	1400-lilith-nature/1535_nature_sea-turtle-underwater_ip13pro_iso32-f1p8_img-8579_3024x4032.sdr.png	https://codec-corpus.r2.imazen.org/imazen-26-png-v3/1400-lilith-nature/1535_nature_sea-turtle-underwater_ip13pro_iso32-f1p8_img-8579_3024x4032.sdr.png
1536	train	1400-lilith-nature	hdr	1400-lilith-nature/1536_nature_purple-flowers-walkway_seward-alaska_ip16pro_iso80-f1p8_img-8763_4284x5712.hdr.png	https://codec-corpus.r2.imazen.org/imazen-26-png-v3/1400-lilith-nature/1536_nature_purple-flowers-walkway_seward-alaska_ip16pro_iso80-f1p8_img-8763_4284x5712.hdr.png
1536	train	1400-lilith-nature	sdr	1400-lilith-nature/1536_nature_purple-flowers-walkway_seward-alaska_ip16pro_iso80-f1p8_img-8763_4284x5712.sdr.png	https://codec-corpus.r2.imazen.org/imazen-26-png-v3/1400-lilith-nature/1536_nature_purple-flowers-walkway_seward-alaska_ip16pro_iso80-f1p8_img-8763_4284x5712.sdr.png
1537	train	1400-lilith-nature	hdr	1400-lilith-nature/1537_nature_purple-flowers-closeup_seward-alaska_ip16pro_iso100-f1p8_img-8764_4284x5712.hdr.png	https://codec-corpus.r2.imazen.org/imazen-26-png-v3/1400-lilith-nature/1537_nature_purple-flowers-closeup_seward-alaska_ip16pro_iso100-f1p8_img-8764_4284x5712.hdr.png
1537	train	1400-lilith-nature	sdr	1400-lilith-nature/1537_nature_purple-flowers-closeup_seward-alaska_ip16pro_iso100-f1p8_img-8764_4284x5712.sdr.png	https://codec-corpus.r2.imazen.org/imazen-26-png-v3/1400-lilith-nature/1537_nature_purple-flowers-closeup_seward-alaska_ip16pro_iso100-f1p8_img-8764_4284x5712.sdr.png
1538	train	1400-lilith-nature	sdr	1400-lilith-nature/1538_nature_boat-on-narrow-channel_muyil-chunyaxche-mexico_ip13pro_iso50-f1p5_img-8787_3024x4032.sdr.png	https://codec-corpus.r2.imazen.org/imazen-26-png-v3/1400-lilith-nature/1538_nature_boat-on-narrow-channel_muyil-chunyaxche-mexico_ip13pro_iso50-f1p5_img-8787_3024x4032.sdr.png
1539	train	1400-lilith-nature	hdr	1400-lilith-nature/1539_nature_legs-in-water_felipe-carrillo-puerto-mexico_ip13pro_iso32-f1p8_img-8809_3024x4032.hdr.png	https://codec-corpus.r2.imazen.org/imazen-26-png-v3/1400-lilith-nature/1539_nature_legs-in-water_felipe-carrillo-puerto-mexico_ip13pro_iso32-f1p8_img-8809_3024x4032.hdr.png
1539	train	1400-lilith-nature	sdr	1400-lilith-nature/1539_nature_legs-in-water_felipe-carrillo-puerto-mexico_ip13pro_iso32-f1p8_img-8809_3024x4032.sdr.png	https://codec-corpus.r2.imazen.org/imazen-26-png-v3/1400-lilith-nature/1539_nature_legs-in-water_felipe-carrillo-puerto-mexico_ip13pro_iso32-f1p8_img-8809_3024x4032.sdr.png
1542	train	1400-lilith-nature	hdr	1400-lilith-nature/1542_nature_orange-lily-flower_belltown-seattle-washington_ip16pro_iso80-f1p8_img-9149_4284x5712.hdr.png	https://codec-corpus.r2.imazen.org/imazen-26-png-v3/1400-lilith-nature/1542_nature_orange-lily-flower_belltown-seattle-washington_ip16pro_iso80-f1p8_img-9149_4284x5712.hdr.png
1542	train	1400-lilith-nature	sdr	1400-lilith-nature/1542_nature_orange-lily-flower_belltown-seattle-washington_ip16pro_iso80-f1p8_img-9149_4284x5712.sdr.png	https://codec-corpus.r2.imazen.org/imazen-26-png-v3/1400-lilith-nature/1542_nature_orange-lily-flower_belltown-seattle-washington_ip16pro_iso80-f1p8_img-9149_4284x5712.sdr.png
1543	train	1400-lilith-nature	hdr	1400-lilith-nature/1543_nature_water-lilies-pond_miyuki-beppu-japan_ip16pro_iso80-f1p8_img-9522_4284x5712.hdr.png	https://codec-corpus.r2.imazen.org/imazen-26-png-v3/1400-lilith-nature/1543_nature_water-lilies-pond_miyuki-beppu-japan_ip16pro_iso80-f1p8_img-9522_4284x5712.hdr.png
1543	train	1400-lilith-nature	sdr	1400-lilith-nature/1543_nature_water-lilies-pond_miyuki-beppu-japan_ip16pro_iso80-f1p8_img-9522_4284x5712.sdr.png	https://codec-corpus.r2.imazen.org/imazen-26-png-v3/1400-lilith-nature/1543_nature_water-lilies-pond_miyuki-beppu-japan_ip16pro_iso80-f1p8_img-9522_4284x5712.sdr.png
1544	train	1400-lilith-nature	hdr	1400-lilith-nature/1544_nature_purple-water-lily-flower_miyuki-beppu-japan_ip16pro_iso64-f1p8_img-9550_3024x4032.hdr.png	https://codec-corpus.r2.imazen.org/imazen-26-png-v3/1400-lilith-nature/1544_nature_purple-water-lily-flower_miyuki-beppu-japan_ip16pro_iso64-f1p8_img-9550_3024x4032.hdr.png
1544	train	1400-lilith-nature	sdr	1400-lilith-nature/1544_nature_purple-water-lily-flower_miyuki-beppu-japan_ip16pro_iso64-f1p8_img-9550_3024x4032.sdr.png	https://codec-corpus.r2.imazen.org/imazen-26-png-v3/1400-lilith-nature/1544_nature_purple-water-lily-flower_miyuki-beppu-japan_ip16pro_iso64-f1p8_img-9550_3024x4032.sdr.png
1545	train	1400-lilith-nature	hdr	1400-lilith-nature/1545_nature_stalactite-cave-lake_playa-del-carmen-mexico_ip13pro_iso1600-f1p5_img-9591_4032x3024.hdr.png	https://codec-corpus.r2.imazen.org/imazen-26-png-v3/1400-lilith-nature/1545_nature_stalactite-cave-lake_playa-del-carmen-mexico_ip13pro_iso1600-f1p5_img-9591_4032x3024.hdr.png
1545	train	1400-lilith-nature	sdr	1400-lilith-nature/1545_nature_stalactite-cave-lake_playa-del-carmen-mexico_ip13pro_iso1600-f1p5_img-9591_4032x3024.sdr.png	https://codec-corpus.r2.imazen.org/imazen-26-png-v3/1400-lilith-nature/1545_nature_stalactite-cave-lake_playa-del-carmen-mexico_ip13pro_iso1600-f1p5_img-9591_4032x3024.sdr.png
1547	train	1400-lilith-nature	hdr	1400-lilith-nature/1547_nature_orange-flowers-garden_colorado_ip16pro_iso80-f1p8_img-9652_4284x5712.hdr.png	https://codec-corpus.r2.imazen.org/imazen-26-png-v3/1400-lilith-nature/1547_nature_orange-flowers-garden_colorado_ip16pro_iso80-f1p8_img-9652_4284x5712.hdr.png
1547	train	1400-lilith-nature	sdr	1400-lilith-nature/1547_nature_orange-flowers-garden_colorado_ip16pro_iso80-f1p8_img-9652_4284x5712.sdr.png	https://codec-corpus.r2.imazen.org/imazen-26-png-v3/1400-lilith-nature/1547_nature_orange-flowers-garden_colorado_ip16pro_iso80-f1p8_img-9652_4284x5712.sdr.png
1548	train	1400-lilith-nature	sdr	1400-lilith-nature/1548_nature_purple-blossom-branches_colorado_ip8plus_iso32-f2p8_img-9831_3024x4032.sdr.png	https://codec-corpus.r2.imazen.org/imazen-26-png-v3/1400-lilith-nature/1548_nature_purple-blossom-branches_colorado_ip8plus_iso32-f2p8_img-9831_3024x4032.sdr.png
1549	train	1400-lilith-nature	sdr	1400-lilith-nature/1549_nature_ocean-sunset-sailboat_screenshot-20260526-073037-photos_1079x1440.sdr.png	https://codec-corpus.r2.imazen.org/imazen-26-png-v3/1400-lilith-nature/1549_nature_ocean-sunset-sailboat_screenshot-20260526-073037-photos_1079x1440.sdr.png
1550	train	1400-lilith-nature	sdr	1400-lilith-nature/1550_nature_sunset-clouds-over-parkinglot_screenshot-20260526-073143-photos_1079x1439.sdr.png	https://codec-corpus.r2.imazen.org/imazen-26-png-v3/1400-lilith-nature/1550_nature_sunset-clouds-over-parkinglot_screenshot-20260526-073143-photos_1079x1439.sdr.png
1551	train	1400-lilith-nature	sdr	1400-lilith-nature/1551_nature_snowy-mountain-above-clouds_screenshot-20260526-073506-photos_1966x1476.sdr.png	https://codec-corpus.r2.imazen.org/imazen-26-png-v3/1400-lilith-nature/1551_nature_snowy-mountain-above-clouds_screenshot-20260526-073506-photos_1966x1476.sdr.png
1552	train	1400-lilith-nature	sdr	1400-lilith-nature/1552_nature_sunset-skyline-silhouette_screenshot-20260526-074733-gallery_1924x1400.sdr.png	https://codec-corpus.r2.imazen.org/imazen-26-png-v3/1400-lilith-nature/1552_nature_sunset-skyline-silhouette_screenshot-20260526-074733-gallery_1924x1400.sdr.png
1553	train	1400-lilith-nature	sdr	1400-lilith-nature/1553_nature_airplane-wing-northern-lights_screenshot-20260526-074909-gallery_1966x1424.sdr.png	https://codec-corpus.r2.imazen.org/imazen-26-png-v3/1400-lilith-nature/1553_nature_airplane-wing-northern-lights_screenshot-20260526-074909-gallery_1966x1424.sdr.png
1554	train	1400-lilith-nature	sdr	1400-lilith-nature/1554_nature_person-on-driftwood_screenshot-20260526-075607-gallery_1561x2131.sdr.png	https://codec-corpus.r2.imazen.org/imazen-26-png-v3/1400-lilith-nature/1554_nature_person-on-driftwood_screenshot-20260526-075607-gallery_1561x2131.sdr.png
1556	train	1400-lilith-nature	sdr	1400-lilith-nature/1556_nature_abstract-ice-texture_screenshot-20260526-080327-gallery_1020x2183.sdr.png	https://codec-corpus.r2.imazen.org/imazen-26-png-v3/1400-lilith-nature/1556_nature_abstract-ice-texture_screenshot-20260526-080327-gallery_1020x2183.sdr.png
1600	train	1600-lilith-food	sdr	1600-lilith-food/1600_food_steamed-dumplings-basket_university-city-san-diego-california_note9_iso64-f2p4_20190516-185153_4032x3024.sdr.png	https://codec-corpus.r2.imazen.org/imazen-26-png-v3/1600-lilith-food/1600_food_steamed-dumplings-basket_university-city-san-diego-california_note9_iso64-f2p4_20190516-185153_4032x3024.sdr.png
1601	train	1600-lilith-food	sdr	1600-lilith-food/1601_food_sushi-roll-platter_colorado_s10_iso320-f2p4_20200212-181250_4032x3024.sdr.png	https://codec-corpus.r2.imazen.org/imazen-26-png-v3/1600-lilith-food/1601_food_sushi-roll-platter_colorado_s10_iso320-f2p4_20200212-181250_4032x3024.sdr.png
1602	train	1600-lilith-food	sdr	1600-lilith-food/1602_food_caprese-salad-plate_s21u_iso250-f2p4_20210709-193445_4000x3000.sdr.png	https://codec-corpus.r2.imazen.org/imazen-26-png-v3/1600-lilith-food/1602_food_caprese-salad-plate_s21u_iso250-f2p4_20210709-193445_4000x3000.sdr.png
1603	train	1600-lilith-food	sdr	1600-lilith-food/1603_food_salad-plate-fork_colorado_s21u_iso40-f1p8_20210801-190732_3000x4000.sdr.png	https://codec-corpus.r2.imazen.org/imazen-26-png-v3/1600-lilith-food/1603_food_salad-plate-fork_colorado_s21u_iso40-f1p8_20210801-190732_3000x4000.sdr.png
1604	train	1600-lilith-food	sdr	1600-lilith-food/1604_food_meat-and-fried-vegetables_l-eixample-barcelona-spain_s21u_iso640-f1p8_20220304-124452_3000x4000.sdr.png	https://codec-corpus.r2.imazen.org/imazen-26-png-v3/1600-lilith-food/1604_food_meat-and-fried-vegetables_l-eixample-barcelona-spain_s21u_iso640-f1p8_20220304-124452_3000x4000.sdr.png
1605	train	1600-lilith-food	sdr	1600-lilith-food/1605_food_sushi-roll-platter_s21u_iso1250-f1p8_20220817-200800_4000x3000.sdr.png	https://codec-corpus.r2.imazen.org/imazen-26-png-v3/1600-lilith-food/1605_food_sushi-roll-platter_s21u_iso1250-f1p8_20220817-200800_4000x3000.sdr.png
1606	train	1600-lilith-food	sdr	1600-lilith-food/1606_food_fried-calamari-salad_hanalei-hawaii_s21u_iso32-f1p8_20221001-155420_3462x2150.sdr.png	https://codec-corpus.r2.imazen.org/imazen-26-png-v3/1600-lilith-food/1606_food_fried-calamari-salad_hanalei-hawaii_s21u_iso32-f1p8_20221001-155420_3462x2150.sdr.png
1607	train	1600-lilith-food	sdr	1600-lilith-food/1607_food_grilled-seafood-plate_s21u_iso1250-f1p8_20221210-191616_3000x4000.sdr.png	https://codec-corpus.r2.imazen.org/imazen-26-png-v3/1600-lilith-food/1607_food_grilled-seafood-plate_s21u_iso1250-f1p8_20221210-191616_3000x4000.sdr.png
1608	train	1600-lilith-food	sdr	1600-lilith-food/1608_food_single-cake-slice-plate_anedaitocho-kyoto-japan_s23u_iso320-f2p2_20230709-194142_4000x3000.sdr.png	https://codec-corpus.r2.imazen.org/imazen-26-png-v3/1600-lilith-food/1608_food_single-cake-slice-plate_anedaitocho-kyoto-japan_s23u_iso320-f2p2_20230709-194142_4000x3000.sdr.png
1609	train	1600-lilith-food	sdr	1600-lilith-food/1609_food_tray-of-food_kurama-kibune-cho-kyoto-japan_s23u_iso100-f2p2_20230711-123756_4000x3000.sdr.png	https://codec-corpus.r2.imazen.org/imazen-26-png-v3/1600-lilith-food/1609_food_tray-of-food_kurama-kibune-cho-kyoto-japan_s23u_iso100-f2p2_20230711-123756_4000x3000.sdr.png
1610	train	1600-lilith-food	sdr	1600-lilith-food/1610_food_rice-bowl-vegetables_mapunapuna-honolulu-hawaii_s23u_iso50-f2p2_20230712-183013_3000x4000.sdr.png	https://codec-corpus.r2.imazen.org/imazen-26-png-v3/1600-lilith-food/1610_food_rice-bowl-vegetables_mapunapuna-honolulu-hawaii_s23u_iso50-f2p2_20230712-183013_3000x4000.sdr.png
1611	train	1600-lilith-food	sdr	1600-lilith-food/1611_food_blue-geode-cake_s20_iso64-f1p8_20230715-143732_3024x4032.sdr.png	https://codec-corpus.r2.imazen.org/imazen-26-png-v3/1600-lilith-food/1611_food_blue-geode-cake_s20_iso64-f1p8_20230715-143732_3024x4032.sdr.png
1612	train	1600-lilith-food	sdr	1600-lilith-food/1612_food_fried-fish-and-fries_s23u_iso25-f1p7_20230730-142545-0_4000x3000.sdr.png	https://codec-corpus.r2.imazen.org/imazen-26-png-v3/1600-lilith-food/1612_food_fried-fish-and-fries_s23u_iso25-f1p7_20230730-142545-0_4000x3000.sdr.png
1614	train	1600-lilith-food	sdr	1600-lilith-food/1614_food_dessert-plate-upside-down_valladolid-mexico_s23u_iso640-f1p7_20230917-213342_4000x3000.sdr.png	https://codec-corpus.r2.imazen.org/imazen-26-png-v3/1600-lilith-food/1614_food_dessert-plate-upside-down_valladolid-mexico_s23u_iso640-f1p7_20230917-213342_4000x3000.sdr.png
1615	train	1600-lilith-food	sdr	1600-lilith-food/1615_food_savory-plated-dish_valladolid-mexico_s23u_iso250-f2p2_20230918-103053_3000x4000.sdr.png	https://codec-corpus.r2.imazen.org/imazen-26-png-v3/1600-lilith-food/1615_food_savory-plated-dish_valladolid-mexico_s23u_iso250-f2p2_20230918-103053_3000x4000.sdr.png
1616	train	1600-lilith-food	sdr	1600-lilith-food/1616_food_plated-dessert-closeup_minami-kugahara-2-ota-japan_s23u_iso500-f2p2_20231028-120453-001_4000x3000.sdr.png	https://codec-corpus.r2.imazen.org/imazen-26-png-v3/1600-lilith-food/1616_food_plated-dessert-closeup_minami-kugahara-2-ota-japan_s23u_iso500-f2p2_20231028-120453-001_4000x3000.sdr.png
1617	train	1600-lilith-food	sdr	1600-lilith-food/1617_food_ice-cream_s23u_iso64-f1p7_20231104-123933_3000x4000.sdr.png	https://codec-corpus.r2.imazen.org/imazen-26-png-v3/1600-lilith-food/1617_food_ice-cream_s23u_iso64-f1p7_20231104-123933_3000x4000.sdr.png
1619	train	1600-lilith-food	sdr	1600-lilith-food/1619_food_strawberries-and-blackberries_3rd-arrondissement-paris-france_s23u_iso500-f2p4_20240421-153750_3000x4000.sdr.png	https://codec-corpus.r2.imazen.org/imazen-26-png-v3/1600-lilith-food/1619_food_strawberries-and-blackberries_3rd-arrondissement-paris-france_s23u_iso500-f2p4_20240421-153750_3000x4000.sdr.png
1620	train	1600-lilith-food	sdr	1600-lilith-food/1620_food_plated-dessert-closeup_1st-arrondissement-paris-france_s23u_iso160-f2p2_20240426-140041_3000x4000.sdr.png	https://codec-corpus.r2.imazen.org/imazen-26-png-v3/1600-lilith-food/1620_food_plated-dessert-closeup_1st-arrondissement-paris-france_s23u_iso160-f2p2_20240426-140041_3000x4000.sdr.png
1622	train	1600-lilith-food	sdr	1600-lilith-food/1622_food_strawberry-layer-cake_colorado_s23u_iso80-f2p4_20240505-164658_3000x4000.sdr.png	https://codec-corpus.r2.imazen.org/imazen-26-png-v3/1600-lilith-food/1622_food_strawberry-layer-cake_colorado_s23u_iso80-f2p4_20240505-164658_3000x4000.sdr.png
1623	train	1600-lilith-food	sdr	1600-lilith-food/1623_food_breakfast_colorado_s23u_iso12-f1p7_20240507-145123_3000x4000.sdr.png	https://codec-corpus.r2.imazen.org/imazen-26-png-v3/1600-lilith-food/1623_food_breakfast_colorado_s23u_iso12-f1p7_20240507-145123_3000x4000.sdr.png
1624	train	1600-lilith-food	sdr	1600-lilith-food/1624_food_french-toast_colorado_s23u_iso50-f2p2_20240507-145130_4000x3000.sdr.png	https://codec-corpus.r2.imazen.org/imazen-26-png-v3/1600-lilith-food/1624_food_french-toast_colorado_s23u_iso50-f2p2_20240507-145130_4000x3000.sdr.png
1625	train	1600-lilith-food	sdr	1600-lilith-food/1625_food_bowl_colorado_s23u_iso500-f1p7_20240510-210653_3000x4000.sdr.png	https://codec-corpus.r2.imazen.org/imazen-26-png-v3/1600-lilith-food/1625_food_bowl_colorado_s23u_iso500-f1p7_20240510-210653_3000x4000.sdr.png
1626	train	1600-lilith-food	sdr	1600-lilith-food/1626_food_chocolate-cake-dessert-plate_colorado_s23u_iso800-f2p4_20240510-221014_3000x4000.sdr.png	https://codec-corpus.r2.imazen.org/imazen-26-png-v3/1600-lilith-food/1626_food_chocolate-cake-dessert-plate_colorado_s23u_iso800-f2p4_20240510-221014_3000x4000.sdr.png
1627	train	1600-lilith-food	sdr	1600-lilith-food/1627_food_assorted-mochi-platter_colorado_s23u_iso500-f1p7_20240522-202407_3000x4000.sdr.png	https://codec-corpus.r2.imazen.org/imazen-26-png-v3/1600-lilith-food/1627_food_assorted-mochi-platter_colorado_s23u_iso500-f1p7_20240522-202407_3000x4000.sdr.png
1628	train	1600-lilith-food	sdr	1600-lilith-food/1628_food_french-toast_s23u_iso250-f1p7_20240907-133934_3000x4000.sdr.png	https://codec-corpus.r2.imazen.org/imazen-26-png-v3/1600-lilith-food/1628_food_french-toast_s23u_iso250-f1p7_20240907-133934_3000x4000.sdr.png
1629	train	1600-lilith-food	sdr	1600-lilith-food/1629_food_floral-tiered-cake_colorado_s23u_iso320-f1p7_20250202-141904_3000x4000.sdr.png	https://codec-corpus.r2.imazen.org/imazen-26-png-v3/1600-lilith-food/1629_food_floral-tiered-cake_colorado_s23u_iso320-f1p7_20250202-141904_3000x4000.sdr.png
1630	train	1600-lilith-food	sdr	1600-lilith-food/1630_food_tea-and-dessert-table_wadahamaminamicho-atami-japan_s23u_iso320-f1p7_20250303-154752_4000x3000.sdr.png	https://codec-corpus.r2.imazen.org/imazen-26-png-v3/1600-lilith-food/1630_food_tea-and-dessert-table_wadahamaminamicho-atami-japan_s23u_iso320-f1p7_20250303-154752_4000x3000.sdr.png
1631	train	1600-lilith-food	sdr	1600-lilith-food/1631_food_fried-food-meal-table_3-chome-shimoda-japan_s23u_iso40-f1p7_20250306-130255_4000x3000.sdr.png	https://codec-corpus.r2.imazen.org/imazen-26-png-v3/1600-lilith-food/1631_food_fried-food-meal-table_3-chome-shimoda-japan_s23u_iso40-f1p7_20250306-130255_4000x3000.sdr.png
1632	train	1600-lilith-food	sdr	1600-lilith-food/1632_food_orange-juice-glass_uchiura-shigedera-numazu-japan_s23u_iso125-f2p4_20250307-182432_3000x4000.sdr.png	https://codec-corpus.r2.imazen.org/imazen-26-png-v3/1600-lilith-food/1632_food_orange-juice-glass_uchiura-shigedera-numazu-japan_s23u_iso125-f2p4_20250307-182432_3000x4000.sdr.png
1633	train	1600-lilith-food	sdr	1600-lilith-food/1633_food_gourmet-plated-dish_uchiura-shigedera-numazu-japan_s23u_iso125-f1p7_20250307-182828-0_3000x4000.sdr.png	https://codec-corpus.r2.imazen.org/imazen-26-png-v3/1600-lilith-food/1633_food_gourmet-plated-dish_uchiura-shigedera-numazu-japan_s23u_iso125-f1p7_20250307-182828-0_3000x4000.sdr.png
1634	train	1600-lilith-food	sdr	1600-lilith-food/1634_food_breakfast-table-setting_uchiura-shigedera-numazu-japan_s23u_iso16-f1p7_20250308-091451_3000x4000.sdr.png	https://codec-corpus.r2.imazen.org/imazen-26-png-v3/1600-lilith-food/1634_food_breakfast-table-setting_uchiura-shigedera-numazu-japan_s23u_iso16-f1p7_20250308-091451_3000x4000.sdr.png
1636	train	1600-lilith-food	sdr	1600-lilith-food/1636_food_breakfast-table-spread_ogura-beppu-japan_s23u_iso200-f1p7_20250311-100529_4000x3000.sdr.png	https://codec-corpus.r2.imazen.org/imazen-26-png-v3/1600-lilith-food/1636_food_breakfast-table-spread_ogura-beppu-japan_s23u_iso200-f1p7_20250311-100529_4000x3000.sdr.png
1637	train	1600-lilith-food	sdr	1600-lilith-food/1637_food_plated-food-dish_colorado_s23u_iso400-f1p7_20250411-204431_4000x3000.sdr.png	https://codec-corpus.r2.imazen.org/imazen-26-png-v3/1600-lilith-food/1637_food_plated-food-dish_colorado_s23u_iso400-f1p7_20250411-204431_4000x3000.sdr.png
1639	train	1600-lilith-food	hdr	1600-lilith-food/1639_food_sashimi-on-plate_colorado_s25u_iso200-f1p7_20250425-214145_4000x3000.hdr.png	https://codec-corpus.r2.imazen.org/imazen-26-png-v3/1600-lilith-food/1639_food_sashimi-on-plate_colorado_s25u_iso200-f1p7_20250425-214145_4000x3000.hdr.png
1639	train	1600-lilith-food	sdr	1600-lilith-food/1639_food_sashimi-on-plate_colorado_s25u_iso200-f1p7_20250425-214145_4000x3000.sdr.png	https://codec-corpus.r2.imazen.org/imazen-26-png-v3/1600-lilith-food/1639_food_sashimi-on-plate_colorado_s25u_iso200-f1p7_20250425-214145_4000x3000.sdr.png
1640	train	1600-lilith-food	hdr	1600-lilith-food/1640_food_birthday-cake-table_colorado_ip16pro_iso125-f1p8_img-2666_4284x5712.hdr.png	https://codec-corpus.r2.imazen.org/imazen-26-png-v3/1600-lilith-food/1640_food_birthday-cake-table_colorado_ip16pro_iso125-f1p8_img-2666_4284x5712.hdr.png
1640	train	1600-lilith-food	sdr	1600-lilith-food/1640_food_birthday-cake-table_colorado_ip16pro_iso125-f1p8_img-2666_4284x5712.sdr.png	https://codec-corpus.r2.imazen.org/imazen-26-png-v3/1600-lilith-food/1640_food_birthday-cake-table_colorado_ip16pro_iso125-f1p8_img-2666_4284x5712.sdr.png
2000	train	2000-unsplash-people	sdr	2000-unsplash-people/2000_people_by-alexander-aguero-enppvuxbcce-unsplash_4400x6600.sdr.png	https://codec-corpus.r2.imazen.org/imazen-26-png-v3/2000-unsplash-people/2000_people_by-alexander-aguero-enppvuxbcce-unsplash_4400x6600.sdr.png
2001	train	2000-unsplash-people	sdr	2000-unsplash-people/2001_people_by-anastasia-pivnenko-prng6r1nspq-unsplash_2272x3072.sdr.png	https://codec-corpus.r2.imazen.org/imazen-26-png-v3/2000-unsplash-people/2001_people_by-anastasia-pivnenko-prng6r1nspq-unsplash_2272x3072.sdr.png
2002	train	2000-unsplash-people	sdr	2000-unsplash-people/2002_people_by-ashford-marx-5nemkak1wqs-unsplash_3915x5872.sdr.png	https://codec-corpus.r2.imazen.org/imazen-26-png-v3/2000-unsplash-people/2002_people_by-ashford-marx-5nemkak1wqs-unsplash_3915x5872.sdr.png
2003	train	2000-unsplash-people	sdr	2000-unsplash-people/2003_people_by-bjorn-pierre-ureo1xiikao-unsplash_3336x4170.sdr.png	https://codec-corpus.r2.imazen.org/imazen-26-png-v3/2000-unsplash-people/2003_people_by-bjorn-pierre-ureo1xiikao-unsplash_3336x4170.sdr.png
2006	train	2000-unsplash-people	sdr	2000-unsplash-people/2006_people_by-dwayne-joe-1qjf4jk8bh0-unsplash_2624x3936.sdr.png	https://codec-corpus.r2.imazen.org/imazen-26-png-v3/2000-unsplash-people/2006_people_by-dwayne-joe-1qjf4jk8bh0-unsplash_2624x3936.sdr.png
2007	train	2000-unsplash-people	sdr	2000-unsplash-people/2007_people_by-dwayne-joe-6-rwiq8vbks-unsplash_2624x3936.sdr.png	https://codec-corpus.r2.imazen.org/imazen-26-png-v3/2000-unsplash-people/2007_people_by-dwayne-joe-6-rwiq8vbks-unsplash_2624x3936.sdr.png
2008	train	2000-unsplash-people	sdr	2000-unsplash-people/2008_people_by-ehsan-ahmadi-vswy6nchcos-unsplash_3304x4129.sdr.png	https://codec-corpus.r2.imazen.org/imazen-26-png-v3/2000-unsplash-people/2008_people_by-ehsan-ahmadi-vswy6nchcos-unsplash_3304x4129.sdr.png
2010	train	2000-unsplash-people	sdr	2000-unsplash-people/2010_people_by-emmanuel-black-j7lc6bzguzs-unsplash_3944x4930.sdr.png	https://codec-corpus.r2.imazen.org/imazen-26-png-v3/2000-unsplash-people/2010_people_by-emmanuel-black-j7lc6bzguzs-unsplash_3944x4930.sdr.png
2012	train	2000-unsplash-people	sdr	2000-unsplash-people/2012_people_by-ian-taylor-blopn4jci7s-unsplash_4000x3000.sdr.png	https://codec-corpus.r2.imazen.org/imazen-26-png-v3/2000-unsplash-people/2012_people_by-ian-taylor-blopn4jci7s-unsplash_4000x3000.sdr.png
2013	train	2000-unsplash-people	sdr	2000-unsplash-people/2013_people_by-jadon-johnson-25z-vyspuna-unsplash_4000x6000.sdr.png	https://codec-corpus.r2.imazen.org/imazen-26-png-v3/2000-unsplash-people/2013_people_by-jadon-johnson-25z-vyspuna-unsplash_4000x6000.sdr.png
2014	train	2000-unsplash-people	sdr	2000-unsplash-people/2014_people_by-jing-chen-sld5c8su-ue-unsplash_6240x4160.sdr.png	https://codec-corpus.r2.imazen.org/imazen-26-png-v3/2000-unsplash-people/2014_people_by-jing-chen-sld5c8su-ue-unsplash_6240x4160.sdr.png
2015	train	2000-unsplash-people	sdr	2000-unsplash-people/2015_people_by-jr-clavant-andn4su2f0a-unsplash_3255x4883.sdr.png	https://codec-corpus.r2.imazen.org/imazen-26-png-v3/2000-unsplash-people/2015_people_by-jr-clavant-andn4su2f0a-unsplash_3255x4883.sdr.png
2016	train	2000-unsplash-people	sdr	2000-unsplash-people/2016_people_by-jr-clavant-gk26zebuw48-unsplash_2208x3314.sdr.png	https://codec-corpus.r2.imazen.org/imazen-26-png-v3/2000-unsplash-people/2016_people_by-jr-clavant-gk26zebuw48-unsplash_2208x3314.sdr.png
2017	train	2000-unsplash-people	sdr	2000-unsplash-people/2017_people_by-kateryna-hliznitsova-ttpz0t24e0c-unsplash_3157x4712.sdr.png	https://codec-corpus.r2.imazen.org/imazen-26-png-v3/2000-unsplash-people/2017_people_by-kateryna-hliznitsova-ttpz0t24e0c-unsplash_3157x4712.sdr.png
2018	train	2000-unsplash-people	sdr	2000-unsplash-people/2018_people_by-luigi-ritchie-eljmmcgmega-unsplash_4774x4774.sdr.png	https://codec-corpus.r2.imazen.org/imazen-26-png-v3/2000-unsplash-people/2018_people_by-luigi-ritchie-eljmmcgmega-unsplash_4774x4774.sdr.png
2019	train	2000-unsplash-people	sdr	2000-unsplash-people/2019_people_by-michael-kyule-a0y-e10h8e8-unsplash_4160x5536.sdr.png	https://codec-corpus.r2.imazen.org/imazen-26-png-v3/2000-unsplash-people/2019_people_by-michael-kyule-a0y-e10h8e8-unsplash_4160x5536.sdr.png
2020	train	2000-unsplash-people	sdr	2000-unsplash-people/2020_people_by-mrtiger-xime2yd4gdw-unsplash_4672x7008.sdr.png	https://codec-corpus.r2.imazen.org/imazen-26-png-v3/2000-unsplash-people/2020_people_by-mrtiger-xime2yd4gdw-unsplash_4672x7008.sdr.png
2021	train	2000-unsplash-people	sdr	2000-unsplash-people/2021_people_by-pete-walls-rac2iyyyy4a-unsplash_2000x3000.sdr.png	https://codec-corpus.r2.imazen.org/imazen-26-png-v3/2000-unsplash-people/2021_people_by-pete-walls-rac2iyyyy4a-unsplash_2000x3000.sdr.png
2022	train	2000-unsplash-people	sdr	2000-unsplash-people/2022_people_by-ravi-sharma-ko7-phdhbo-unsplash_4160x6240.sdr.png	https://codec-corpus.r2.imazen.org/imazen-26-png-v3/2000-unsplash-people/2022_people_by-ravi-sharma-ko7-phdhbo-unsplash_4160x6240.sdr.png
2023	train	2000-unsplash-people	sdr	2000-unsplash-people/2023_people_by-richard-stachmann-es-yoqocsm-unsplash_2207x3130.sdr.png	https://codec-corpus.r2.imazen.org/imazen-26-png-v3/2000-unsplash-people/2023_people_by-richard-stachmann-es-yoqocsm-unsplash_2207x3130.sdr.png
2024	train	2000-unsplash-people	sdr	2000-unsplash-people/2024_people_by-sammy-swae-jaip1hvdvbg-unsplash_4672x7008.sdr.png	https://codec-corpus.r2.imazen.org/imazen-26-png-v3/2000-unsplash-people/2024_people_by-sammy-swae-jaip1hvdvbg-unsplash_4672x7008.sdr.png
2025	train	2000-unsplash-people	sdr	2000-unsplash-people/2025_people_by-spenser-sembrat-jrjzsmtgvlm-unsplash_2880x3600.sdr.png	https://codec-corpus.r2.imazen.org/imazen-26-png-v3/2000-unsplash-people/2025_people_by-spenser-sembrat-jrjzsmtgvlm-unsplash_2880x3600.sdr.png
2026	train	2000-unsplash-people	sdr	2000-unsplash-people/2026_people_by-willian-justen-de-vasconcellos-3f1eju2ib4u-unsplash_5637x3758.sdr.png	https://codec-corpus.r2.imazen.org/imazen-26-png-v3/2000-unsplash-people/2026_people_by-willian-justen-de-vasconcellos-3f1eju2ib4u-unsplash_5637x3758.sdr.png
2027	train	2000-unsplash-people	sdr	2000-unsplash-people/2027_people_by-yash-rai-yl6qi4fn66m-unsplash_3072x4608.sdr.png	https://codec-corpus.r2.imazen.org/imazen-26-png-v3/2000-unsplash-people/2027_people_by-yash-rai-yl6qi4fn66m-unsplash_3072x4608.sdr.png
2200	train	2200-unsplash-renders	sdr	2200-unsplash-renders/2200_renders_abstract-folded-ribbons_by-a-chosen-soul-moigsaj8te0-unsplash_7680x4320.sdr.png	https://codec-corpus.r2.imazen.org/imazen-26-png-v3/2200-unsplash-renders/2200_renders_abstract-folded-ribbons_by-a-chosen-soul-moigsaj8te0-unsplash_7680x4320.sdr.png
2201	train	2200-unsplash-renders	sdr	2200-unsplash-renders/2201_renders_abstract-dark-curves_by-anton-sobotyak-g7ayfxxntva-unsplash_3840x2160.sdr.png	https://codec-corpus.r2.imazen.org/imazen-26-png-v3/2200-unsplash-renders/2201_renders_abstract-dark-curves_by-anton-sobotyak-g7ayfxxntva-unsplash_3840x2160.sdr.png
2202	train	2200-unsplash-renders	sdr	2200-unsplash-renders/2202_renders_planet-with-city-lights_by-itsiken-pmyoy3wafpu-unsplash_3000x3000.sdr.png	https://codec-corpus.r2.imazen.org/imazen-26-png-v3/2200-unsplash-renders/2202_renders_planet-with-city-lights_by-itsiken-pmyoy3wafpu-unsplash_3000x3000.sdr.png
2203	train	2200-unsplash-renders	sdr	2200-unsplash-renders/2203_renders_abstract-radial-pattern_by-logan-voss-ym9b8fkeo3w-unsplash_4320x7680.sdr.png	https://codec-corpus.r2.imazen.org/imazen-26-png-v3/2200-unsplash-renders/2203_renders_abstract-radial-pattern_by-logan-voss-ym9b8fkeo3w-unsplash_4320x7680.sdr.png
2204	train	2200-unsplash-renders	sdr	2200-unsplash-renders/2204_renders_abstract-line-pattern_by-logan-voss-z-e-zrfty00-unsplash_4320x7680.sdr.png	https://codec-corpus.r2.imazen.org/imazen-26-png-v3/2200-unsplash-renders/2204_renders_abstract-line-pattern_by-logan-voss-z-e-zrfty00-unsplash_4320x7680.sdr.png
2205	train	2200-unsplash-renders	sdr	2200-unsplash-renders/2205_renders_abstract-flower-render_by-luthfi-alfarizi-worzbphy654-unsplash_3000x4000.sdr.png	https://codec-corpus.r2.imazen.org/imazen-26-png-v3/2200-unsplash-renders/2205_renders_abstract-flower-render_by-luthfi-alfarizi-worzbphy654-unsplash_3000x4000.sdr.png
2206	train	2200-unsplash-renders	sdr	2200-unsplash-renders/2206_renders_abstract-color-pattern_by-marek-pavlik-fozwxagka1o-unsplash_3840x2160.sdr.png	https://codec-corpus.r2.imazen.org/imazen-26-png-v3/2200-unsplash-renders/2206_renders_abstract-color-pattern_by-marek-pavlik-fozwxagka1o-unsplash_3840x2160.sdr.png
2207	train	2200-unsplash-renders	sdr	2200-unsplash-renders/2207_renders_abstract-contour-pattern_by-matt-str-l5btvo8eeyq-unsplash_11514x8635.sdr.png	https://codec-corpus.r2.imazen.org/imazen-26-png-v3/2200-unsplash-renders/2207_renders_abstract-contour-pattern_by-matt-str-l5btvo8eeyq-unsplash_11514x8635.sdr.png
2208	train	2200-unsplash-renders	sdr	2200-unsplash-renders/2208_renders_arched-room-round-window_by-mehrab-sium-wfxnp8g8-7q-unsplash_3240x4860.sdr.png	https://codec-corpus.r2.imazen.org/imazen-26-png-v3/2200-unsplash-renders/2208_renders_arched-room-round-window_by-mehrab-sium-wfxnp8g8-7q-unsplash_3240x4860.sdr.png
2209	train	2200-unsplash-renders	sdr	2200-unsplash-renders/2209_renders_human-figure-render_by-nick-andreka-ynebo2q91oq-unsplash_2160x2700.sdr.png	https://codec-corpus.r2.imazen.org/imazen-26-png-v3/2200-unsplash-renders/2209_renders_human-figure-render_by-nick-andreka-ynebo2q91oq-unsplash_2160x2700.sdr.png
2210	train	2200-unsplash-renders	sdr	2200-unsplash-renders/2210_renders_abstract-line-pattern_by-resource-database-xp6ngsgxck0-unsplash_4000x5000.sdr.png	https://codec-corpus.r2.imazen.org/imazen-26-png-v3/2200-unsplash-renders/2210_renders_abstract-line-pattern_by-resource-database-xp6ngsgxck0-unsplash_4000x5000.sdr.png
2211	train	2200-unsplash-renders	sdr	2200-unsplash-renders/2211_renders_dropper-bottle-on-flowers_by-route4design-wkmy-s2wmdk-unsplash_2400x3840.sdr.png	https://codec-corpus.r2.imazen.org/imazen-26-png-v3/2200-unsplash-renders/2211_renders_dropper-bottle-on-flowers_by-route4design-wkmy-s2wmdk-unsplash_2400x3840.sdr.png
2212	train	2200-unsplash-renders	sdr	2200-unsplash-renders/2212_renders_bear_by-zoha-gohar-ekvbymo0qzg-unsplash_6144x4608.sdr.png	https://codec-corpus.r2.imazen.org/imazen-26-png-v3/2200-unsplash-renders/2212_renders_bear_by-zoha-gohar-ekvbymo0qzg-unsplash_6144x4608.sdr.png
2401	train	2400-unsplash-textures	sdr	2400-unsplash-textures/2401_textures_aerial-golf-course_by-bernd-dittrich-3mdshe3iiok-unsplash_4608x8192.sdr.png	https://codec-corpus.r2.imazen.org/imazen-26-png-v3/2400-unsplash-textures/2401_textures_aerial-golf-course_by-bernd-dittrich-3mdshe3iiok-unsplash_4608x8192.sdr.png
2403	train	2400-unsplash-textures	sdr	2400-unsplash-textures/2403_textures_building-balconies-pattern_by-han-hyunjun-zd1u-c1bf8a-unsplash_3750x5000.sdr.png	https://codec-corpus.r2.imazen.org/imazen-26-png-v3/2400-unsplash-textures/2403_textures_building-balconies-pattern_by-han-hyunjun-zd1u-c1bf8a-unsplash_3750x5000.sdr.png
2404	train	2400-unsplash-textures	sdr	2400-unsplash-textures/2404_textures_tree-bark-texture_by-hwang-sanguk-k0tljwrabxg-unsplash_3024x3024.sdr.png	https://codec-corpus.r2.imazen.org/imazen-26-png-v3/2400-unsplash-textures/2404_textures_tree-bark-texture_by-hwang-sanguk-k0tljwrabxg-unsplash_3024x3024.sdr.png
2405	train	2400-unsplash-textures	sdr	2400-unsplash-textures/2405_textures_green-galaxy-speckle_by-logan-voss-bsfdgf4xtac-unsplash_4320x7680.sdr.png	https://codec-corpus.r2.imazen.org/imazen-26-png-v3/2400-unsplash-textures/2405_textures_green-galaxy-speckle_by-logan-voss-bsfdgf4xtac-unsplash_4320x7680.sdr.png
2407	train	2400-unsplash-textures	sdr	2400-unsplash-textures/2407_textures_blue-wabring-threads_by-pawel-czerwinski-kra9zndplra-unsplash_4000x6000.sdr.png	https://codec-corpus.r2.imazen.org/imazen-26-png-v3/2400-unsplash-textures/2407_textures_blue-wabring-threads_by-pawel-czerwinski-kra9zndplra-unsplash_4000x6000.sdr.png
2408	train	2400-unsplash-textures	sdr	2400-unsplash-textures/2408_textures_marble-slab-artillery_by-teresa-xchefhoppxe-unsplash_2048x2732.sdr.png	https://codec-corpus.r2.imazen.org/imazen-26-png-v3/2400-unsplash-textures/2408_textures_marble-slab-artillery_by-teresa-xchefhoppxe-unsplash_2048x2732.sdr.png
2409	train	2400-unsplash-textures	sdr	2400-unsplash-textures/2409_textures_blue-abstract-texture_by-tim-mossholder-shmrlyrv-s0-unsplash_5504x8256.sdr.png	https://codec-corpus.r2.imazen.org/imazen-26-png-v3/2400-unsplash-textures/2409_textures_blue-abstract-texture_by-tim-mossholder-shmrlyrv-s0-unsplash_5504x8256.sdr.png
3000	train	3000-art-institute-of-chicago-photos	sdr	3000-art-institute-of-chicago-photos/3000_aic_for-sunday-s-dinner_111377_1269x2250.sdr.png	https://codec-corpus.r2.imazen.org/imazen-26-png-v3/3000-art-institute-of-chicago-photos/3000_aic_for-sunday-s-dinner_111377_1269x2250.sdr.png
3001	train	3000-art-institute-of-chicago-photos	sdr	3000-art-institute-of-chicago-photos/3001_aic_self-portrait_11_4000x5226.sdr.png	https://codec-corpus.r2.imazen.org/imazen-26-png-v3/3000-art-institute-of-chicago-photos/3001_aic_self-portrait_11_4000x5226.sdr.png
3002	train	3000-art-institute-of-chicago-photos	sdr	3000-art-institute-of-chicago-photos/3002_aic_the-irish-question_181777_4000x4860.sdr.png	https://codec-corpus.r2.imazen.org/imazen-26-png-v3/3000-art-institute-of-chicago-photos/3002_aic_the-irish-question_181777_4000x4860.sdr.png
3003	train	3000-art-institute-of-chicago-photos	sdr	3000-art-institute-of-chicago-photos/3003_aic_village-among-the-trees_23119_4000x2832.sdr.png	https://codec-corpus.r2.imazen.org/imazen-26-png-v3/3000-art-institute-of-chicago-photos/3003_aic_village-among-the-trees_23119_4000x2832.sdr.png
3004	train	3000-art-institute-of-chicago-photos	sdr	3000-art-institute-of-chicago-photos/3004_aic_hydria-water-jar_253_1169x1559.sdr.png	https://codec-corpus.r2.imazen.org/imazen-26-png-v3/3000-art-institute-of-chicago-photos/3004_aic_hydria-water-jar_253_1169x1559.sdr.png
3005	train	3000-art-institute-of-chicago-photos	sdr	3000-art-institute-of-chicago-photos/3005_aic_mitsuke-ferries-crossing-the-tenryu-river-mitsuk_4368_3000x2240.sdr.png	https://codec-corpus.r2.imazen.org/imazen-26-png-v3/3000-art-institute-of-chicago-photos/3005_aic_mitsuke-ferries-crossing-the-tenryu-river-mitsuk_4368_3000x2240.sdr.png
3006	train	3000-art-institute-of-chicago-photos	sdr	3000-art-institute-of-chicago-photos/3006_aic_hamamatsu-from-the-series-fifty-three-stations-o_4371_3000x2235.sdr.png	https://codec-corpus.r2.imazen.org/imazen-26-png-v3/3000-art-institute-of-chicago-photos/3006_aic_hamamatsu-from-the-series-fifty-three-stations-o_4371_3000x2235.sdr.png
3007	train	3000-art-institute-of-chicago-photos	sdr	3000-art-institute-of-chicago-photos/3007_aic_rounded-jar-depicting-abstract-fish-or-sharks_4715_2848x2250.sdr.png	https://codec-corpus.r2.imazen.org/imazen-26-png-v3/3000-art-institute-of-chicago-photos/3007_aic_rounded-jar-depicting-abstract-fish-or-sharks_4715_2848x2250.sdr.png
3008	train	3000-art-institute-of-chicago-photos	sdr	3000-art-institute-of-chicago-photos/3008_aic_trompe-l-oeil-still-life-with-a-flower-garland-a_66042_4000x2883.sdr.png	https://codec-corpus.r2.imazen.org/imazen-26-png-v3/3000-art-institute-of-chicago-photos/3008_aic_trompe-l-oeil-still-life-with-a-flower-garland-a_66042_4000x2883.sdr.png
3009	train	3000-art-institute-of-chicago-photos	sdr	3000-art-institute-of-chicago-photos/3009_aic_komurasaki-of-the-miuraya-and-shirai-gompachi-mi_7624_676x3000.sdr.png	https://codec-corpus.r2.imazen.org/imazen-26-png-v3/3000-art-institute-of-chicago-photos/3009_aic_komurasaki-of-the-miuraya-and-shirai-gompachi-mi_7624_676x3000.sdr.png
3010	train	3000-art-institute-of-chicago-photos	sdr	3000-art-institute-of-chicago-photos/3010_aic_self-portrait_80607_4000x5097.sdr.png	https://codec-corpus.r2.imazen.org/imazen-26-png-v3/3000-art-institute-of-chicago-photos/3010_aic_self-portrait_80607_4000x5097.sdr.png
3011	train	3000-art-institute-of-chicago-photos	sdr	3000-art-institute-of-chicago-photos/3011_aic_portrait-of-an-artist_862_1783x2250.sdr.png	https://codec-corpus.r2.imazen.org/imazen-26-png-v3/3000-art-institute-of-chicago-photos/3011_aic_portrait-of-an-artist_862_1783x2250.sdr.png
3012	train	3000-art-institute-of-chicago-photos	sdr	3000-art-institute-of-chicago-photos/3012_aic_landscape_874_2829x2250.sdr.png	https://codec-corpus.r2.imazen.org/imazen-26-png-v3/3000-art-institute-of-chicago-photos/3012_aic_landscape_874_2829x2250.sdr.png
3013	train	3000-art-institute-of-chicago-photos	sdr	3000-art-institute-of-chicago-photos/3013_aic_distant-view-of-niagara-falls_90048_4000x3099.sdr.png	https://codec-corpus.r2.imazen.org/imazen-26-png-v3/3000-art-institute-of-chicago-photos/3013_aic_distant-view-of-niagara-falls_90048_4000x3099.sdr.png
3014	train	3000-art-institute-of-chicago-photos	sdr	3000-art-institute-of-chicago-photos/3014_aic_single-spout-vessel-with-molded-abstract-figure_9119_2719x2250.sdr.png	https://codec-corpus.r2.imazen.org/imazen-26-png-v3/3000-art-institute-of-chicago-photos/3014_aic_single-spout-vessel-with-molded-abstract-figure_9119_2719x2250.sdr.png
3300	train	3300-met-museum-photos	sdr	3300-met-museum-photos/3300_met_still-life-violin-and-music_10997_2832x3722.sdr.png	https://codec-corpus.r2.imazen.org/imazen-26-png-v3/3300-met-museum-photos/3300_met_still-life-violin-and-music_10997_2832x3722.sdr.png
3301	train	3300-met-museum-photos	sdr	3300-met-museum-photos/3301_met_marine_11597_1801x2140.sdr.png	https://codec-corpus.r2.imazen.org/imazen-26-png-v3/3300-met-museum-photos/3301_met_marine_11597_1801x2140.sdr.png
3302	train	3300-met-museum-photos	sdr	3300-met-museum-photos/3302_met_landscape_11774_2362x1585.sdr.png	https://codec-corpus.r2.imazen.org/imazen-26-png-v3/3300-met-museum-photos/3302_met_landscape_11774_2362x1585.sdr.png
3303	train	3300-met-museum-photos	sdr	3300-met-museum-photos/3303_met_wall-light-one-of-a-pair_206979_3811x3049.sdr.png	https://codec-corpus.r2.imazen.org/imazen-26-png-v3/3300-met-museum-photos/3303_met_wall-light-one-of-a-pair_206979_3811x3049.sdr.png
3304	train	3300-met-museum-photos	sdr	3300-met-museum-photos/3304_met_chinese-figure-with-bird_207138_2978x3722.sdr.png	https://codec-corpus.r2.imazen.org/imazen-26-png-v3/3300-met-museum-photos/3304_met_chinese-figure-with-bird_207138_2978x3722.sdr.png
3305	train	3300-met-museum-photos	sdr	3300-met-museum-photos/3305_met_portrait_226943_2257x2665.sdr.png	https://codec-corpus.r2.imazen.org/imazen-26-png-v3/3300-met-museum-photos/3305_met_portrait_226943_2257x2665.sdr.png
3308	train	3300-met-museum-photos	sdr	3300-met-museum-photos/3308_met_marine_337533_3790x2664.sdr.png	https://codec-corpus.r2.imazen.org/imazen-26-png-v3/3300-met-museum-photos/3308_met_marine_337533_3790x2664.sdr.png
3309	train	3300-met-museum-photos	sdr	3300-met-museum-photos/3309_met_portrait_340070_2872x3623.sdr.png	https://codec-corpus.r2.imazen.org/imazen-26-png-v3/3300-met-museum-photos/3309_met_portrait_340070_2872x3623.sdr.png
3310	train	3300-met-museum-photos	sdr	3300-met-museum-photos/3310_met_landscape_359362_3869x2896.sdr.png	https://codec-corpus.r2.imazen.org/imazen-26-png-v3/3300-met-museum-photos/3310_met_landscape_359362_3869x2896.sdr.png
3311	train	3300-met-museum-photos	sdr	3300-met-museum-photos/3311_met_jamb-stove_3689_2002x1717.sdr.png	https://codec-corpus.r2.imazen.org/imazen-26-png-v3/3300-met-museum-photos/3311_met_jamb-stove_3689_2002x1717.sdr.png
3312	train	3300-met-museum-photos	sdr	3300-met-museum-photos/3312_met_portrait_374222_3150x4000.sdr.png	https://codec-corpus.r2.imazen.org/imazen-26-png-v3/3300-met-museum-photos/3312_met_portrait_374222_3150x4000.sdr.png
3314	train	3300-met-museum-photos	sdr	3300-met-museum-photos/3314_met_shiraito-waterfall-at-hakone_40336_4000x2826.sdr.png	https://codec-corpus.r2.imazen.org/imazen-26-png-v3/3300-met-museum-photos/3314_met_shiraito-waterfall-at-hakone_40336_4000x2826.sdr.png
3315	train	3300-met-museum-photos	sdr	3300-met-museum-photos/3315_met_still-life-with-a-skull-and-a-writing-quill_435904_3811x2569.sdr.png	https://codec-corpus.r2.imazen.org/imazen-26-png-v3/3300-met-museum-photos/3315_met_still-life-with-a-skull-and-a-writing-quill_435904_3811x2569.sdr.png
3316	train	3300-met-museum-photos	sdr	3300-met-museum-photos/3316_met_a-brazilian-landscape_437323_3811x2513.sdr.png	https://codec-corpus.r2.imazen.org/imazen-26-png-v3/3300-met-museum-photos/3316_met_a-brazilian-landscape_437323_3811x2513.sdr.png
3318	train	3300-met-museum-photos	sdr	3300-met-museum-photos/3318_met_vessel_479496_2505x2596.sdr.png	https://codec-corpus.r2.imazen.org/imazen-26-png-v3/3300-met-museum-photos/3318_met_vessel_479496_2505x2596.sdr.png
3319	train	3300-met-museum-photos	sdr	3300-met-museum-photos/3319_met_manuscript_4938_1925x2366.sdr.png	https://codec-corpus.r2.imazen.org/imazen-26-png-v3/3300-met-museum-photos/3319_met_manuscript_4938_1925x2366.sdr.png
3320	train	3300-met-museum-photos	sdr	3300-met-museum-photos/3320_met_six-jewel-rivers_53427_3841x2149.sdr.png	https://codec-corpus.r2.imazen.org/imazen-26-png-v3/3300-met-museum-photos/3320_met_six-jewel-rivers_53427_3841x2149.sdr.png
3322	train	3300-met-museum-photos	sdr	3300-met-museum-photos/3322_met_a-molted-cicada-shell-utsusemi-soga-gor-tokimune_789145_3000x4000.sdr.png	https://codec-corpus.r2.imazen.org/imazen-26-png-v3/3300-met-museum-photos/3322_met_a-molted-cicada-shell-utsusemi-soga-gor-tokimune_789145_3000x4000.sdr.png
3323	train	3300-met-museum-photos	sdr	3300-met-museum-photos/3323_met_still-life_898372_3743x4000.sdr.png	https://codec-corpus.r2.imazen.org/imazen-26-png-v3/3300-met-museum-photos/3323_met_still-life_898372_3743x4000.sdr.png
5001	train	5000-national-park-service-brochures	sdr	5000-national-park-service-brochures/color/5001_nps_bibe-2023-wild-and-scenic-rivers_color_p02_7016x4961.sdr.png	https://codec-corpus.r2.imazen.org/imazen-26-png-v3/5000-national-park-service-brochures/color/5001_nps_bibe-2023-wild-and-scenic-rivers_color_p02_7016x4961.sdr.png
5002	train	5000-national-park-service-brochures	sdr	5000-national-park-service-brochures/color/5002_nps_biho-biho-side-1-6_color_p01_5561x7616.sdr.png	https://codec-corpus.r2.imazen.org/imazen-26-png-v3/5000-national-park-service-brochures/color/5002_nps_biho-biho-side-1-6_color_p01_5561x7616.sdr.png
5004	train	5000-national-park-service-brochures	sdr	5000-national-park-service-brochures/color/5004_nps_blca-black-canyon-2023_color_p02_7016x4961.sdr.png	https://codec-corpus.r2.imazen.org/imazen-26-png-v3/5000-national-park-service-brochures/color/5004_nps_blca-black-canyon-2023_color_p02_7016x4961.sdr.png
5005	train	5000-national-park-service-brochures	sdr	5000-national-park-service-brochures/color/5005_nps_cany-isky-backcountry-zone-map_color_p01_2550x3300.sdr.png	https://codec-corpus.r2.imazen.org/imazen-26-png-v3/5000-national-park-service-brochures/color/5005_nps_cany-isky-backcountry-zone-map_color_p01_2550x3300.sdr.png
5006	train	5000-national-park-service-brochures	sdr	5000-national-park-service-brochures/color/5006_nps_care-care-map-2021_color_p01_4961x7016.sdr.png	https://codec-corpus.r2.imazen.org/imazen-26-png-v3/5000-national-park-service-brochures/color/5006_nps_care-care-map-2021_color_p01_4961x7016.sdr.png
5007	train	5000-national-park-service-brochures	sdr	5000-national-park-service-brochures/color/5007_nps_choh-great-falls-hiking-map_color_p01_3300x2550.sdr.png	https://codec-corpus.r2.imazen.org/imazen-26-png-v3/5000-national-park-service-brochures/color/5007_nps_choh-great-falls-hiking-map_color_p01_3300x2550.sdr.png
5009	train	5000-national-park-service-brochures	sdr	5000-national-park-service-brochures/color/5009_nps_deva-backcountry-and-wilderness-access-map_color_p01_4800x6900.sdr.png	https://codec-corpus.r2.imazen.org/imazen-26-png-v3/5000-national-park-service-brochures/color/5009_nps_deva-backcountry-and-wilderness-access-map_color_p01_4800x6900.sdr.png
5010	train	5000-national-park-service-brochures	sdr	5000-national-park-service-brochures/color/5010_nps_deva-backcountry-and-wilderness-access-map_color_p02_4800x6900.sdr.png	https://codec-corpus.r2.imazen.org/imazen-26-png-v3/5000-national-park-service-brochures/color/5010_nps_deva-backcountry-and-wilderness-access-map_color_p02_4800x6900.sdr.png
5011	train	5000-national-park-service-brochures	sdr	5000-national-park-service-brochures/color/5011_nps_dewa-dingmanscampgroundmap-1_color_p01_2550x3300.sdr.png	https://codec-corpus.r2.imazen.org/imazen-26-png-v3/5000-national-park-service-brochures/color/5011_nps_dewa-dingmanscampgroundmap-1_color_p01_2550x3300.sdr.png
5012	train	5000-national-park-service-brochures	sdr	5000-national-park-service-brochures/color/5012_nps_fova-mcho-map_color_p01_716x714.sdr.png	https://codec-corpus.r2.imazen.org/imazen-26-png-v3/5000-national-park-service-brochures/color/5012_nps_fova-mcho-map_color_p01_716x714.sdr.png
5013	train	5000-national-park-service-brochures	sdr	5000-national-park-service-brochures/color/5013_nps_grca-grcamap2_color_p01_3000x2250.sdr.png	https://codec-corpus.r2.imazen.org/imazen-26-png-v3/5000-national-park-service-brochures/color/5013_nps_grca-grcamap2_color_p01_3000x2250.sdr.png
5014	train	5000-national-park-service-brochures	sdr	5000-national-park-service-brochures/color/5014_nps_grca-sr-pocket-map_color_p01_9355x2481.sdr.png	https://codec-corpus.r2.imazen.org/imazen-26-png-v3/5000-national-park-service-brochures/color/5014_nps_grca-sr-pocket-map_color_p01_9355x2481.sdr.png
5015	train	5000-national-park-service-brochures	sdr	5000-national-park-service-brochures/color/5015_nps_grca-sr-pocket-map_color_p02_9355x2481.sdr.png	https://codec-corpus.r2.imazen.org/imazen-26-png-v3/5000-national-park-service-brochures/color/5015_nps_grca-sr-pocket-map_color_p02_9355x2481.sdr.png
5016	train	5000-national-park-service-brochures	sdr	5000-national-park-service-brochures/color/5016_nps_grsm-grsm-area-map_color_p01_10182x5460.sdr.png	https://codec-corpus.r2.imazen.org/imazen-26-png-v3/5000-national-park-service-brochures/color/5016_nps_grsm-grsm-area-map_color_p01_10182x5460.sdr.png
5017	train	5000-national-park-service-brochures	sdr	5000-national-park-service-brochures/color/5017_nps_grsm-grsm-trail-map_color_p01_9146x5272.sdr.png	https://codec-corpus.r2.imazen.org/imazen-26-png-v3/5000-national-park-service-brochures/color/5017_nps_grsm-grsm-trail-map_color_p01_9146x5272.sdr.png
5018	train	5000-national-park-service-brochures	sdr	5000-national-park-service-brochures/color/5018_nps_katm-katm-park-map_color_p01_5650x5200.sdr.png	https://codec-corpus.r2.imazen.org/imazen-26-png-v3/5000-national-park-service-brochures/color/5018_nps_katm-katm-park-map_color_p01_5650x5200.sdr.png
5019	train	5000-national-park-service-brochures	sdr	5000-national-park-service-brochures/color/5019_nps_npsa-area-map_color_p01_6300x2475.sdr.png	https://codec-corpus.r2.imazen.org/imazen-26-png-v3/5000-national-park-service-brochures/color/5019_nps_npsa-area-map_color_p01_6300x2475.sdr.png
5020	train	5000-national-park-service-brochures	sdr	5000-national-park-service-brochures/color/5020_nps_npsa-area-map_color_p02_6300x2475.sdr.png	https://codec-corpus.r2.imazen.org/imazen-26-png-v3/5000-national-park-service-brochures/color/5020_nps_npsa-area-map_color_p02_6300x2475.sdr.png
5021	train	5000-national-park-service-brochures	sdr	5000-national-park-service-brochures/color/5021_nps_pinn-2019-map-update-draft-2_color_p01_4800x7200.sdr.png	https://codec-corpus.r2.imazen.org/imazen-26-png-v3/5000-national-park-service-brochures/color/5021_nps_pinn-2019-map-update-draft-2_color_p01_4800x7200.sdr.png
5022	train	5000-national-park-service-brochures	sdr	5000-national-park-service-brochures/color/5022_nps_pinn-2019-map-update-draft-cropped2_color_p01_1685x1305.sdr.png	https://codec-corpus.r2.imazen.org/imazen-26-png-v3/5000-national-park-service-brochures/color/5022_nps_pinn-2019-map-update-draft-cropped2_color_p01_1685x1305.sdr.png
5023	train	5000-national-park-service-brochures	sdr	5000-national-park-service-brochures/color/5023_nps_redw-horsetrails-sb-2021-2_color_p03_2550x4200.sdr.png	https://codec-corpus.r2.imazen.org/imazen-26-png-v3/5000-national-park-service-brochures/color/5023_nps_redw-horsetrails-sb-2021-2_color_p03_2550x4200.sdr.png
5024	train	5000-national-park-service-brochures	sdr	5000-national-park-service-brochures/color/5024_nps_samo-backbonetrail-2023_color_p01_2550x4200.sdr.png	https://codec-corpus.r2.imazen.org/imazen-26-png-v3/5000-national-park-service-brochures/color/5024_nps_samo-backbonetrail-2023_color_p01_2550x4200.sdr.png
5025	train	5000-national-park-service-brochures	sdr	5000-national-park-service-brochures/color/5025_nps_samo-backbonetrail-2023_color_p02_2550x4200.sdr.png	https://codec-corpus.r2.imazen.org/imazen-26-png-v3/5000-national-park-service-brochures/color/5025_nps_samo-backbonetrail-2023_color_p02_2550x4200.sdr.png
5026	train	5000-national-park-service-brochures	sdr	5000-national-park-service-brochures/color/5026_nps_whsa-whsa-2022_color_p01_4961x5847.sdr.png	https://codec-corpus.r2.imazen.org/imazen-26-png-v3/5000-national-park-service-brochures/color/5026_nps_whsa-whsa-2022_color_p01_4961x5847.sdr.png
5027	train	5000-national-park-service-brochures	sdr	5000-national-park-service-brochures/color/5027_nps_whsa-whsa-2022_color_p02_4961x5847.sdr.png	https://codec-corpus.r2.imazen.org/imazen-26-png-v3/5000-national-park-service-brochures/color/5027_nps_whsa-whsa-2022_color_p02_4961x5847.sdr.png
5028	train	5000-national-park-service-brochures	sdr	5000-national-park-service-brochures/color/5028_nps_wrst-wrst-chinese-reduced_color_p01_4961x7016.sdr.png	https://codec-corpus.r2.imazen.org/imazen-26-png-v3/5000-national-park-service-brochures/color/5028_nps_wrst-wrst-chinese-reduced_color_p01_4961x7016.sdr.png
5029	train	5000-national-park-service-brochures	sdr	5000-national-park-service-brochures/color/5029_nps_wrst-wrst-chinese-reduced_color_p02_4961x7016.sdr.png	https://codec-corpus.r2.imazen.org/imazen-26-png-v3/5000-national-park-service-brochures/color/5029_nps_wrst-wrst-chinese-reduced_color_p02_4961x7016.sdr.png
5031	train	5000-national-park-service-brochures	sdr	5000-national-park-service-brochures/color/5031_nps_yell-2025-yellowstone_color_p02_4961x7016.sdr.png	https://codec-corpus.r2.imazen.org/imazen-26-png-v3/5000-national-park-service-brochures/color/5031_nps_yell-2025-yellowstone_color_p02_4961x7016.sdr.png
5032	train	5000-national-park-service-brochures	sdr	5000-national-park-service-brochures/color/5032_nps_yose-yosemitecampgroundmap2013_color_p01_2590x3209.sdr.png	https://codec-corpus.r2.imazen.org/imazen-26-png-v3/5000-national-park-service-brochures/color/5032_nps_yose-yosemitecampgroundmap2013_color_p01_2590x3209.sdr.png
5034	train	5000-national-park-service-brochures	sdr	5000-national-park-service-brochures/grayscale/5034_nps_cany-islandroadsandtrailsupdated24-508forweb_gray_p02_2550x4200.sdr.png	https://codec-corpus.r2.imazen.org/imazen-26-png-v3/5000-national-park-service-brochures/grayscale/5034_nps_cany-islandroadsandtrailsupdated24-508forweb_gray_p02_2550x4200.sdr.png
5035	train	5000-national-park-service-brochures	sdr	5000-national-park-service-brochures/grayscale/5035_nps_care-fruita-area-map-and-guide_gray_p01_3300x5100.sdr.png	https://codec-corpus.r2.imazen.org/imazen-26-png-v3/5000-national-park-service-brochures/grayscale/5035_nps_care-fruita-area-map-and-guide_gray_p01_3300x5100.sdr.png
5037	train	5000-national-park-service-brochures	sdr	5000-national-park-service-brochures/grayscale/5037_nps_chis-santa-rosa-hiking-map-and_gray_p01_2550x4200.sdr.png	https://codec-corpus.r2.imazen.org/imazen-26-png-v3/5000-national-park-service-brochures/grayscale/5037_nps_chis-santa-rosa-hiking-map-and_gray_p01_2550x4200.sdr.png
5038	train	5000-national-park-service-brochures	sdr	5000-national-park-service-brochures/grayscale/5038_nps_chis-santa-rosa-hiking-map-and_gray_p02_2550x4200.sdr.png	https://codec-corpus.r2.imazen.org/imazen-26-png-v3/5000-national-park-service-brochures/grayscale/5038_nps_chis-santa-rosa-hiking-map-and_gray_p02_2550x4200.sdr.png
5039	train	5000-national-park-service-brochures	sdr	5000-national-park-service-brochures/grayscale/5039_nps_chis-ai-hiking-2022-ada_gray_p01_2550x3300.sdr.png	https://codec-corpus.r2.imazen.org/imazen-26-png-v3/5000-national-park-service-brochures/grayscale/5039_nps_chis-ai-hiking-2022-ada_gray_p01_2550x3300.sdr.png
5040	train	5000-national-park-service-brochures	sdr	5000-national-park-service-brochures/grayscale/5040_nps_chis-ai-hiking-2022-ada_gray_p02_2550x3300.sdr.png	https://codec-corpus.r2.imazen.org/imazen-26-png-v3/5000-national-park-service-brochures/grayscale/5040_nps_chis-ai-hiking-2022-ada_gray_p02_2550x3300.sdr.png
5041	train	5000-national-park-service-brochures	sdr	5000-national-park-service-brochures/grayscale/5041_nps_deva-routes-from-las-vegas_gray_p01_2550x3300.sdr.png	https://codec-corpus.r2.imazen.org/imazen-26-png-v3/5000-national-park-service-brochures/grayscale/5041_nps_deva-routes-from-las-vegas_gray_p01_2550x3300.sdr.png
5042	train	5000-national-park-service-brochures	sdr	5000-national-park-service-brochures/grayscale/5042_nps_lake-approved-backcountry-roads-hoover-dam_gray_p01_2550x3300.sdr.png	https://codec-corpus.r2.imazen.org/imazen-26-png-v3/5000-national-park-service-brochures/grayscale/5042_nps_lake-approved-backcountry-roads-hoover-dam_gray_p01_2550x3300.sdr.png
5043	train	5000-national-park-service-brochures	sdr	5000-national-park-service-brochures/grayscale/5043_nps_mora-cougarrock2006_gray_p01_3300x2550.sdr.png	https://codec-corpus.r2.imazen.org/imazen-26-png-v3/5000-national-park-service-brochures/grayscale/5043_nps_mora-cougarrock2006_gray_p01_3300x2550.sdr.png
5044	train	5000-national-park-service-brochures	sdr	5000-national-park-service-brochures/grayscale/5044_nps_mora-ohanapecosh7-2019_gray_p01_2550x3300.sdr.png	https://codec-corpus.r2.imazen.org/imazen-26-png-v3/5000-national-park-service-brochures/grayscale/5044_nps_mora-ohanapecosh7-2019_gray_p01_2550x3300.sdr.png
5045	train	5000-national-park-service-brochures	sdr	5000-national-park-service-brochures/grayscale/5045_nps_muwo-map-muwo-trail-2019-small_gray_p01_3300x2550.sdr.png	https://codec-corpus.r2.imazen.org/imazen-26-png-v3/5000-national-park-service-brochures/grayscale/5045_nps_muwo-map-muwo-trail-2019-small_gray_p01_3300x2550.sdr.png
5046	train	5000-national-park-service-brochures	sdr	5000-national-park-service-brochures/grayscale/5046_nps_muwo-map-muwo-trail-2019-small_gray_p02_3300x2550.sdr.png	https://codec-corpus.r2.imazen.org/imazen-26-png-v3/5000-national-park-service-brochures/grayscale/5046_nps_muwo-map-muwo-trail-2019-small_gray_p02_3300x2550.sdr.png
5048	train	5000-national-park-service-brochures	sdr	5000-national-park-service-brochures/grayscale/5048_nps_romo-2018-longs-peak-keyhole-route_gray_p01_2550x4200.sdr.png	https://codec-corpus.r2.imazen.org/imazen-26-png-v3/5000-national-park-service-brochures/grayscale/5048_nps_romo-2018-longs-peak-keyhole-route_gray_p01_2550x4200.sdr.png
5049	train	5000-national-park-service-brochures	sdr	5000-national-park-service-brochures/grayscale/5049_nps_romo-2018-longs-peak-keyhole-route_gray_p02_2550x4200.sdr.png	https://codec-corpus.r2.imazen.org/imazen-26-png-v3/5000-national-park-service-brochures/grayscale/5049_nps_romo-2018-longs-peak-keyhole-route_gray_p02_2550x4200.sdr.png
5050	train	5000-national-park-service-brochures	sdr	5000-national-park-service-brochures/grayscale/5050_nps_romo-moraine-park-campground-map-2025_gray_p01_4200x2550.sdr.png	https://codec-corpus.r2.imazen.org/imazen-26-png-v3/5000-national-park-service-brochures/grayscale/5050_nps_romo-moraine-park-campground-map-2025_gray_p01_4200x2550.sdr.png
5051	train	5000-national-park-service-brochures	sdr	5000-national-park-service-brochures/grayscale/5051_nps_seki-20210826-french_gray_p01_2550x4200.sdr.png	https://codec-corpus.r2.imazen.org/imazen-26-png-v3/5000-national-park-service-brochures/grayscale/5051_nps_seki-20210826-french_gray_p01_2550x4200.sdr.png
5053	train	5000-national-park-service-brochures	sdr	5000-national-park-service-brochures/grayscale/5053_nps_seki-20210826-german_gray_p01_2550x4200.sdr.png	https://codec-corpus.r2.imazen.org/imazen-26-png-v3/5000-national-park-service-brochures/grayscale/5053_nps_seki-20210826-german_gray_p01_2550x4200.sdr.png
5054	train	5000-national-park-service-brochures	sdr	5000-national-park-service-brochures/grayscale/5054_nps_seki-20210826-german_gray_p02_2550x4200.sdr.png	https://codec-corpus.r2.imazen.org/imazen-26-png-v3/5000-national-park-service-brochures/grayscale/5054_nps_seki-20210826-german_gray_p02_2550x4200.sdr.png
5055	train	5000-national-park-service-brochures	sdr	5000-national-park-service-brochures/grayscale/5055_nps_shen-bearfence-roadtrail_gray_p01_2550x3300.sdr.png	https://codec-corpus.r2.imazen.org/imazen-26-png-v3/5000-national-park-service-brochures/grayscale/5055_nps_shen-bearfence-roadtrail_gray_p01_2550x3300.sdr.png
5056	train	5000-national-park-service-brochures	sdr	5000-national-park-service-brochures/grayscale/5056_nps_shen-bearfence-roadtrail_gray_p02_2550x3300.sdr.png	https://codec-corpus.r2.imazen.org/imazen-26-png-v3/5000-national-park-service-brochures/grayscale/5056_nps_shen-bearfence-roadtrail_gray_p02_2550x3300.sdr.png
5057	train	5000-national-park-service-brochures	sdr	5000-national-park-service-brochures/grayscale/5057_nps_shen-bigmeadows-roadtrail_gray_p01_2550x3300.sdr.png	https://codec-corpus.r2.imazen.org/imazen-26-png-v3/5000-national-park-service-brochures/grayscale/5057_nps_shen-bigmeadows-roadtrail_gray_p01_2550x3300.sdr.png
5058	train	5000-national-park-service-brochures	sdr	5000-national-park-service-brochures/grayscale/5058_nps_shen-bigmeadows-roadtrail_gray_p02_2550x3300.sdr.png	https://codec-corpus.r2.imazen.org/imazen-26-png-v3/5000-national-park-service-brochures/grayscale/5058_nps_shen-bigmeadows-roadtrail_gray_p02_2550x3300.sdr.png
5200	train	5200-epa-climate-impact-2021-report	sdr	5200-epa-climate-impact-2021-report/5200_epa_climate-impact-2021_cover_p001_2968x3841.sdr.png	https://codec-corpus.r2.imazen.org/imazen-26-png-v3/5200-epa-climate-impact-2021-report/5200_epa_climate-impact-2021_cover_p001_2968x3841.sdr.png
5201	train	5200-epa-climate-impact-2021-report	sdr	5200-epa-climate-impact-2021-report/5201_epa_climate-impact-2021_exec-summary-vulnerable-groups-table_p004_2968x3841.sdr.png	https://codec-corpus.r2.imazen.org/imazen-26-png-v3/5200-epa-climate-impact-2021-report/5201_epa_climate-impact-2021_exec-summary-vulnerable-groups-table_p004_2968x3841.sdr.png
5202	train	5200-epa-climate-impact-2021-report	sdr	5200-epa-climate-impact-2021-report/5202_epa_climate-impact-2021_fig-es1-six-impacts_p005_2968x3841.sdr.png	https://codec-corpus.r2.imazen.org/imazen-26-png-v3/5200-epa-climate-impact-2021-report/5202_epa_climate-impact-2021_fig-es1-six-impacts_p005_2968x3841.sdr.png
5203	train	5200-epa-climate-impact-2021-report	sdr	5200-epa-climate-impact-2021-report/5203_epa_climate-impact-2021_key-findings-by-race-ethnicity_p006_2968x3841.sdr.png	https://codec-corpus.r2.imazen.org/imazen-26-png-v3/5200-epa-climate-impact-2021-report/5203_epa_climate-impact-2021_key-findings-by-race-ethnicity_p006_2968x3841.sdr.png
5204	train	5200-epa-climate-impact-2021-report	sdr	5200-epa-climate-impact-2021-report/5204_epa_climate-impact-2021_key-findings-income-education-age_p007_2968x3841.sdr.png	https://codec-corpus.r2.imazen.org/imazen-26-png-v3/5200-epa-climate-impact-2021-report/5204_epa_climate-impact-2021_key-findings-income-education-age_p007_2968x3841.sdr.png
5205	train	5200-epa-climate-impact-2021-report	sdr	5200-epa-climate-impact-2021-report/5205_epa_climate-impact-2021_fig-es2-disproportionate-risk-chart_p008_2968x3841.sdr.png	https://codec-corpus.r2.imazen.org/imazen-26-png-v3/5200-epa-climate-impact-2021-report/5205_epa_climate-impact-2021_fig-es2-disproportionate-risk-chart_p008_2968x3841.sdr.png
5207	train	5200-epa-climate-impact-2021-report	sdr	5200-epa-climate-impact-2021-report/5207_epa_climate-impact-2021_approach-4-step-methodology_p011_2968x3841.sdr.png	https://codec-corpus.r2.imazen.org/imazen-26-png-v3/5200-epa-climate-impact-2021-report/5207_epa_climate-impact-2021_approach-4-step-methodology_p011_2968x3841.sdr.png
5208	train	5200-epa-climate-impact-2021-report	sdr	5200-epa-climate-impact-2021-report/5208_epa_climate-impact-2021_airquality-results-maps_p022_2968x3841.sdr.png	https://codec-corpus.r2.imazen.org/imazen-26-png-v3/5200-epa-climate-impact-2021-report/5208_epa_climate-impact-2021_airquality-results-maps_p022_2968x3841.sdr.png
5209	train	5200-epa-climate-impact-2021-report	sdr	5200-epa-climate-impact-2021-report/5209_epa_climate-impact-2021_airquality-key-findings-childhood-asthma_p030_2968x3841.sdr.png	https://codec-corpus.r2.imazen.org/imazen-26-png-v3/5200-epa-climate-impact-2021-report/5209_epa_climate-impact-2021_airquality-key-findings-childhood-asthma_p030_2968x3841.sdr.png
5210	train	5200-epa-climate-impact-2021-report	sdr	5200-epa-climate-impact-2021-report/5210_epa_climate-impact-2021_extreme-temp-health-mortality-map_p034_2968x3841.sdr.png	https://codec-corpus.r2.imazen.org/imazen-26-png-v3/5200-epa-climate-impact-2021-report/5210_epa_climate-impact-2021_extreme-temp-health-mortality-map_p034_2968x3841.sdr.png
5211	train	5200-epa-climate-impact-2021-report	sdr	5200-epa-climate-impact-2021-report/5211_epa_climate-impact-2021_extreme-temp-labor-heatloss-maps_p039_2968x3841.sdr.png	https://codec-corpus.r2.imazen.org/imazen-26-png-v3/5200-epa-climate-impact-2021-report/5211_epa_climate-impact-2021_extreme-temp-labor-heatloss-maps_p039_2968x3841.sdr.png
5212	train	5200-epa-climate-impact-2021-report	sdr	5200-epa-climate-impact-2021-report/5212_epa_climate-impact-2021_extreme-temp-labor-key-findings_p043_2968x3841.sdr.png	https://codec-corpus.r2.imazen.org/imazen-26-png-v3/5200-epa-climate-impact-2021-report/5212_epa_climate-impact-2021_extreme-temp-labor-key-findings_p043_2968x3841.sdr.png
5213	train	5200-epa-climate-impact-2021-report	sdr	5200-epa-climate-impact-2021-report/5213_epa_climate-impact-2021_coastal-flooding-traffic-findings_p048_2968x3841.sdr.png	https://codec-corpus.r2.imazen.org/imazen-26-png-v3/5200-epa-climate-impact-2021-report/5213_epa_climate-impact-2021_coastal-flooding-traffic-findings_p048_2968x3841.sdr.png
5214	train	5200-epa-climate-impact-2021-report	sdr	5200-epa-climate-impact-2021-report/5214_epa_climate-impact-2021_coastal-flooding-property-inundation-maps_p057_2968x3841.sdr.png	https://codec-corpus.r2.imazen.org/imazen-26-png-v3/5200-epa-climate-impact-2021-report/5214_epa_climate-impact-2021_coastal-flooding-property-inundation-maps_p057_2968x3841.sdr.png
5215	train	5200-epa-climate-impact-2021-report	sdr	5200-epa-climate-impact-2021-report/5215_epa_climate-impact-2021_coastal-flooding-property-key-findings_p058_2968x3841.sdr.png	https://codec-corpus.r2.imazen.org/imazen-26-png-v3/5200-epa-climate-impact-2021-report/5215_epa_climate-impact-2021_coastal-flooding-property-key-findings_p058_2968x3841.sdr.png
5217	train	5200-epa-climate-impact-2021-report	sdr	5200-epa-climate-impact-2021-report/5217_epa_climate-impact-2021_inland-flooding-national-risk-map_p069_2968x3841.sdr.png	https://codec-corpus.r2.imazen.org/imazen-26-png-v3/5200-epa-climate-impact-2021-report/5217_epa_climate-impact-2021_inland-flooding-national-risk-map_p069_2968x3841.sdr.png
5219	train	5200-epa-climate-impact-2021-report	sdr	5200-epa-climate-impact-2021-report/5219_epa_climate-impact-2021_fig-9-1-master-chart-4groups-6impacts_p077_2968x3841.sdr.png	https://codec-corpus.r2.imazen.org/imazen-26-png-v3/5200-epa-climate-impact-2021-report/5219_epa_climate-impact-2021_fig-9-1-master-chart-4groups-6impacts_p077_2968x3841.sdr.png
5221	train	5200-epa-climate-impact-2021-report	sdr	5200-epa-climate-impact-2021-report/5221_epa_climate-impact-2021_fig-9-2-black-aa-hispanic-latino_p079_2968x3841.sdr.png	https://codec-corpus.r2.imazen.org/imazen-26-png-v3/5200-epa-climate-impact-2021-report/5221_epa_climate-impact-2021_fig-9-2-black-aa-hispanic-latino_p079_2968x3841.sdr.png
5222	train	5200-epa-climate-impact-2021-report	sdr	5200-epa-climate-impact-2021-report/5222_epa_climate-impact-2021_fig-9-2-pacificislander-white_p080_2968x3841.sdr.png	https://codec-corpus.r2.imazen.org/imazen-26-png-v3/5200-epa-climate-impact-2021-report/5222_epa_climate-impact-2021_fig-9-2-pacificislander-white_p080_2968x3841.sdr.png
5223	train	5200-epa-climate-impact-2021-report	sdr	5200-epa-climate-impact-2021-report/5223_epa_climate-impact-2021_regional-results-map_p081_2968x3841.sdr.png	https://codec-corpus.r2.imazen.org/imazen-26-png-v3/5200-epa-climate-impact-2021-report/5223_epa_climate-impact-2021_regional-results-map_p081_2968x3841.sdr.png
5224	train	5200-epa-climate-impact-2021-report	sdr	5200-epa-climate-impact-2021-report/5224_epa_climate-impact-2021_southern-great-plains-77pct-asthma_p085_2968x3841.sdr.png	https://codec-corpus.r2.imazen.org/imazen-26-png-v3/5200-epa-climate-impact-2021-report/5224_epa_climate-impact-2021_southern-great-plains-77pct-asthma_p085_2968x3841.sdr.png
5300	train	5300-noaa-hurricane-documents	sdr	5300-noaa-hurricane-documents/5300_noaa_nhc-verification-report-2024_page1_p01_2550x3300.sdr.png	https://codec-corpus.r2.imazen.org/imazen-26-png-v3/5300-noaa-hurricane-documents/5300_noaa_nhc-verification-report-2024_page1_p01_2550x3300.sdr.png
5301	train	5300-noaa-hurricane-documents	sdr	5300-noaa-hurricane-documents/5301_noaa_nhc-verification-report-2024_charts_p05_2550x3300.sdr.png	https://codec-corpus.r2.imazen.org/imazen-26-png-v3/5300-noaa-hurricane-documents/5301_noaa_nhc-verification-report-2024_charts_p05_2550x3300.sdr.png
5302	train	5300-noaa-hurricane-documents	sdr	5300-noaa-hurricane-documents/5302_noaa_nhc-helene-al092024_cover_p01_2550x3300.sdr.png	https://codec-corpus.r2.imazen.org/imazen-26-png-v3/5300-noaa-hurricane-documents/5302_noaa_nhc-helene-al092024_cover_p01_2550x3300.sdr.png
5303	train	5300-noaa-hurricane-documents	sdr	5300-noaa-hurricane-documents/5303_noaa_nhc-helene-al092024_map_p09_2550x3300.sdr.png	https://codec-corpus.r2.imazen.org/imazen-26-png-v3/5300-noaa-hurricane-documents/5303_noaa_nhc-helene-al092024_map_p09_2550x3300.sdr.png
5304	train	5300-noaa-hurricane-documents	sdr	5300-noaa-hurricane-documents/5304_noaa_nhc-helene-al092024_text-body_p25_2550x3300.sdr.png	https://codec-corpus.r2.imazen.org/imazen-26-png-v3/5300-noaa-hurricane-documents/5304_noaa_nhc-helene-al092024_text-body_p25_2550x3300.sdr.png
5305	train	5300-noaa-hurricane-documents	sdr	5300-noaa-hurricane-documents/5305_noaa_nhc-milton-al142024_cover_p01_2550x3300.sdr.png	https://codec-corpus.r2.imazen.org/imazen-26-png-v3/5300-noaa-hurricane-documents/5305_noaa_nhc-milton-al142024_cover_p01_2550x3300.sdr.png
5307	train	5300-noaa-hurricane-documents	sdr	5300-noaa-hurricane-documents/5307_noaa_nhc-milton-al142024_text-body_p19_2550x3300.sdr.png	https://codec-corpus.r2.imazen.org/imazen-26-png-v3/5300-noaa-hurricane-documents/5307_noaa_nhc-milton-al142024_text-body_p19_2550x3300.sdr.png
5308	train	5300-noaa-hurricane-documents	sdr	5300-noaa-hurricane-documents/5308_noaa_nhc-al022024-beryl_p01_2550x3300.sdr.png	https://codec-corpus.r2.imazen.org/imazen-26-png-v3/5300-noaa-hurricane-documents/5308_noaa_nhc-al022024-beryl_p01_2550x3300.sdr.png
5309	train	5300-noaa-hurricane-documents	sdr	5300-noaa-hurricane-documents/5309_noaa_nhc-al022024-beryl_p26_2550x3300.sdr.png	https://codec-corpus.r2.imazen.org/imazen-26-png-v3/5300-noaa-hurricane-documents/5309_noaa_nhc-al022024-beryl_p26_2550x3300.sdr.png
5310	train	5300-noaa-hurricane-documents	sdr	5300-noaa-hurricane-documents/5310_noaa_nhc-al022024-beryl_p51_2550x3300.sdr.png	https://codec-corpus.r2.imazen.org/imazen-26-png-v3/5300-noaa-hurricane-documents/5310_noaa_nhc-al022024-beryl_p51_2550x3300.sdr.png
5311	train	5300-noaa-hurricane-documents	sdr	5300-noaa-hurricane-documents/5311_noaa_nhc-al042024-debby_p01_2550x3300.sdr.png	https://codec-corpus.r2.imazen.org/imazen-26-png-v3/5300-noaa-hurricane-documents/5311_noaa_nhc-al042024-debby_p01_2550x3300.sdr.png
5312	train	5300-noaa-hurricane-documents	sdr	5300-noaa-hurricane-documents/5312_noaa_nhc-al042024-debby_p19_2550x3300.sdr.png	https://codec-corpus.r2.imazen.org/imazen-26-png-v3/5300-noaa-hurricane-documents/5312_noaa_nhc-al042024-debby_p19_2550x3300.sdr.png
5313	train	5300-noaa-hurricane-documents	sdr	5300-noaa-hurricane-documents/5313_noaa_nhc-al042024-debby_p37_3300x2550.sdr.png	https://codec-corpus.r2.imazen.org/imazen-26-png-v3/5300-noaa-hurricane-documents/5313_noaa_nhc-al042024-debby_p37_3300x2550.sdr.png
5314	train	5300-noaa-hurricane-documents	sdr	5300-noaa-hurricane-documents/5314_noaa_nhc-al062024-francine_p01_2550x3300.sdr.png	https://codec-corpus.r2.imazen.org/imazen-26-png-v3/5300-noaa-hurricane-documents/5314_noaa_nhc-al062024-francine_p01_2550x3300.sdr.png
5315	train	5300-noaa-hurricane-documents	sdr	5300-noaa-hurricane-documents/5315_noaa_nhc-al062024-francine_p12_2550x3300.sdr.png	https://codec-corpus.r2.imazen.org/imazen-26-png-v3/5300-noaa-hurricane-documents/5315_noaa_nhc-al062024-francine_p12_2550x3300.sdr.png
5316	train	5300-noaa-hurricane-documents	sdr	5300-noaa-hurricane-documents/5316_noaa_nhc-al062024-francine_p24_3300x2550.sdr.png	https://codec-corpus.r2.imazen.org/imazen-26-png-v3/5300-noaa-hurricane-documents/5316_noaa_nhc-al062024-francine_p24_3300x2550.sdr.png
5317	train	5300-noaa-hurricane-documents	sdr	5300-noaa-hurricane-documents/5317_noaa_nhc-al072022-fiona_p01_2550x3300.sdr.png	https://codec-corpus.r2.imazen.org/imazen-26-png-v3/5300-noaa-hurricane-documents/5317_noaa_nhc-al072022-fiona_p01_2550x3300.sdr.png
5318	train	5300-noaa-hurricane-documents	sdr	5300-noaa-hurricane-documents/5318_noaa_nhc-al072022-fiona_p21_2550x3300.sdr.png	https://codec-corpus.r2.imazen.org/imazen-26-png-v3/5300-noaa-hurricane-documents/5318_noaa_nhc-al072022-fiona_p21_2550x3300.sdr.png
5319	train	5300-noaa-hurricane-documents	sdr	5300-noaa-hurricane-documents/5319_noaa_nhc-al072022-fiona_p41_2550x3300.sdr.png	https://codec-corpus.r2.imazen.org/imazen-26-png-v3/5300-noaa-hurricane-documents/5319_noaa_nhc-al072022-fiona_p41_2550x3300.sdr.png
5322	train	5300-noaa-hurricane-documents	sdr	5300-noaa-hurricane-documents/5322_noaa_nhc-al082023-franklin_p20_2550x3300.sdr.png	https://codec-corpus.r2.imazen.org/imazen-26-png-v3/5300-noaa-hurricane-documents/5322_noaa_nhc-al082023-franklin_p20_2550x3300.sdr.png
5323	train	5300-noaa-hurricane-documents	sdr	5300-noaa-hurricane-documents/5323_noaa_nhc-al092022-ian_p01_2550x3300.sdr.png	https://codec-corpus.r2.imazen.org/imazen-26-png-v3/5300-noaa-hurricane-documents/5323_noaa_nhc-al092022-ian_p01_2550x3300.sdr.png
5324	train	5300-noaa-hurricane-documents	sdr	5300-noaa-hurricane-documents/5324_noaa_nhc-al092022-ian_p25_2550x3300.sdr.png	https://codec-corpus.r2.imazen.org/imazen-26-png-v3/5300-noaa-hurricane-documents/5324_noaa_nhc-al092022-ian_p25_2550x3300.sdr.png
5325	train	5300-noaa-hurricane-documents	sdr	5300-noaa-hurricane-documents/5325_noaa_nhc-al092022-ian_p49_3300x2550.sdr.png	https://codec-corpus.r2.imazen.org/imazen-26-png-v3/5300-noaa-hurricane-documents/5325_noaa_nhc-al092022-ian_p49_3300x2550.sdr.png
5326	train	5300-noaa-hurricane-documents	sdr	5300-noaa-hurricane-documents/5326_noaa_nhc-al102023-idalia_p01_2550x3300.sdr.png	https://codec-corpus.r2.imazen.org/imazen-26-png-v3/5300-noaa-hurricane-documents/5326_noaa_nhc-al102023-idalia_p01_2550x3300.sdr.png
5327	train	5300-noaa-hurricane-documents	sdr	5300-noaa-hurricane-documents/5327_noaa_nhc-al102023-idalia_p16_2550x3300.sdr.png	https://codec-corpus.r2.imazen.org/imazen-26-png-v3/5300-noaa-hurricane-documents/5327_noaa_nhc-al102023-idalia_p16_2550x3300.sdr.png
5328	train	5300-noaa-hurricane-documents	sdr	5300-noaa-hurricane-documents/5328_noaa_nhc-al102023-idalia_p32_3300x2550.sdr.png	https://codec-corpus.r2.imazen.org/imazen-26-png-v3/5300-noaa-hurricane-documents/5328_noaa_nhc-al102023-idalia_p32_3300x2550.sdr.png
5330	train	5300-noaa-hurricane-documents	sdr	5300-noaa-hurricane-documents/5330_noaa_nhc-al122024-kirk_p05_2550x3300.sdr.png	https://codec-corpus.r2.imazen.org/imazen-26-png-v3/5300-noaa-hurricane-documents/5330_noaa_nhc-al122024-kirk_p05_2550x3300.sdr.png
5331	train	5300-noaa-hurricane-documents	sdr	5300-noaa-hurricane-documents/5331_noaa_nhc-al122024-kirk_p10_2550x3300.sdr.png	https://codec-corpus.r2.imazen.org/imazen-26-png-v3/5300-noaa-hurricane-documents/5331_noaa_nhc-al122024-kirk_p10_2550x3300.sdr.png
5332	train	5300-noaa-hurricane-documents	sdr	5300-noaa-hurricane-documents/5332_noaa_nhc-al132023-lee_p01_2550x3300.sdr.png	https://codec-corpus.r2.imazen.org/imazen-26-png-v3/5300-noaa-hurricane-documents/5332_noaa_nhc-al132023-lee_p01_2550x3300.sdr.png
5333	train	5300-noaa-hurricane-documents	sdr	5300-noaa-hurricane-documents/5333_noaa_nhc-al132023-lee_p11_2550x3300.sdr.png	https://codec-corpus.r2.imazen.org/imazen-26-png-v3/5300-noaa-hurricane-documents/5333_noaa_nhc-al132023-lee_p11_2550x3300.sdr.png
5335	train	5300-noaa-hurricane-documents	sdr	5300-noaa-hurricane-documents/5335_noaa_nhc-al132024-leslie_p01_2550x3300.sdr.png	https://codec-corpus.r2.imazen.org/imazen-26-png-v3/5300-noaa-hurricane-documents/5335_noaa_nhc-al132024-leslie_p01_2550x3300.sdr.png
5336	train	5300-noaa-hurricane-documents	sdr	5300-noaa-hurricane-documents/5336_noaa_nhc-al132024-leslie_p05_2550x3300.sdr.png	https://codec-corpus.r2.imazen.org/imazen-26-png-v3/5300-noaa-hurricane-documents/5336_noaa_nhc-al132024-leslie_p05_2550x3300.sdr.png
5337	train	5300-noaa-hurricane-documents	sdr	5300-noaa-hurricane-documents/5337_noaa_nhc-al132024-leslie_p09_2550x3300.sdr.png	https://codec-corpus.r2.imazen.org/imazen-26-png-v3/5300-noaa-hurricane-documents/5337_noaa_nhc-al132024-leslie_p09_2550x3300.sdr.png
5338	train	5300-noaa-hurricane-documents	sdr	5300-noaa-hurricane-documents/5338_noaa_nhc-al172022-nicole_p01_2550x3300.sdr.png	https://codec-corpus.r2.imazen.org/imazen-26-png-v3/5300-noaa-hurricane-documents/5338_noaa_nhc-al172022-nicole_p01_2550x3300.sdr.png
5339	train	5300-noaa-hurricane-documents	sdr	5300-noaa-hurricane-documents/5339_noaa_nhc-al172022-nicole_p20_2550x3300.sdr.png	https://codec-corpus.r2.imazen.org/imazen-26-png-v3/5300-noaa-hurricane-documents/5339_noaa_nhc-al172022-nicole_p20_2550x3300.sdr.png
5340	train	5300-noaa-hurricane-documents	sdr	5300-noaa-hurricane-documents/5340_noaa_nhc-al172022-nicole_p40_2550x3300.sdr.png	https://codec-corpus.r2.imazen.org/imazen-26-png-v3/5300-noaa-hurricane-documents/5340_noaa_nhc-al172022-nicole_p40_2550x3300.sdr.png
5341	train	5300-noaa-hurricane-documents	sdr	5300-noaa-hurricane-documents/5341_noaa_nhc-al182024-rafael_p01_2550x3300.sdr.png	https://codec-corpus.r2.imazen.org/imazen-26-png-v3/5300-noaa-hurricane-documents/5341_noaa_nhc-al182024-rafael_p01_2550x3300.sdr.png
5342	train	5300-noaa-hurricane-documents	sdr	5300-noaa-hurricane-documents/5342_noaa_nhc-al182024-rafael_p10_2550x3300.sdr.png	https://codec-corpus.r2.imazen.org/imazen-26-png-v3/5300-noaa-hurricane-documents/5342_noaa_nhc-al182024-rafael_p10_2550x3300.sdr.png
5343	train	5300-noaa-hurricane-documents	sdr	5300-noaa-hurricane-documents/5343_noaa_nhc-al182024-rafael_p19_2550x3300.sdr.png	https://codec-corpus.r2.imazen.org/imazen-26-png-v3/5300-noaa-hurricane-documents/5343_noaa_nhc-al182024-rafael_p19_2550x3300.sdr.png
6000	train	6000-lilith-scans-public-patents	sdr	6000-lilith-scans-public-patents/lynn_conway_us5046022_1bitoriginal/6000_scans-patents_lynn-conway-us5046022-1bit_p001_2320x3408.sdr.png	https://codec-corpus.r2.imazen.org/imazen-26-png-v3/6000-lilith-scans-public-patents/lynn_conway_us5046022_1bitoriginal/6000_scans-patents_lynn-conway-us5046022-1bit_p001_2320x3408.sdr.png
6001	train	6000-lilith-scans-public-patents	sdr	6000-lilith-scans-public-patents/lynn_conway_us5046022_1bitoriginal/6001_scans-patents_lynn-conway-us5046022-1bit_p002_2320x3408.sdr.png	https://codec-corpus.r2.imazen.org/imazen-26-png-v3/6000-lilith-scans-public-patents/lynn_conway_us5046022_1bitoriginal/6001_scans-patents_lynn-conway-us5046022-1bit_p002_2320x3408.sdr.png
6002	train	6000-lilith-scans-public-patents	sdr	6000-lilith-scans-public-patents/lynn_conway_us5046022_1bitoriginal/6002_scans-patents_lynn-conway-us5046022-1bit_p003_2320x3408.sdr.png	https://codec-corpus.r2.imazen.org/imazen-26-png-v3/6000-lilith-scans-public-patents/lynn_conway_us5046022_1bitoriginal/6002_scans-patents_lynn-conway-us5046022-1bit_p003_2320x3408.sdr.png
6003	train	6000-lilith-scans-public-patents	sdr	6000-lilith-scans-public-patents/lynn_conway_us5046022_1bitoriginal/6003_scans-patents_lynn-conway-us5046022-1bit_p004_2320x3408.sdr.png	https://codec-corpus.r2.imazen.org/imazen-26-png-v3/6000-lilith-scans-public-patents/lynn_conway_us5046022_1bitoriginal/6003_scans-patents_lynn-conway-us5046022-1bit_p004_2320x3408.sdr.png
6004	train	6000-lilith-scans-public-patents	sdr	6000-lilith-scans-public-patents/lynn_conway_us5046022_1bitoriginal/6004_scans-patents_lynn-conway-us5046022-1bit_p005_2320x3408.sdr.png	https://codec-corpus.r2.imazen.org/imazen-26-png-v3/6000-lilith-scans-public-patents/lynn_conway_us5046022_1bitoriginal/6004_scans-patents_lynn-conway-us5046022-1bit_p005_2320x3408.sdr.png
6005	train	6000-lilith-scans-public-patents	sdr	6000-lilith-scans-public-patents/lynn_conway_us5046022_1bitoriginal/6005_scans-patents_lynn-conway-us5046022-1bit_p006_2320x3408.sdr.png	https://codec-corpus.r2.imazen.org/imazen-26-png-v3/6000-lilith-scans-public-patents/lynn_conway_us5046022_1bitoriginal/6005_scans-patents_lynn-conway-us5046022-1bit_p006_2320x3408.sdr.png
6007	train	6000-lilith-scans-public-patents	sdr	6000-lilith-scans-public-patents/lynn_conway_us5046022_1bitoriginal/6007_scans-patents_lynn-conway-us5046022-1bit_p008_2320x3408.sdr.png	https://codec-corpus.r2.imazen.org/imazen-26-png-v3/6000-lilith-scans-public-patents/lynn_conway_us5046022_1bitoriginal/6007_scans-patents_lynn-conway-us5046022-1bit_p008_2320x3408.sdr.png
6008	train	6000-lilith-scans-public-patents	sdr	6000-lilith-scans-public-patents/lynn_conway_us5046022_1bitoriginal/6008_scans-patents_lynn-conway-us5046022-1bit_p009_2320x3408.sdr.png	https://codec-corpus.r2.imazen.org/imazen-26-png-v3/6000-lilith-scans-public-patents/lynn_conway_us5046022_1bitoriginal/6008_scans-patents_lynn-conway-us5046022-1bit_p009_2320x3408.sdr.png
6009	train	6000-lilith-scans-public-patents	sdr	6000-lilith-scans-public-patents/lynn_conway_us5046022_1bitoriginal/6009_scans-patents_lynn-conway-us5046022-1bit_p010_2320x3408.sdr.png	https://codec-corpus.r2.imazen.org/imazen-26-png-v3/6000-lilith-scans-public-patents/lynn_conway_us5046022_1bitoriginal/6009_scans-patents_lynn-conway-us5046022-1bit_p010_2320x3408.sdr.png
6011	train	6000-lilith-scans-public-patents	sdr	6000-lilith-scans-public-patents/lynn_conway_us5046022_1bitoriginal/6011_scans-patents_lynn-conway-us5046022-1bit_p012_2320x3408.sdr.png	https://codec-corpus.r2.imazen.org/imazen-26-png-v3/6000-lilith-scans-public-patents/lynn_conway_us5046022_1bitoriginal/6011_scans-patents_lynn-conway-us5046022-1bit_p012_2320x3408.sdr.png
6012	train	6000-lilith-scans-public-patents	sdr	6000-lilith-scans-public-patents/lynn_conway_us5046022_1bitoriginal/6012_scans-patents_lynn-conway-us5046022-1bit_p013_2320x3408.sdr.png	https://codec-corpus.r2.imazen.org/imazen-26-png-v3/6000-lilith-scans-public-patents/lynn_conway_us5046022_1bitoriginal/6012_scans-patents_lynn-conway-us5046022-1bit_p013_2320x3408.sdr.png
6013	train	6000-lilith-scans-public-patents	sdr	6000-lilith-scans-public-patents/lynn_conway_us5046022_1bitoriginal/6013_scans-patents_lynn-conway-us5046022-1bit_p014_2320x3408.sdr.png	https://codec-corpus.r2.imazen.org/imazen-26-png-v3/6000-lilith-scans-public-patents/lynn_conway_us5046022_1bitoriginal/6013_scans-patents_lynn-conway-us5046022-1bit_p014_2320x3408.sdr.png
6014	train	6000-lilith-scans-public-patents	sdr	6000-lilith-scans-public-patents/lynn_conway_us5046022_1bitoriginal/6014_scans-patents_lynn-conway-us5046022-1bit_p015_2320x3408.sdr.png	https://codec-corpus.r2.imazen.org/imazen-26-png-v3/6000-lilith-scans-public-patents/lynn_conway_us5046022_1bitoriginal/6014_scans-patents_lynn-conway-us5046022-1bit_p015_2320x3408.sdr.png
6015	train	6000-lilith-scans-public-patents	sdr	6000-lilith-scans-public-patents/lynn_conway_us5046022_1bitoriginal/6015_scans-patents_lynn-conway-us5046022-1bit_p016_2320x3408.sdr.png	https://codec-corpus.r2.imazen.org/imazen-26-png-v3/6000-lilith-scans-public-patents/lynn_conway_us5046022_1bitoriginal/6015_scans-patents_lynn-conway-us5046022-1bit_p016_2320x3408.sdr.png
6017	train	6000-lilith-scans-public-patents	sdr	6000-lilith-scans-public-patents/lynn_conway_us5046022_1bitoriginal/6017_scans-patents_lynn-conway-us5046022-1bit_p018_2320x3408.sdr.png	https://codec-corpus.r2.imazen.org/imazen-26-png-v3/6000-lilith-scans-public-patents/lynn_conway_us5046022_1bitoriginal/6017_scans-patents_lynn-conway-us5046022-1bit_p018_2320x3408.sdr.png
6018	train	6000-lilith-scans-public-patents	sdr	6000-lilith-scans-public-patents/lynn_conway_us5046022_1bitoriginal/6018_scans-patents_lynn-conway-us5046022-1bit_p019_2320x3408.sdr.png	https://codec-corpus.r2.imazen.org/imazen-26-png-v3/6000-lilith-scans-public-patents/lynn_conway_us5046022_1bitoriginal/6018_scans-patents_lynn-conway-us5046022-1bit_p019_2320x3408.sdr.png
6019	train	6000-lilith-scans-public-patents	sdr	6000-lilith-scans-public-patents/lynn_conway_us5046022_1bitoriginal/6019_scans-patents_lynn-conway-us5046022-1bit_p020_2320x3408.sdr.png	https://codec-corpus.r2.imazen.org/imazen-26-png-v3/6000-lilith-scans-public-patents/lynn_conway_us5046022_1bitoriginal/6019_scans-patents_lynn-conway-us5046022-1bit_p020_2320x3408.sdr.png
6020	train	6000-lilith-scans-public-patents	sdr	6000-lilith-scans-public-patents/lynn_conway_us5046022_1bitoriginal/6020_scans-patents_lynn-conway-us5046022-1bit_p021_2320x3408.sdr.png	https://codec-corpus.r2.imazen.org/imazen-26-png-v3/6000-lilith-scans-public-patents/lynn_conway_us5046022_1bitoriginal/6020_scans-patents_lynn-conway-us5046022-1bit_p021_2320x3408.sdr.png
6021	train	6000-lilith-scans-public-patents	sdr	6000-lilith-scans-public-patents/lynn_conway_us5046022_1bitoriginal/6021_scans-patents_lynn-conway-us5046022-1bit_p022_2320x3408.sdr.png	https://codec-corpus.r2.imazen.org/imazen-26-png-v3/6000-lilith-scans-public-patents/lynn_conway_us5046022_1bitoriginal/6021_scans-patents_lynn-conway-us5046022-1bit_p022_2320x3408.sdr.png
6022	train	6000-lilith-scans-public-patents	sdr	6000-lilith-scans-public-patents/lynn_conway_us5046022_1bitoriginal/6022_scans-patents_lynn-conway-us5046022-1bit_p023_2320x3408.sdr.png	https://codec-corpus.r2.imazen.org/imazen-26-png-v3/6000-lilith-scans-public-patents/lynn_conway_us5046022_1bitoriginal/6022_scans-patents_lynn-conway-us5046022-1bit_p023_2320x3408.sdr.png
6023	train	6000-lilith-scans-public-patents	sdr	6000-lilith-scans-public-patents/lynn_conway_us5046022_1bitoriginal/6023_scans-patents_lynn-conway-us5046022-1bit_p024_2320x3408.sdr.png	https://codec-corpus.r2.imazen.org/imazen-26-png-v3/6000-lilith-scans-public-patents/lynn_conway_us5046022_1bitoriginal/6023_scans-patents_lynn-conway-us5046022-1bit_p024_2320x3408.sdr.png
6024	train	6000-lilith-scans-public-patents	sdr	6000-lilith-scans-public-patents/lynn_conway_us5046022_1bitoriginal/6024_scans-patents_lynn-conway-us5046022-1bit_p025_2320x3408.sdr.png	https://codec-corpus.r2.imazen.org/imazen-26-png-v3/6000-lilith-scans-public-patents/lynn_conway_us5046022_1bitoriginal/6024_scans-patents_lynn-conway-us5046022-1bit_p025_2320x3408.sdr.png
6025	train	6000-lilith-scans-public-patents	sdr	6000-lilith-scans-public-patents/lynn_conway_us5046022_1bitoriginal/6025_scans-patents_lynn-conway-us5046022-1bit_p026_2320x3408.sdr.png	https://codec-corpus.r2.imazen.org/imazen-26-png-v3/6000-lilith-scans-public-patents/lynn_conway_us5046022_1bitoriginal/6025_scans-patents_lynn-conway-us5046022-1bit_p026_2320x3408.sdr.png
6027	train	6000-lilith-scans-public-patents	sdr	6000-lilith-scans-public-patents/lynn_conway_us5046022_1bitoriginal/6027_scans-patents_lynn-conway-us5046022-1bit_p028_2320x3408.sdr.png	https://codec-corpus.r2.imazen.org/imazen-26-png-v3/6000-lilith-scans-public-patents/lynn_conway_us5046022_1bitoriginal/6027_scans-patents_lynn-conway-us5046022-1bit_p028_2320x3408.sdr.png
6028	train	6000-lilith-scans-public-patents	sdr	6000-lilith-scans-public-patents/lynn_conway_us5046022_1bitoriginal/6028_scans-patents_lynn-conway-us5046022-1bit_p029_2320x3408.sdr.png	https://codec-corpus.r2.imazen.org/imazen-26-png-v3/6000-lilith-scans-public-patents/lynn_conway_us5046022_1bitoriginal/6028_scans-patents_lynn-conway-us5046022-1bit_p029_2320x3408.sdr.png
6029	train	6000-lilith-scans-public-patents	sdr	6000-lilith-scans-public-patents/lynn_conway_us5046022_printrescancolor300/6029_scans-patents_lynn-conway-us5046022-rescan-color_p001_2479x3230.sdr.png	https://codec-corpus.r2.imazen.org/imazen-26-png-v3/6000-lilith-scans-public-patents/lynn_conway_us5046022_printrescancolor300/6029_scans-patents_lynn-conway-us5046022-rescan-color_p001_2479x3230.sdr.png
6030	train	6000-lilith-scans-public-patents	sdr	6000-lilith-scans-public-patents/lynn_conway_us5046022_printrescancolor300/6030_scans-patents_lynn-conway-us5046022-rescan-color_p002_2479x3230.sdr.png	https://codec-corpus.r2.imazen.org/imazen-26-png-v3/6000-lilith-scans-public-patents/lynn_conway_us5046022_printrescancolor300/6030_scans-patents_lynn-conway-us5046022-rescan-color_p002_2479x3230.sdr.png
6031	train	6000-lilith-scans-public-patents	sdr	6000-lilith-scans-public-patents/lynn_conway_us5046022_printrescancolor300/6031_scans-patents_lynn-conway-us5046022-rescan-color_p003_2479x3230.sdr.png	https://codec-corpus.r2.imazen.org/imazen-26-png-v3/6000-lilith-scans-public-patents/lynn_conway_us5046022_printrescancolor300/6031_scans-patents_lynn-conway-us5046022-rescan-color_p003_2479x3230.sdr.png
6032	train	6000-lilith-scans-public-patents	sdr	6000-lilith-scans-public-patents/lynn_conway_us5046022_printrescancolor300/6032_scans-patents_lynn-conway-us5046022-rescan-color_p004_2479x3230.sdr.png	https://codec-corpus.r2.imazen.org/imazen-26-png-v3/6000-lilith-scans-public-patents/lynn_conway_us5046022_printrescancolor300/6032_scans-patents_lynn-conway-us5046022-rescan-color_p004_2479x3230.sdr.png
6034	train	6000-lilith-scans-public-patents	sdr	6000-lilith-scans-public-patents/lynn_conway_us5046022_printrescancolor300/6034_scans-patents_lynn-conway-us5046022-rescan-color_p006_2479x3230.sdr.png	https://codec-corpus.r2.imazen.org/imazen-26-png-v3/6000-lilith-scans-public-patents/lynn_conway_us5046022_printrescancolor300/6034_scans-patents_lynn-conway-us5046022-rescan-color_p006_2479x3230.sdr.png
6035	train	6000-lilith-scans-public-patents	sdr	6000-lilith-scans-public-patents/lynn_conway_us5046022_printrescancolor300/6035_scans-patents_lynn-conway-us5046022-rescan-color_p007_2479x3230.sdr.png	https://codec-corpus.r2.imazen.org/imazen-26-png-v3/6000-lilith-scans-public-patents/lynn_conway_us5046022_printrescancolor300/6035_scans-patents_lynn-conway-us5046022-rescan-color_p007_2479x3230.sdr.png
6037	train	6000-lilith-scans-public-patents	sdr	6000-lilith-scans-public-patents/lynn_conway_us5046022_printrescancolor300/6037_scans-patents_lynn-conway-us5046022-rescan-color_p009_2479x3230.sdr.png	https://codec-corpus.r2.imazen.org/imazen-26-png-v3/6000-lilith-scans-public-patents/lynn_conway_us5046022_printrescancolor300/6037_scans-patents_lynn-conway-us5046022-rescan-color_p009_2479x3230.sdr.png
6038	train	6000-lilith-scans-public-patents	sdr	6000-lilith-scans-public-patents/lynn_conway_us5046022_printrescancolor300/6038_scans-patents_lynn-conway-us5046022-rescan-color_p010_2479x3230.sdr.png	https://codec-corpus.r2.imazen.org/imazen-26-png-v3/6000-lilith-scans-public-patents/lynn_conway_us5046022_printrescancolor300/6038_scans-patents_lynn-conway-us5046022-rescan-color_p010_2479x3230.sdr.png
6039	train	6000-lilith-scans-public-patents	sdr	6000-lilith-scans-public-patents/lynn_conway_us5046022_printrescancolor300/6039_scans-patents_lynn-conway-us5046022-rescan-color_p011_2479x3230.sdr.png	https://codec-corpus.r2.imazen.org/imazen-26-png-v3/6000-lilith-scans-public-patents/lynn_conway_us5046022_printrescancolor300/6039_scans-patents_lynn-conway-us5046022-rescan-color_p011_2479x3230.sdr.png
6040	train	6000-lilith-scans-public-patents	sdr	6000-lilith-scans-public-patents/lynn_conway_us5046022_printrescancolor300/6040_scans-patents_lynn-conway-us5046022-rescan-color_p012_2479x3230.sdr.png	https://codec-corpus.r2.imazen.org/imazen-26-png-v3/6000-lilith-scans-public-patents/lynn_conway_us5046022_printrescancolor300/6040_scans-patents_lynn-conway-us5046022-rescan-color_p012_2479x3230.sdr.png
6041	train	6000-lilith-scans-public-patents	sdr	6000-lilith-scans-public-patents/lynn_conway_us5046022_printrescancolor300/6041_scans-patents_lynn-conway-us5046022-rescan-color_p013_2479x3230.sdr.png	https://codec-corpus.r2.imazen.org/imazen-26-png-v3/6000-lilith-scans-public-patents/lynn_conway_us5046022_printrescancolor300/6041_scans-patents_lynn-conway-us5046022-rescan-color_p013_2479x3230.sdr.png
6042	train	6000-lilith-scans-public-patents	sdr	6000-lilith-scans-public-patents/lynn_conway_us5046022_printrescancolor300/6042_scans-patents_lynn-conway-us5046022-rescan-color_p014_2479x3230.sdr.png	https://codec-corpus.r2.imazen.org/imazen-26-png-v3/6000-lilith-scans-public-patents/lynn_conway_us5046022_printrescancolor300/6042_scans-patents_lynn-conway-us5046022-rescan-color_p014_2479x3230.sdr.png
6043	train	6000-lilith-scans-public-patents	sdr	6000-lilith-scans-public-patents/lynn_conway_us5046022_printrescancolor300/6043_scans-patents_lynn-conway-us5046022-rescan-color_p015_2479x3230.sdr.png	https://codec-corpus.r2.imazen.org/imazen-26-png-v3/6000-lilith-scans-public-patents/lynn_conway_us5046022_printrescancolor300/6043_scans-patents_lynn-conway-us5046022-rescan-color_p015_2479x3230.sdr.png
6044	train	6000-lilith-scans-public-patents	sdr	6000-lilith-scans-public-patents/lynn_conway_us5046022_printrescancolor300/6044_scans-patents_lynn-conway-us5046022-rescan-color_p016_2479x3230.sdr.png	https://codec-corpus.r2.imazen.org/imazen-26-png-v3/6000-lilith-scans-public-patents/lynn_conway_us5046022_printrescancolor300/6044_scans-patents_lynn-conway-us5046022-rescan-color_p016_2479x3230.sdr.png
6045	train	6000-lilith-scans-public-patents	sdr	6000-lilith-scans-public-patents/lynn_conway_us5046022_printrescancolor300/6045_scans-patents_lynn-conway-us5046022-rescan-color_p017_2479x3230.sdr.png	https://codec-corpus.r2.imazen.org/imazen-26-png-v3/6000-lilith-scans-public-patents/lynn_conway_us5046022_printrescancolor300/6045_scans-patents_lynn-conway-us5046022-rescan-color_p017_2479x3230.sdr.png
6047	train	6000-lilith-scans-public-patents	sdr	6000-lilith-scans-public-patents/lynn_conway_us5046022_printrescancolor300/6047_scans-patents_lynn-conway-us5046022-rescan-color_p019_2479x3230.sdr.png	https://codec-corpus.r2.imazen.org/imazen-26-png-v3/6000-lilith-scans-public-patents/lynn_conway_us5046022_printrescancolor300/6047_scans-patents_lynn-conway-us5046022-rescan-color_p019_2479x3230.sdr.png
6048	train	6000-lilith-scans-public-patents	sdr	6000-lilith-scans-public-patents/lynn_conway_us5046022_printrescancolor300/6048_scans-patents_lynn-conway-us5046022-rescan-color_p020_2479x3230.sdr.png	https://codec-corpus.r2.imazen.org/imazen-26-png-v3/6000-lilith-scans-public-patents/lynn_conway_us5046022_printrescancolor300/6048_scans-patents_lynn-conway-us5046022-rescan-color_p020_2479x3230.sdr.png
6049	train	6000-lilith-scans-public-patents	sdr	6000-lilith-scans-public-patents/lynn_conway_us5046022_printrescancolor300/6049_scans-patents_lynn-conway-us5046022-rescan-color_p021_2479x3230.sdr.png	https://codec-corpus.r2.imazen.org/imazen-26-png-v3/6000-lilith-scans-public-patents/lynn_conway_us5046022_printrescancolor300/6049_scans-patents_lynn-conway-us5046022-rescan-color_p021_2479x3230.sdr.png
6050	train	6000-lilith-scans-public-patents	sdr	6000-lilith-scans-public-patents/lynn_conway_us5046022_printrescancolor300/6050_scans-patents_lynn-conway-us5046022-rescan-color_p022_2479x3230.sdr.png	https://codec-corpus.r2.imazen.org/imazen-26-png-v3/6000-lilith-scans-public-patents/lynn_conway_us5046022_printrescancolor300/6050_scans-patents_lynn-conway-us5046022-rescan-color_p022_2479x3230.sdr.png
6051	train	6000-lilith-scans-public-patents	sdr	6000-lilith-scans-public-patents/lynn_conway_us5046022_printrescancolor300/6051_scans-patents_lynn-conway-us5046022-rescan-color_p023_2479x3230.sdr.png	https://codec-corpus.r2.imazen.org/imazen-26-png-v3/6000-lilith-scans-public-patents/lynn_conway_us5046022_printrescancolor300/6051_scans-patents_lynn-conway-us5046022-rescan-color_p023_2479x3230.sdr.png
6052	train	6000-lilith-scans-public-patents	sdr	6000-lilith-scans-public-patents/lynn_conway_us5046022_printrescancolor300/6052_scans-patents_lynn-conway-us5046022-rescan-color_p024_2479x3230.sdr.png	https://codec-corpus.r2.imazen.org/imazen-26-png-v3/6000-lilith-scans-public-patents/lynn_conway_us5046022_printrescancolor300/6052_scans-patents_lynn-conway-us5046022-rescan-color_p024_2479x3230.sdr.png
6053	train	6000-lilith-scans-public-patents	sdr	6000-lilith-scans-public-patents/lynn_conway_us5046022_printrescancolor300/6053_scans-patents_lynn-conway-us5046022-rescan-color_p025_2479x3230.sdr.png	https://codec-corpus.r2.imazen.org/imazen-26-png-v3/6000-lilith-scans-public-patents/lynn_conway_us5046022_printrescancolor300/6053_scans-patents_lynn-conway-us5046022-rescan-color_p025_2479x3230.sdr.png
6054	train	6000-lilith-scans-public-patents	sdr	6000-lilith-scans-public-patents/lynn_conway_us5046022_printrescancolor300/6054_scans-patents_lynn-conway-us5046022-rescan-color_p026_2479x3230.sdr.png	https://codec-corpus.r2.imazen.org/imazen-26-png-v3/6000-lilith-scans-public-patents/lynn_conway_us5046022_printrescancolor300/6054_scans-patents_lynn-conway-us5046022-rescan-color_p026_2479x3230.sdr.png
6055	train	6000-lilith-scans-public-patents	sdr	6000-lilith-scans-public-patents/lynn_conway_us5046022_printrescancolor300/6055_scans-patents_lynn-conway-us5046022-rescan-color_p027_2479x3230.sdr.png	https://codec-corpus.r2.imazen.org/imazen-26-png-v3/6000-lilith-scans-public-patents/lynn_conway_us5046022_printrescancolor300/6055_scans-patents_lynn-conway-us5046022-rescan-color_p027_2479x3230.sdr.png
6056	train	6000-lilith-scans-public-patents	sdr	6000-lilith-scans-public-patents/lynn_conway_us5046022_printrescancolor300/6056_scans-patents_lynn-conway-us5046022-rescan-color_p028_2479x3230.sdr.png	https://codec-corpus.r2.imazen.org/imazen-26-png-v3/6000-lilith-scans-public-patents/lynn_conway_us5046022_printrescancolor300/6056_scans-patents_lynn-conway-us5046022-rescan-color_p028_2479x3230.sdr.png
6057	train	6000-lilith-scans-public-patents	sdr	6000-lilith-scans-public-patents/lynn_conway_us5046022_printrescancolor300/6057_scans-patents_lynn-conway-us5046022-rescan-color_p029_2479x3230.sdr.png	https://codec-corpus.r2.imazen.org/imazen-26-png-v3/6000-lilith-scans-public-patents/lynn_conway_us5046022_printrescancolor300/6057_scans-patents_lynn-conway-us5046022-rescan-color_p029_2479x3230.sdr.png
6058	train	6000-lilith-scans-public-patents	sdr	6000-lilith-scans-public-patents/lynn_conway_us5046022_printrescancolor300/6058_scans-patents_lynn-conway-us5046022-rescan-color_p030_2479x3230.sdr.png	https://codec-corpus.r2.imazen.org/imazen-26-png-v3/6000-lilith-scans-public-patents/lynn_conway_us5046022_printrescancolor300/6058_scans-patents_lynn-conway-us5046022-rescan-color_p030_2479x3230.sdr.png
6059	train	6000-lilith-scans-public-patents	sdr	6000-lilith-scans-public-patents/lynn_conway_us5046022_printrescangray300/6059_scans-patents_lynn-conway-us5046022-rescan-gray_p001_2479x3230.sdr.png	https://codec-corpus.r2.imazen.org/imazen-26-png-v3/6000-lilith-scans-public-patents/lynn_conway_us5046022_printrescangray300/6059_scans-patents_lynn-conway-us5046022-rescan-gray_p001_2479x3230.sdr.png
6060	train	6000-lilith-scans-public-patents	sdr	6000-lilith-scans-public-patents/lynn_conway_us5046022_printrescangray300/6060_scans-patents_lynn-conway-us5046022-rescan-gray_p002_2479x3230.sdr.png	https://codec-corpus.r2.imazen.org/imazen-26-png-v3/6000-lilith-scans-public-patents/lynn_conway_us5046022_printrescangray300/6060_scans-patents_lynn-conway-us5046022-rescan-gray_p002_2479x3230.sdr.png
6061	train	6000-lilith-scans-public-patents	sdr	6000-lilith-scans-public-patents/lynn_conway_us5046022_printrescangray300/6061_scans-patents_lynn-conway-us5046022-rescan-gray_p003_2479x3230.sdr.png	https://codec-corpus.r2.imazen.org/imazen-26-png-v3/6000-lilith-scans-public-patents/lynn_conway_us5046022_printrescangray300/6061_scans-patents_lynn-conway-us5046022-rescan-gray_p003_2479x3230.sdr.png
6064	train	6000-lilith-scans-public-patents	sdr	6000-lilith-scans-public-patents/lynn_conway_us5046022_printrescangray300/6064_scans-patents_lynn-conway-us5046022-rescan-gray_p006_2479x3230.sdr.png	https://codec-corpus.r2.imazen.org/imazen-26-png-v3/6000-lilith-scans-public-patents/lynn_conway_us5046022_printrescangray300/6064_scans-patents_lynn-conway-us5046022-rescan-gray_p006_2479x3230.sdr.png
6065	train	6000-lilith-scans-public-patents	sdr	6000-lilith-scans-public-patents/lynn_conway_us5046022_printrescangray300/6065_scans-patents_lynn-conway-us5046022-rescan-gray_p007_2479x3230.sdr.png	https://codec-corpus.r2.imazen.org/imazen-26-png-v3/6000-lilith-scans-public-patents/lynn_conway_us5046022_printrescangray300/6065_scans-patents_lynn-conway-us5046022-rescan-gray_p007_2479x3230.sdr.png
6066	train	6000-lilith-scans-public-patents	sdr	6000-lilith-scans-public-patents/lynn_conway_us5046022_printrescangray300/6066_scans-patents_lynn-conway-us5046022-rescan-gray_p008_2479x3230.sdr.png	https://codec-corpus.r2.imazen.org/imazen-26-png-v3/6000-lilith-scans-public-patents/lynn_conway_us5046022_printrescangray300/6066_scans-patents_lynn-conway-us5046022-rescan-gray_p008_2479x3230.sdr.png
6067	train	6000-lilith-scans-public-patents	sdr	6000-lilith-scans-public-patents/lynn_conway_us5046022_printrescangray300/6067_scans-patents_lynn-conway-us5046022-rescan-gray_p009_2479x3230.sdr.png	https://codec-corpus.r2.imazen.org/imazen-26-png-v3/6000-lilith-scans-public-patents/lynn_conway_us5046022_printrescangray300/6067_scans-patents_lynn-conway-us5046022-rescan-gray_p009_2479x3230.sdr.png
6068	train	6000-lilith-scans-public-patents	sdr	6000-lilith-scans-public-patents/lynn_conway_us5046022_printrescangray300/6068_scans-patents_lynn-conway-us5046022-rescan-gray_p010_2479x3230.sdr.png	https://codec-corpus.r2.imazen.org/imazen-26-png-v3/6000-lilith-scans-public-patents/lynn_conway_us5046022_printrescangray300/6068_scans-patents_lynn-conway-us5046022-rescan-gray_p010_2479x3230.sdr.png
6069	train	6000-lilith-scans-public-patents	sdr	6000-lilith-scans-public-patents/lynn_conway_us5046022_printrescangray300/6069_scans-patents_lynn-conway-us5046022-rescan-gray_p011_2479x3230.sdr.png	https://codec-corpus.r2.imazen.org/imazen-26-png-v3/6000-lilith-scans-public-patents/lynn_conway_us5046022_printrescangray300/6069_scans-patents_lynn-conway-us5046022-rescan-gray_p011_2479x3230.sdr.png
6070	train	6000-lilith-scans-public-patents	sdr	6000-lilith-scans-public-patents/lynn_conway_us5046022_printrescangray300/6070_scans-patents_lynn-conway-us5046022-rescan-gray_p012_2479x3230.sdr.png	https://codec-corpus.r2.imazen.org/imazen-26-png-v3/6000-lilith-scans-public-patents/lynn_conway_us5046022_printrescangray300/6070_scans-patents_lynn-conway-us5046022-rescan-gray_p012_2479x3230.sdr.png
6071	train	6000-lilith-scans-public-patents	sdr	6000-lilith-scans-public-patents/lynn_conway_us5046022_printrescangray300/6071_scans-patents_lynn-conway-us5046022-rescan-gray_p013_2479x3230.sdr.png	https://codec-corpus.r2.imazen.org/imazen-26-png-v3/6000-lilith-scans-public-patents/lynn_conway_us5046022_printrescangray300/6071_scans-patents_lynn-conway-us5046022-rescan-gray_p013_2479x3230.sdr.png
6072	train	6000-lilith-scans-public-patents	sdr	6000-lilith-scans-public-patents/lynn_conway_us5046022_printrescangray300/6072_scans-patents_lynn-conway-us5046022-rescan-gray_p014_2479x3230.sdr.png	https://codec-corpus.r2.imazen.org/imazen-26-png-v3/6000-lilith-scans-public-patents/lynn_conway_us5046022_printrescangray300/6072_scans-patents_lynn-conway-us5046022-rescan-gray_p014_2479x3230.sdr.png
6073	train	6000-lilith-scans-public-patents	sdr	6000-lilith-scans-public-patents/lynn_conway_us5046022_printrescangray300/6073_scans-patents_lynn-conway-us5046022-rescan-gray_p015_2479x3230.sdr.png	https://codec-corpus.r2.imazen.org/imazen-26-png-v3/6000-lilith-scans-public-patents/lynn_conway_us5046022_printrescangray300/6073_scans-patents_lynn-conway-us5046022-rescan-gray_p015_2479x3230.sdr.png
6074	train	6000-lilith-scans-public-patents	sdr	6000-lilith-scans-public-patents/lynn_conway_us5046022_printrescangray300/6074_scans-patents_lynn-conway-us5046022-rescan-gray_p016_2479x3230.sdr.png	https://codec-corpus.r2.imazen.org/imazen-26-png-v3/6000-lilith-scans-public-patents/lynn_conway_us5046022_printrescangray300/6074_scans-patents_lynn-conway-us5046022-rescan-gray_p016_2479x3230.sdr.png
6075	train	6000-lilith-scans-public-patents	sdr	6000-lilith-scans-public-patents/lynn_conway_us5046022_printrescangray300/6075_scans-patents_lynn-conway-us5046022-rescan-gray_p017_2479x3230.sdr.png	https://codec-corpus.r2.imazen.org/imazen-26-png-v3/6000-lilith-scans-public-patents/lynn_conway_us5046022_printrescangray300/6075_scans-patents_lynn-conway-us5046022-rescan-gray_p017_2479x3230.sdr.png
6076	train	6000-lilith-scans-public-patents	sdr	6000-lilith-scans-public-patents/lynn_conway_us5046022_printrescangray300/6076_scans-patents_lynn-conway-us5046022-rescan-gray_p018_2479x3230.sdr.png	https://codec-corpus.r2.imazen.org/imazen-26-png-v3/6000-lilith-scans-public-patents/lynn_conway_us5046022_printrescangray300/6076_scans-patents_lynn-conway-us5046022-rescan-gray_p018_2479x3230.sdr.png
6078	train	6000-lilith-scans-public-patents	sdr	6000-lilith-scans-public-patents/lynn_conway_us5046022_printrescangray300/6078_scans-patents_lynn-conway-us5046022-rescan-gray_p020_2479x3230.sdr.png	https://codec-corpus.r2.imazen.org/imazen-26-png-v3/6000-lilith-scans-public-patents/lynn_conway_us5046022_printrescangray300/6078_scans-patents_lynn-conway-us5046022-rescan-gray_p020_2479x3230.sdr.png
6079	train	6000-lilith-scans-public-patents	sdr	6000-lilith-scans-public-patents/lynn_conway_us5046022_printrescangray300/6079_scans-patents_lynn-conway-us5046022-rescan-gray_p021_2479x3230.sdr.png	https://codec-corpus.r2.imazen.org/imazen-26-png-v3/6000-lilith-scans-public-patents/lynn_conway_us5046022_printrescangray300/6079_scans-patents_lynn-conway-us5046022-rescan-gray_p021_2479x3230.sdr.png
6080	train	6000-lilith-scans-public-patents	sdr	6000-lilith-scans-public-patents/lynn_conway_us5046022_printrescangray300/6080_scans-patents_lynn-conway-us5046022-rescan-gray_p022_2479x3230.sdr.png	https://codec-corpus.r2.imazen.org/imazen-26-png-v3/6000-lilith-scans-public-patents/lynn_conway_us5046022_printrescangray300/6080_scans-patents_lynn-conway-us5046022-rescan-gray_p022_2479x3230.sdr.png
6081	train	6000-lilith-scans-public-patents	sdr	6000-lilith-scans-public-patents/lynn_conway_us5046022_printrescangray300/6081_scans-patents_lynn-conway-us5046022-rescan-gray_p023_2479x3230.sdr.png	https://codec-corpus.r2.imazen.org/imazen-26-png-v3/6000-lilith-scans-public-patents/lynn_conway_us5046022_printrescangray300/6081_scans-patents_lynn-conway-us5046022-rescan-gray_p023_2479x3230.sdr.png
6083	train	6000-lilith-scans-public-patents	sdr	6000-lilith-scans-public-patents/lynn_conway_us5046022_printrescangray300/6083_scans-patents_lynn-conway-us5046022-rescan-gray_p025_2479x3230.sdr.png	https://codec-corpus.r2.imazen.org/imazen-26-png-v3/6000-lilith-scans-public-patents/lynn_conway_us5046022_printrescangray300/6083_scans-patents_lynn-conway-us5046022-rescan-gray_p025_2479x3230.sdr.png
6084	train	6000-lilith-scans-public-patents	sdr	6000-lilith-scans-public-patents/lynn_conway_us5046022_printrescangray300/6084_scans-patents_lynn-conway-us5046022-rescan-gray_p026_2479x3230.sdr.png	https://codec-corpus.r2.imazen.org/imazen-26-png-v3/6000-lilith-scans-public-patents/lynn_conway_us5046022_printrescangray300/6084_scans-patents_lynn-conway-us5046022-rescan-gray_p026_2479x3230.sdr.png
6085	train	6000-lilith-scans-public-patents	sdr	6000-lilith-scans-public-patents/lynn_conway_us5046022_printrescangray300/6085_scans-patents_lynn-conway-us5046022-rescan-gray_p027_2479x3230.sdr.png	https://codec-corpus.r2.imazen.org/imazen-26-png-v3/6000-lilith-scans-public-patents/lynn_conway_us5046022_printrescangray300/6085_scans-patents_lynn-conway-us5046022-rescan-gray_p027_2479x3230.sdr.png
6086	train	6000-lilith-scans-public-patents	sdr	6000-lilith-scans-public-patents/lynn_conway_us5046022_printrescangray300/6086_scans-patents_lynn-conway-us5046022-rescan-gray_p028_2479x3230.sdr.png	https://codec-corpus.r2.imazen.org/imazen-26-png-v3/6000-lilith-scans-public-patents/lynn_conway_us5046022_printrescangray300/6086_scans-patents_lynn-conway-us5046022-rescan-gray_p028_2479x3230.sdr.png
6088	train	6000-lilith-scans-public-patents	sdr	6000-lilith-scans-public-patents/lynn_conway_us5046022_printrescangray300/6088_scans-patents_lynn-conway-us5046022-rescan-gray_p030_2479x3230.sdr.png	https://codec-corpus.r2.imazen.org/imazen-26-png-v3/6000-lilith-scans-public-patents/lynn_conway_us5046022_printrescangray300/6088_scans-patents_lynn-conway-us5046022-rescan-gray_p030_2479x3230.sdr.png
6089	train	6000-lilith-scans-public-patents	sdr	6000-lilith-scans-public-patents/martha_jones_us77494_1bitoriginal/6089_scans-patents_martha-jones-us77494-1bit_p001_2320x3408.sdr.png	https://codec-corpus.r2.imazen.org/imazen-26-png-v3/6000-lilith-scans-public-patents/martha_jones_us77494_1bitoriginal/6089_scans-patents_martha-jones-us77494-1bit_p001_2320x3408.sdr.png
6091	train	6000-lilith-scans-public-patents	sdr	6000-lilith-scans-public-patents/martha_jones_us77494_1bitoriginal/6091_scans-patents_martha-jones-us77494-1bit_p003_2320x3408.sdr.png	https://codec-corpus.r2.imazen.org/imazen-26-png-v3/6000-lilith-scans-public-patents/martha_jones_us77494_1bitoriginal/6091_scans-patents_martha-jones-us77494-1bit_p003_2320x3408.sdr.png
6093	train	6000-lilith-scans-public-patents	sdr	6000-lilith-scans-public-patents/martha_jones_us77494_printrescancolor300/6093_scans-patents_martha-jones-us77494-rescan-color_p002_2479x3230.sdr.png	https://codec-corpus.r2.imazen.org/imazen-26-png-v3/6000-lilith-scans-public-patents/martha_jones_us77494_printrescancolor300/6093_scans-patents_martha-jones-us77494-rescan-color_p002_2479x3230.sdr.png
6094	train	6000-lilith-scans-public-patents	sdr	6000-lilith-scans-public-patents/martha_jones_us77494_printrescancolor300/6094_scans-patents_martha-jones-us77494-rescan-color_p003_2479x3230.sdr.png	https://codec-corpus.r2.imazen.org/imazen-26-png-v3/6000-lilith-scans-public-patents/martha_jones_us77494_printrescancolor300/6094_scans-patents_martha-jones-us77494-rescan-color_p003_2479x3230.sdr.png
6095	train	6000-lilith-scans-public-patents	sdr	6000-lilith-scans-public-patents/martha_jones_us77494_printrescangrayscale300/6095_scans-patents_martha-jones-us77494-rescan-gray_p001_2479x3230.sdr.png	https://codec-corpus.r2.imazen.org/imazen-26-png-v3/6000-lilith-scans-public-patents/martha_jones_us77494_printrescangrayscale300/6095_scans-patents_martha-jones-us77494-rescan-gray_p001_2479x3230.sdr.png
6096	train	6000-lilith-scans-public-patents	sdr	6000-lilith-scans-public-patents/martha_jones_us77494_printrescangrayscale300/6096_scans-patents_martha-jones-us77494-rescan-gray_p002_2479x3230.sdr.png	https://codec-corpus.r2.imazen.org/imazen-26-png-v3/6000-lilith-scans-public-patents/martha_jones_us77494_printrescangrayscale300/6096_scans-patents_martha-jones-us77494-rescan-gray_p002_2479x3230.sdr.png
6097	train	6000-lilith-scans-public-patents	sdr	6000-lilith-scans-public-patents/martha_jones_us77494_printrescangrayscale300/6097_scans-patents_martha-jones-us77494-rescan-gray_p003_2479x3230.sdr.png	https://codec-corpus.r2.imazen.org/imazen-26-png-v3/6000-lilith-scans-public-patents/martha_jones_us77494_printrescangrayscale300/6097_scans-patents_martha-jones-us77494-rescan-gray_p003_2479x3230.sdr.png
6098	train	6000-lilith-scans-public-patents	sdr	6000-lilith-scans-public-patents/yvonne_brill_us3807657_1bitoriginal/6098_scans-patents_yvonne-brill-us3807657-1bit_p001_2320x3408.sdr.png	https://codec-corpus.r2.imazen.org/imazen-26-png-v3/6000-lilith-scans-public-patents/yvonne_brill_us3807657_1bitoriginal/6098_scans-patents_yvonne-brill-us3807657-1bit_p001_2320x3408.sdr.png
6100	train	6000-lilith-scans-public-patents	sdr	6000-lilith-scans-public-patents/yvonne_brill_us3807657_1bitoriginal/6100_scans-patents_yvonne-brill-us3807657-1bit_p003_2320x3408.sdr.png	https://codec-corpus.r2.imazen.org/imazen-26-png-v3/6000-lilith-scans-public-patents/yvonne_brill_us3807657_1bitoriginal/6100_scans-patents_yvonne-brill-us3807657-1bit_p003_2320x3408.sdr.png
6101	train	6000-lilith-scans-public-patents	sdr	6000-lilith-scans-public-patents/yvonne_brill_us3807657_1bitoriginal/6101_scans-patents_yvonne-brill-us3807657-1bit_p004_2320x3408.sdr.png	https://codec-corpus.r2.imazen.org/imazen-26-png-v3/6000-lilith-scans-public-patents/yvonne_brill_us3807657_1bitoriginal/6101_scans-patents_yvonne-brill-us3807657-1bit_p004_2320x3408.sdr.png
6102	train	6000-lilith-scans-public-patents	sdr	6000-lilith-scans-public-patents/yvonne_brill_us3807657_1bitoriginal/6102_scans-patents_yvonne-brill-us3807657-1bit_p005_2320x3408.sdr.png	https://codec-corpus.r2.imazen.org/imazen-26-png-v3/6000-lilith-scans-public-patents/yvonne_brill_us3807657_1bitoriginal/6102_scans-patents_yvonne-brill-us3807657-1bit_p005_2320x3408.sdr.png
6103	train	6000-lilith-scans-public-patents	sdr	6000-lilith-scans-public-patents/yvonne_brill_us3807657_1bitoriginal/6103_scans-patents_yvonne-brill-us3807657-1bit_p006_2320x3408.sdr.png	https://codec-corpus.r2.imazen.org/imazen-26-png-v3/6000-lilith-scans-public-patents/yvonne_brill_us3807657_1bitoriginal/6103_scans-patents_yvonne-brill-us3807657-1bit_p006_2320x3408.sdr.png
6104	train	6000-lilith-scans-public-patents	sdr	6000-lilith-scans-public-patents/yvonne_brill_us3807657_1bitoriginal/6104_scans-patents_yvonne-brill-us3807657-1bit_p007_2320x3408.sdr.png	https://codec-corpus.r2.imazen.org/imazen-26-png-v3/6000-lilith-scans-public-patents/yvonne_brill_us3807657_1bitoriginal/6104_scans-patents_yvonne-brill-us3807657-1bit_p007_2320x3408.sdr.png
6106	train	6000-lilith-scans-public-patents	sdr	6000-lilith-scans-public-patents/yvonne_brill_us3807657_printrescancolor300/6106_scans-patents_yvonne-brill-us3807657-rescan-color_p002_2479x3230.sdr.png	https://codec-corpus.r2.imazen.org/imazen-26-png-v3/6000-lilith-scans-public-patents/yvonne_brill_us3807657_printrescancolor300/6106_scans-patents_yvonne-brill-us3807657-rescan-color_p002_2479x3230.sdr.png
6108	train	6000-lilith-scans-public-patents	sdr	6000-lilith-scans-public-patents/yvonne_brill_us3807657_printrescancolor300/6108_scans-patents_yvonne-brill-us3807657-rescan-color_p004_2479x3230.sdr.png	https://codec-corpus.r2.imazen.org/imazen-26-png-v3/6000-lilith-scans-public-patents/yvonne_brill_us3807657_printrescancolor300/6108_scans-patents_yvonne-brill-us3807657-rescan-color_p004_2479x3230.sdr.png
6109	train	6000-lilith-scans-public-patents	sdr	6000-lilith-scans-public-patents/yvonne_brill_us3807657_printrescangray300/6109_scans-patents_yvonne-brill-us3807657-rescan-gray_p001_2479x3230.sdr.png	https://codec-corpus.r2.imazen.org/imazen-26-png-v3/6000-lilith-scans-public-patents/yvonne_brill_us3807657_printrescangray300/6109_scans-patents_yvonne-brill-us3807657-rescan-gray_p001_2479x3230.sdr.png
6110	train	6000-lilith-scans-public-patents	sdr	6000-lilith-scans-public-patents/yvonne_brill_us3807657_printrescangray300/6110_scans-patents_yvonne-brill-us3807657-rescan-gray_p002_2479x3230.sdr.png	https://codec-corpus.r2.imazen.org/imazen-26-png-v3/6000-lilith-scans-public-patents/yvonne_brill_us3807657_printrescangray300/6110_scans-patents_yvonne-brill-us3807657-rescan-gray_p002_2479x3230.sdr.png
6111	train	6000-lilith-scans-public-patents	sdr	6000-lilith-scans-public-patents/yvonne_brill_us3807657_printrescangray300/6111_scans-patents_yvonne-brill-us3807657-rescan-gray_p003_2479x3230.sdr.png	https://codec-corpus.r2.imazen.org/imazen-26-png-v3/6000-lilith-scans-public-patents/yvonne_brill_us3807657_printrescangray300/6111_scans-patents_yvonne-brill-us3807657-rescan-gray_p003_2479x3230.sdr.png
6112	train	6000-lilith-scans-public-patents	sdr	6000-lilith-scans-public-patents/yvonne_brill_us3807657_printrescangray300/6112_scans-patents_yvonne-brill-us3807657-rescan-gray_p004_2479x3230.sdr.png	https://codec-corpus.r2.imazen.org/imazen-26-png-v3/6000-lilith-scans-public-patents/yvonne_brill_us3807657_printrescangray300/6112_scans-patents_yvonne-brill-us3807657-rescan-gray_p004_2479x3230.sdr.png
6600	train	6600-ia-scans-manuscript-illustrations	sdr	6600-ia-scans-manuscript-illustrations/6600_scans-illustrations_haeckel-cephalopods_plate0007_4988x7151.sdr.png	https://codec-corpus.r2.imazen.org/imazen-26-png-v3/6600-ia-scans-manuscript-illustrations/6600_scans-illustrations_haeckel-cephalopods_plate0007_4988x7151.sdr.png
6601	train	6600-ia-scans-manuscript-illustrations	sdr	6600-ia-scans-manuscript-illustrations/6601_scans-illustrations_haeckel-radiolaria-green_plate0034_4892x7178.sdr.png	https://codec-corpus.r2.imazen.org/imazen-26-png-v3/6600-ia-scans-manuscript-illustrations/6601_scans-illustrations_haeckel-radiolaria-green_plate0034_4892x7178.sdr.png
6602	train	6600-ia-scans-manuscript-illustrations	sdr	6600-ia-scans-manuscript-illustrations/6602_scans-illustrations_haeckel-starfish_plate0040_4961x7277.sdr.png	https://codec-corpus.r2.imazen.org/imazen-26-png-v3/6600-ia-scans-manuscript-illustrations/6602_scans-illustrations_haeckel-starfish_plate0040_4961x7277.sdr.png
6603	train	6600-ia-scans-manuscript-illustrations	sdr	6600-ia-scans-manuscript-illustrations/6603_scans-illustrations_haeckel-trilobites_plate0047_4808x7108.sdr.png	https://codec-corpus.r2.imazen.org/imazen-26-png-v3/6600-ia-scans-manuscript-illustrations/6603_scans-illustrations_haeckel-trilobites_plate0047_4808x7108.sdr.png
6605	train	6600-ia-scans-manuscript-illustrations	sdr	6600-ia-scans-manuscript-illustrations/6605_scans-illustrations_haeckel-pitcher-plants_plate0062_4988x7412.sdr.png	https://codec-corpus.r2.imazen.org/imazen-26-png-v3/6600-ia-scans-manuscript-illustrations/6605_scans-illustrations_haeckel-pitcher-plants_plate0062_4988x7412.sdr.png
6606	train	6600-ia-scans-manuscript-illustrations	sdr	6600-ia-scans-manuscript-illustrations/6606_scans-illustrations_haeckel-red-algae_plate0065_5015x7275.sdr.png	https://codec-corpus.r2.imazen.org/imazen-26-png-v3/6600-ia-scans-manuscript-illustrations/6606_scans-illustrations_haeckel-red-algae_plate0065_5015x7275.sdr.png
6607	train	6600-ia-scans-manuscript-illustrations	sdr	6600-ia-scans-manuscript-illustrations/6607_scans-illustrations_haeckel-radiolaria-spheres_plate0090_4918x7246.sdr.png	https://codec-corpus.r2.imazen.org/imazen-26-png-v3/6600-ia-scans-manuscript-illustrations/6607_scans-illustrations_haeckel-radiolaria-spheres_plate0090_4918x7246.sdr.png
6608	train	6600-ia-scans-manuscript-illustrations	sdr	6600-ia-scans-manuscript-illustrations/6608_scans-illustrations_hokusai-figure-studies_plate0006_6030x4806.sdr.png	https://codec-corpus.r2.imazen.org/imazen-26-png-v3/6600-ia-scans-manuscript-illustrations/6608_scans-illustrations_hokusai-figure-studies_plate0006_6030x4806.sdr.png
6609	train	6600-ia-scans-manuscript-illustrations	sdr	6600-ia-scans-manuscript-illustrations/6609_scans-illustrations_hokusai-insects-creatures_plate0019_6234x4925.sdr.png	https://codec-corpus.r2.imazen.org/imazen-26-png-v3/6600-ia-scans-manuscript-illustrations/6609_scans-illustrations_hokusai-insects-creatures_plate0019_6234x4925.sdr.png
6610	train	6600-ia-scans-manuscript-illustrations	sdr	6600-ia-scans-manuscript-illustrations/6610_scans-illustrations_hokusai-boats-waves_plate0024_6147x4840.sdr.png	https://codec-corpus.r2.imazen.org/imazen-26-png-v3/6600-ia-scans-manuscript-illustrations/6610_scans-illustrations_hokusai-boats-waves_plate0024_6147x4840.sdr.png
6611	train	6600-ia-scans-manuscript-illustrations	sdr	6600-ia-scans-manuscript-illustrations/6611_scans-illustrations_hokusai-landscape-bridges_plate0027_6166x4823.sdr.png	https://codec-corpus.r2.imazen.org/imazen-26-png-v3/6600-ia-scans-manuscript-illustrations/6611_scans-illustrations_hokusai-landscape-bridges_plate0027_6166x4823.sdr.png
6612	train	6600-ia-scans-manuscript-illustrations	sdr	6600-ia-scans-manuscript-illustrations/6612_scans-illustrations_owenjones-egyptian-columns_plate0050_2071x3000.sdr.png	https://codec-corpus.r2.imazen.org/imazen-26-png-v3/6600-ia-scans-manuscript-illustrations/6612_scans-illustrations_owenjones-egyptian-columns_plate0050_2071x3000.sdr.png
6614	train	6600-ia-scans-manuscript-illustrations	sdr	6600-ia-scans-manuscript-illustrations/6614_scans-illustrations_owenjones-moorish-arches_plate0248_2016x3000.sdr.png	https://codec-corpus.r2.imazen.org/imazen-26-png-v3/6600-ia-scans-manuscript-illustrations/6614_scans-illustrations_owenjones-moorish-arches_plate0248_2016x3000.sdr.png
6615	train	6600-ia-scans-manuscript-illustrations	sdr	6600-ia-scans-manuscript-illustrations/6615_scans-illustrations_owenjones-moorish-tiles_plate0418_2075x3000.sdr.png	https://codec-corpus.r2.imazen.org/imazen-26-png-v3/6600-ia-scans-manuscript-illustrations/6615_scans-illustrations_owenjones-moorish-tiles_plate0418_2075x3000.sdr.png
6616	train	6600-ia-scans-manuscript-illustrations	sdr	6600-ia-scans-manuscript-illustrations/6616_scans-illustrations_owenjones-renaissance-panels_plate0540_2055x3000.sdr.png	https://codec-corpus.r2.imazen.org/imazen-26-png-v3/6600-ia-scans-manuscript-illustrations/6616_scans-illustrations_owenjones-renaissance-panels_plate0540_2055x3000.sdr.png
6617	train	6600-ia-scans-manuscript-illustrations	sdr	6600-ia-scans-manuscript-illustrations/6617_scans-illustrations_owenjones-persian-medallion_plate0556_2055x3000.sdr.png	https://codec-corpus.r2.imazen.org/imazen-26-png-v3/6600-ia-scans-manuscript-illustrations/6617_scans-illustrations_owenjones-persian-medallion_plate0556_2055x3000.sdr.png
6618	train	6600-ia-scans-manuscript-illustrations	sdr	6600-ia-scans-manuscript-illustrations/6618_scans-illustrations_redoute-rose-magenta_plate0047_2912x4368.sdr.png	https://codec-corpus.r2.imazen.org/imazen-26-png-v3/6600-ia-scans-manuscript-illustrations/6618_scans-illustrations_redoute-rose-magenta_plate0047_2912x4368.sdr.png
6619	train	6600-ia-scans-manuscript-illustrations	sdr	6600-ia-scans-manuscript-illustrations/6619_scans-illustrations_redoute-rose-pale-pink_plate0057_2912x4368.sdr.png	https://codec-corpus.r2.imazen.org/imazen-26-png-v3/6600-ia-scans-manuscript-illustrations/6619_scans-illustrations_redoute-rose-pale-pink_plate0057_2912x4368.sdr.png
6621	train	6600-ia-scans-manuscript-illustrations	sdr	6600-ia-scans-manuscript-illustrations/6621_scans-illustrations_redoute-rose-pink-cluster_plate0243_2912x4368.sdr.png	https://codec-corpus.r2.imazen.org/imazen-26-png-v3/6600-ia-scans-manuscript-illustrations/6621_scans-illustrations_redoute-rose-pink-cluster_plate0243_2912x4368.sdr.png
6622	train	6600-ia-scans-manuscript-illustrations	sdr	6600-ia-scans-manuscript-illustrations/6622_scans-illustrations_redoute-rose-deep-pink_plate0255_2912x4368.sdr.png	https://codec-corpus.r2.imazen.org/imazen-26-png-v3/6600-ia-scans-manuscript-illustrations/6622_scans-illustrations_redoute-rose-deep-pink_plate0255_2912x4368.sdr.png
6623	train	6600-ia-scans-manuscript-illustrations	sdr	6600-ia-scans-manuscript-illustrations/6623_scans-illustrations_shinbijutsukai-chrysanthemum_plate0003_2844x4410.sdr.png	https://codec-corpus.r2.imazen.org/imazen-26-png-v3/6600-ia-scans-manuscript-illustrations/6623_scans-illustrations_shinbijutsukai-chrysanthemum_plate0003_2844x4410.sdr.png
6624	train	6600-ia-scans-manuscript-illustrations	sdr	6600-ia-scans-manuscript-illustrations/6624_scans-illustrations_shinbijutsukai-flame-flower_plate0005_2844x4410.sdr.png	https://codec-corpus.r2.imazen.org/imazen-26-png-v3/6600-ia-scans-manuscript-illustrations/6624_scans-illustrations_shinbijutsukai-flame-flower_plate0005_2844x4410.sdr.png
6625	train	6600-ia-scans-manuscript-illustrations	sdr	6600-ia-scans-manuscript-illustrations/6625_scans-illustrations_shinbijutsukai-geometric-lattice_plate0010_2844x4410.sdr.png	https://codec-corpus.r2.imazen.org/imazen-26-png-v3/6600-ia-scans-manuscript-illustrations/6625_scans-illustrations_shinbijutsukai-geometric-lattice_plate0010_2844x4410.sdr.png
6626	train	6600-ia-scans-manuscript-illustrations	sdr	6600-ia-scans-manuscript-illustrations/6626_scans-illustrations_shinbijutsukai-flowing-lines_plate0016_2844x4410.sdr.png	https://codec-corpus.r2.imazen.org/imazen-26-png-v3/6600-ia-scans-manuscript-illustrations/6626_scans-illustrations_shinbijutsukai-flowing-lines_plate0016_2844x4410.sdr.png
6627	train	6600-ia-scans-manuscript-illustrations	sdr	6600-ia-scans-manuscript-illustrations/6627_scans-illustrations_shinbijutsukai-cherry-blossoms_plate0020_2844x4410.sdr.png	https://codec-corpus.r2.imazen.org/imazen-26-png-v3/6600-ia-scans-manuscript-illustrations/6627_scans-illustrations_shinbijutsukai-cherry-blossoms_plate0020_2844x4410.sdr.png
6628	train	6600-ia-scans-manuscript-illustrations	sdr	6600-ia-scans-manuscript-illustrations/6628_scans-illustrations_trouvelot-sunspots_plate01_5133x4944.sdr.png	https://codec-corpus.r2.imazen.org/imazen-26-png-v3/6600-ia-scans-manuscript-illustrations/6628_scans-illustrations_trouvelot-sunspots_plate01_5133x4944.sdr.png
6630	train	6600-ia-scans-manuscript-illustrations	sdr	6600-ia-scans-manuscript-illustrations/6630_scans-illustrations_trouvelot-aurora_plate04_5133x4773.sdr.png	https://codec-corpus.r2.imazen.org/imazen-26-png-v3/6600-ia-scans-manuscript-illustrations/6630_scans-illustrations_trouvelot-aurora_plate04_5133x4773.sdr.png
6631	train	6600-ia-scans-manuscript-illustrations	sdr	6600-ia-scans-manuscript-illustrations/6631_scans-illustrations_trouvelot-mars_plate08_5140x4467.sdr.png	https://codec-corpus.r2.imazen.org/imazen-26-png-v3/6600-ia-scans-manuscript-illustrations/6631_scans-illustrations_trouvelot-mars_plate08_5140x4467.sdr.png
6632	train	6600-ia-scans-manuscript-illustrations	sdr	6600-ia-scans-manuscript-illustrations/6632_scans-illustrations_trouvelot-jupiter_plate09_5133x4709.sdr.png	https://codec-corpus.r2.imazen.org/imazen-26-png-v3/6600-ia-scans-manuscript-illustrations/6632_scans-illustrations_trouvelot-jupiter_plate09_5133x4709.sdr.png
6635	train	6600-ia-scans-manuscript-illustrations	sdr	6600-ia-scans-manuscript-illustrations/6635_scans-illustrations_trouvelot-orion-nebula_plate15_5133x4712.sdr.png	https://codec-corpus.r2.imazen.org/imazen-26-png-v3/6600-ia-scans-manuscript-illustrations/6635_scans-illustrations_trouvelot-orion-nebula_plate15_5133x4712.sdr.png
6801	train	6800-ia-scans-manuscript-text	sdr	6800-ia-scans-manuscript-text/6801_scans-text_haeckel-de-preface_p0009_2581x3909.sdr.png	https://codec-corpus.r2.imazen.org/imazen-26-png-v3/6800-ia-scans-manuscript-text/6801_scans-text_haeckel-de-preface_p0009_2581x3909.sdr.png
6802	train	6800-ia-scans-manuscript-text	sdr	6800-ia-scans-manuscript-text/6802_scans-text_haeckel-de-systematic_p0011_2581x3909.sdr.png	https://codec-corpus.r2.imazen.org/imazen-26-png-v3/6800-ia-scans-manuscript-text/6802_scans-text_haeckel-de-systematic_p0011_2581x3909.sdr.png
6803	train	6800-ia-scans-manuscript-text	sdr	6800-ia-scans-manuscript-text/6803_scans-text_haeckel-de-description_p0013_2581x3909.sdr.png	https://codec-corpus.r2.imazen.org/imazen-26-png-v3/6800-ia-scans-manuscript-text/6803_scans-text_haeckel-de-description_p0013_2581x3909.sdr.png
6804	train	6800-ia-scans-manuscript-text	sdr	6800-ia-scans-manuscript-text/6804_scans-text_haeckel-de-description_p0017_2581x3909.sdr.png	https://codec-corpus.r2.imazen.org/imazen-26-png-v3/6800-ia-scans-manuscript-text/6804_scans-text_haeckel-de-description_p0017_2581x3909.sdr.png
6805	train	6800-ia-scans-manuscript-text	sdr	6800-ia-scans-manuscript-text/6805_scans-text_haeckel-de-description_p0023_2581x3909.sdr.png	https://codec-corpus.r2.imazen.org/imazen-26-png-v3/6800-ia-scans-manuscript-text/6805_scans-text_haeckel-de-description_p0023_2581x3909.sdr.png
6806	train	6800-ia-scans-manuscript-text	sdr	6800-ia-scans-manuscript-text/6806_scans-text_hokusai-ja-woodblock_p0002_6081x4806.sdr.png	https://codec-corpus.r2.imazen.org/imazen-26-png-v3/6800-ia-scans-manuscript-text/6806_scans-text_hokusai-ja-woodblock_p0002_6081x4806.sdr.png
6807	train	6800-ia-scans-manuscript-text	sdr	6800-ia-scans-manuscript-text/6807_scans-text_hokusai-ja-woodblock_p0029_6166x4857.sdr.png	https://codec-corpus.r2.imazen.org/imazen-26-png-v3/6800-ia-scans-manuscript-text/6807_scans-text_hokusai-ja-woodblock_p0029_6166x4857.sdr.png
6808	train	6800-ia-scans-manuscript-text	sdr	6800-ia-scans-manuscript-text/6808_scans-text_hokusai-ja-woodblock_p0030_6196x4845.sdr.png	https://codec-corpus.r2.imazen.org/imazen-26-png-v3/6800-ia-scans-manuscript-text/6808_scans-text_hokusai-ja-woodblock_p0030_6196x4845.sdr.png
6809	train	6800-ia-scans-manuscript-text	sdr	6800-ia-scans-manuscript-text/6809_scans-text_owenjones-en-title_p0008_2002x3000.sdr.png	https://codec-corpus.r2.imazen.org/imazen-26-png-v3/6800-ia-scans-manuscript-text/6809_scans-text_owenjones-en-title_p0008_2002x3000.sdr.png
6810	train	6800-ia-scans-manuscript-text	sdr	6800-ia-scans-manuscript-text/6810_scans-text_owenjones-en-preface_p0010_2002x3000.sdr.png	https://codec-corpus.r2.imazen.org/imazen-26-png-v3/6800-ia-scans-manuscript-text/6810_scans-text_owenjones-en-preface_p0010_2002x3000.sdr.png
6811	train	6800-ia-scans-manuscript-text	sdr	6800-ia-scans-manuscript-text/6811_scans-text_owenjones-en-preface_p0011_2046x3000.sdr.png	https://codec-corpus.r2.imazen.org/imazen-26-png-v3/6800-ia-scans-manuscript-text/6811_scans-text_owenjones-en-preface_p0011_2046x3000.sdr.png
6812	train	6800-ia-scans-manuscript-text	sdr	6800-ia-scans-manuscript-text/6812_scans-text_owenjones-en-preface_p0012_2003x3000.sdr.png	https://codec-corpus.r2.imazen.org/imazen-26-png-v3/6800-ia-scans-manuscript-text/6812_scans-text_owenjones-en-preface_p0012_2003x3000.sdr.png
6813	train	6800-ia-scans-manuscript-text	sdr	6800-ia-scans-manuscript-text/6813_scans-text_owenjones-en-preface_p0018_1999x3000.sdr.png	https://codec-corpus.r2.imazen.org/imazen-26-png-v3/6800-ia-scans-manuscript-text/6813_scans-text_owenjones-en-preface_p0018_1999x3000.sdr.png
6814	train	6800-ia-scans-manuscript-text	sdr	6800-ia-scans-manuscript-text/6814_scans-text_owenjones-en-plate-list_p0020_2002x3000.sdr.png	https://codec-corpus.r2.imazen.org/imazen-26-png-v3/6800-ia-scans-manuscript-text/6814_scans-text_owenjones-en-plate-list_p0020_2002x3000.sdr.png
6815	train	6800-ia-scans-manuscript-text	sdr	6800-ia-scans-manuscript-text/6815_scans-text_owenjones-en-plate-list_p0021_2046x3000.sdr.png	https://codec-corpus.r2.imazen.org/imazen-26-png-v3/6800-ia-scans-manuscript-text/6815_scans-text_owenjones-en-plate-list_p0021_2046x3000.sdr.png
6816	train	6800-ia-scans-manuscript-text	sdr	6800-ia-scans-manuscript-text/6816_scans-text_owenjones-en-essay_p0041_2027x3000.sdr.png	https://codec-corpus.r2.imazen.org/imazen-26-png-v3/6800-ia-scans-manuscript-text/6816_scans-text_owenjones-en-essay_p0041_2027x3000.sdr.png
6817	train	6800-ia-scans-manuscript-text	sdr	6800-ia-scans-manuscript-text/6817_scans-text_owenjones-en-essay_p0043_2027x3000.sdr.png	https://codec-corpus.r2.imazen.org/imazen-26-png-v3/6800-ia-scans-manuscript-text/6817_scans-text_owenjones-en-essay_p0043_2027x3000.sdr.png
6818	train	6800-ia-scans-manuscript-text	sdr	6800-ia-scans-manuscript-text/6818_scans-text_owenjones-en-essay_p0045_2040x3000.sdr.png	https://codec-corpus.r2.imazen.org/imazen-26-png-v3/6800-ia-scans-manuscript-text/6818_scans-text_owenjones-en-essay_p0045_2040x3000.sdr.png
6819	train	6800-ia-scans-manuscript-text	sdr	6800-ia-scans-manuscript-text/6819_scans-text_owenjones-en-essay_p0047_2040x3000.sdr.png	https://codec-corpus.r2.imazen.org/imazen-26-png-v3/6800-ia-scans-manuscript-text/6819_scans-text_owenjones-en-essay_p0047_2040x3000.sdr.png
6820	train	6800-ia-scans-manuscript-text	sdr	6800-ia-scans-manuscript-text/6820_scans-text_redoute-fr-description_p0040_2415x3528.sdr.png	https://codec-corpus.r2.imazen.org/imazen-26-png-v3/6800-ia-scans-manuscript-text/6820_scans-text_redoute-fr-description_p0040_2415x3528.sdr.png
6821	train	6800-ia-scans-manuscript-text	sdr	6800-ia-scans-manuscript-text/6821_scans-text_redoute-fr-description_p0045_2387x3519.sdr.png	https://codec-corpus.r2.imazen.org/imazen-26-png-v3/6800-ia-scans-manuscript-text/6821_scans-text_redoute-fr-description_p0045_2387x3519.sdr.png
6822	train	6800-ia-scans-manuscript-text	sdr	6800-ia-scans-manuscript-text/6822_scans-text_redoute-fr-description_p0046_2415x3528.sdr.png	https://codec-corpus.r2.imazen.org/imazen-26-png-v3/6800-ia-scans-manuscript-text/6822_scans-text_redoute-fr-description_p0046_2415x3528.sdr.png
6823	train	6800-ia-scans-manuscript-text	sdr	6800-ia-scans-manuscript-text/6823_scans-text_redoute-fr-description_p0051_2387x3519.sdr.png	https://codec-corpus.r2.imazen.org/imazen-26-png-v3/6800-ia-scans-manuscript-text/6823_scans-text_redoute-fr-description_p0051_2387x3519.sdr.png
6824	train	6800-ia-scans-manuscript-text	sdr	6800-ia-scans-manuscript-text/6824_scans-text_redoute-fr-description_p0052_2415x3528.sdr.png	https://codec-corpus.r2.imazen.org/imazen-26-png-v3/6800-ia-scans-manuscript-text/6824_scans-text_redoute-fr-description_p0052_2415x3528.sdr.png
6825	train	6800-ia-scans-manuscript-text	sdr	6800-ia-scans-manuscript-text/6825_scans-text_redoute-fr-description_p0060_2415x3528.sdr.png	https://codec-corpus.r2.imazen.org/imazen-26-png-v3/6800-ia-scans-manuscript-text/6825_scans-text_redoute-fr-description_p0060_2415x3528.sdr.png
6826	train	6800-ia-scans-manuscript-text	sdr	6800-ia-scans-manuscript-text/6826_scans-text_redoute-fr-description_p0066_2415x3528.sdr.png	https://codec-corpus.r2.imazen.org/imazen-26-png-v3/6800-ia-scans-manuscript-text/6826_scans-text_redoute-fr-description_p0066_2415x3528.sdr.png
6827	train	6800-ia-scans-manuscript-text	sdr	6800-ia-scans-manuscript-text/6827_scans-text_redoute-fr-description_p0079_2445x3519.sdr.png	https://codec-corpus.r2.imazen.org/imazen-26-png-v3/6800-ia-scans-manuscript-text/6827_scans-text_redoute-fr-description_p0079_2445x3519.sdr.png
6829	train	6800-ia-scans-manuscript-text	sdr	6800-ia-scans-manuscript-text/6829_scans-text_redoute-fr-description_p0121_2445x3519.sdr.png	https://codec-corpus.r2.imazen.org/imazen-26-png-v3/6800-ia-scans-manuscript-text/6829_scans-text_redoute-fr-description_p0121_2445x3519.sdr.png
6830	train	6800-ia-scans-manuscript-text	sdr	6800-ia-scans-manuscript-text/6830_scans-text_redoute-fr-description_p0122_2415x3528.sdr.png	https://codec-corpus.r2.imazen.org/imazen-26-png-v3/6800-ia-scans-manuscript-text/6830_scans-text_redoute-fr-description_p0122_2415x3528.sdr.png
6832	train	6800-ia-scans-manuscript-text	sdr	6800-ia-scans-manuscript-text/6832_scans-text_redoute-fr-description_p0139_2445x3519.sdr.png	https://codec-corpus.r2.imazen.org/imazen-26-png-v3/6800-ia-scans-manuscript-text/6832_scans-text_redoute-fr-description_p0139_2445x3519.sdr.png
6833	train	6800-ia-scans-manuscript-text	sdr	6800-ia-scans-manuscript-text/6833_scans-text_redoute-fr-description_p0146_2415x3528.sdr.png	https://codec-corpus.r2.imazen.org/imazen-26-png-v3/6800-ia-scans-manuscript-text/6833_scans-text_redoute-fr-description_p0146_2415x3528.sdr.png
6834	train	6800-ia-scans-manuscript-text	sdr	6800-ia-scans-manuscript-text/6834_scans-text_redoute-fr-description_p0156_2415x3528.sdr.png	https://codec-corpus.r2.imazen.org/imazen-26-png-v3/6800-ia-scans-manuscript-text/6834_scans-text_redoute-fr-description_p0156_2415x3528.sdr.png
6835	train	6800-ia-scans-manuscript-text	sdr	6800-ia-scans-manuscript-text/6835_scans-text_shinbijutsukai-ja-letterpress_p0023_2844x4410.sdr.png	https://codec-corpus.r2.imazen.org/imazen-26-png-v3/6800-ia-scans-manuscript-text/6835_scans-text_shinbijutsukai-ja-letterpress_p0023_2844x4410.sdr.png
7000	train	7000-lilith-plots	sdr	7000-lilith-plots/aliased-line-patterns/7000_plots_line-00056-s6bcec02a_1024x1024.sdr.png	https://codec-corpus.r2.imazen.org/imazen-26-png-v3/7000-lilith-plots/aliased-line-patterns/7000_plots_line-00056-s6bcec02a_1024x1024.sdr.png
7001	train	7000-lilith-plots	sdr	7000-lilith-plots/aliased-line-patterns/7001_plots_line-00099-s07ea3f1a_1024x1024.sdr.png	https://codec-corpus.r2.imazen.org/imazen-26-png-v3/7000-lilith-plots/aliased-line-patterns/7001_plots_line-00099-s07ea3f1a_1024x1024.sdr.png
7002	train	7000-lilith-plots	sdr	7000-lilith-plots/aliased-line-patterns/7002_plots_line-00118-s306ca2bd_1024x1024.sdr.png	https://codec-corpus.r2.imazen.org/imazen-26-png-v3/7000-lilith-plots/aliased-line-patterns/7002_plots_line-00118-s306ca2bd_1024x1024.sdr.png
7003	train	7000-lilith-plots	sdr	7000-lilith-plots/aliased-line-patterns/7003_plots_line-00208-s6c4f8551_1024x1024.sdr.png	https://codec-corpus.r2.imazen.org/imazen-26-png-v3/7000-lilith-plots/aliased-line-patterns/7003_plots_line-00208-s6c4f8551_1024x1024.sdr.png
7004	train	7000-lilith-plots	sdr	7000-lilith-plots/aliased-line-patterns/7004_plots_line-00248-s7c5ddcfb_1024x1024.sdr.png	https://codec-corpus.r2.imazen.org/imazen-26-png-v3/7000-lilith-plots/aliased-line-patterns/7004_plots_line-00248-s7c5ddcfb_1024x1024.sdr.png
7005	train	7000-lilith-plots	sdr	7000-lilith-plots/aliased-line-patterns/7005_plots_line-00260-s5da77574_1024x1024.sdr.png	https://codec-corpus.r2.imazen.org/imazen-26-png-v3/7000-lilith-plots/aliased-line-patterns/7005_plots_line-00260-s5da77574_1024x1024.sdr.png
7006	train	7000-lilith-plots	sdr	7000-lilith-plots/aliased-lines/7006_plots_line-00012-s2be0c08d_1024x1024.sdr.png	https://codec-corpus.r2.imazen.org/imazen-26-png-v3/7000-lilith-plots/aliased-lines/7006_plots_line-00012-s2be0c08d_1024x1024.sdr.png
7007	train	7000-lilith-plots	sdr	7000-lilith-plots/aliased-lines/7007_plots_line-00020-s1aac7045_1024x1024.sdr.png	https://codec-corpus.r2.imazen.org/imazen-26-png-v3/7000-lilith-plots/aliased-lines/7007_plots_line-00020-s1aac7045_1024x1024.sdr.png
7008	train	7000-lilith-plots	sdr	7000-lilith-plots/aliased-lines/7008_plots_line-00027-s195cfe6a_1024x1024.sdr.png	https://codec-corpus.r2.imazen.org/imazen-26-png-v3/7000-lilith-plots/aliased-lines/7008_plots_line-00027-s195cfe6a_1024x1024.sdr.png
7009	train	7000-lilith-plots	sdr	7000-lilith-plots/aliased-lines/7009_plots_line-00057-s0433bb30_1024x1024.sdr.png	https://codec-corpus.r2.imazen.org/imazen-26-png-v3/7000-lilith-plots/aliased-lines/7009_plots_line-00057-s0433bb30_1024x1024.sdr.png
7010	train	7000-lilith-plots	sdr	7000-lilith-plots/aliased-lines/7010_plots_line-00069-s46326869_1024x1024.sdr.png	https://codec-corpus.r2.imazen.org/imazen-26-png-v3/7000-lilith-plots/aliased-lines/7010_plots_line-00069-s46326869_1024x1024.sdr.png
7011	train	7000-lilith-plots	sdr	7000-lilith-plots/aliased-lines/7011_plots_line-00121-s3491d29b_1024x1024.sdr.png	https://codec-corpus.r2.imazen.org/imazen-26-png-v3/7000-lilith-plots/aliased-lines/7011_plots_line-00121-s3491d29b_1024x1024.sdr.png
7012	train	7000-lilith-plots	sdr	7000-lilith-plots/aliased-lines/7012_plots_line-00127-s7957de6d_1024x1024.sdr.png	https://codec-corpus.r2.imazen.org/imazen-26-png-v3/7000-lilith-plots/aliased-lines/7012_plots_line-00127-s7957de6d_1024x1024.sdr.png
7014	train	7000-lilith-plots	sdr	7000-lilith-plots/aliased-lines/7014_plots_line-00147-s01eaff1e_1024x1024.sdr.png	https://codec-corpus.r2.imazen.org/imazen-26-png-v3/7000-lilith-plots/aliased-lines/7014_plots_line-00147-s01eaff1e_1024x1024.sdr.png
7015	train	7000-lilith-plots	sdr	7000-lilith-plots/aliased-lines/7015_plots_line-00151-s49cff644_1024x1024.sdr.png	https://codec-corpus.r2.imazen.org/imazen-26-png-v3/7000-lilith-plots/aliased-lines/7015_plots_line-00151-s49cff644_1024x1024.sdr.png
7016	train	7000-lilith-plots	sdr	7000-lilith-plots/aliased-lines/7016_plots_line-00169-s646cb006_1024x1024.sdr.png	https://codec-corpus.r2.imazen.org/imazen-26-png-v3/7000-lilith-plots/aliased-lines/7016_plots_line-00169-s646cb006_1024x1024.sdr.png
7017	train	7000-lilith-plots	sdr	7000-lilith-plots/aliased-lines/7017_plots_line-00230-s6a3b9505_1024x1024.sdr.png	https://codec-corpus.r2.imazen.org/imazen-26-png-v3/7000-lilith-plots/aliased-lines/7017_plots_line-00230-s6a3b9505_1024x1024.sdr.png
7018	train	7000-lilith-plots	sdr	7000-lilith-plots/aliased-lines/7018_plots_line-00266-s0bc1d2a4_1024x1024.sdr.png	https://codec-corpus.r2.imazen.org/imazen-26-png-v3/7000-lilith-plots/aliased-lines/7018_plots_line-00266-s0bc1d2a4_1024x1024.sdr.png
7019	train	7000-lilith-plots	sdr	7000-lilith-plots/aliased-lines/7019_plots_line-00267-s683152f3_1024x1024.sdr.png	https://codec-corpus.r2.imazen.org/imazen-26-png-v3/7000-lilith-plots/aliased-lines/7019_plots_line-00267-s683152f3_1024x1024.sdr.png
7020	train	7000-lilith-plots	sdr	7000-lilith-plots/aliased-lines/7020_plots_line-00268-s2f977bbb_1024x1024.sdr.png	https://codec-corpus.r2.imazen.org/imazen-26-png-v3/7000-lilith-plots/aliased-lines/7020_plots_line-00268-s2f977bbb_1024x1024.sdr.png
7021	train	7000-lilith-plots	sdr	7000-lilith-plots/aliased-lines/7021_plots_line-00269-s0382639b_1024x1024.sdr.png	https://codec-corpus.r2.imazen.org/imazen-26-png-v3/7000-lilith-plots/aliased-lines/7021_plots_line-00269-s0382639b_1024x1024.sdr.png
7022	train	7000-lilith-plots	sdr	7000-lilith-plots/aliased-polygons/7022_plots_line-00001-s4fc8f443_1024x1024.sdr.png	https://codec-corpus.r2.imazen.org/imazen-26-png-v3/7000-lilith-plots/aliased-polygons/7022_plots_line-00001-s4fc8f443_1024x1024.sdr.png
7023	train	7000-lilith-plots	sdr	7000-lilith-plots/aliased-polygons/7023_plots_line-00032-s620ec516_1024x1024.sdr.png	https://codec-corpus.r2.imazen.org/imazen-26-png-v3/7000-lilith-plots/aliased-polygons/7023_plots_line-00032-s620ec516_1024x1024.sdr.png
7024	train	7000-lilith-plots	sdr	7000-lilith-plots/aliased-polygons/7024_plots_line-00038-s335b5033_1024x1024.sdr.png	https://codec-corpus.r2.imazen.org/imazen-26-png-v3/7000-lilith-plots/aliased-polygons/7024_plots_line-00038-s335b5033_1024x1024.sdr.png
7025	train	7000-lilith-plots	sdr	7000-lilith-plots/aliased-polygons/7025_plots_line-00070-s6eb82597_1024x1024.sdr.png	https://codec-corpus.r2.imazen.org/imazen-26-png-v3/7000-lilith-plots/aliased-polygons/7025_plots_line-00070-s6eb82597_1024x1024.sdr.png
7026	train	7000-lilith-plots	sdr	7000-lilith-plots/aliased-polygons/7026_plots_line-00081-s68404bb1_1024x1024.sdr.png	https://codec-corpus.r2.imazen.org/imazen-26-png-v3/7000-lilith-plots/aliased-polygons/7026_plots_line-00081-s68404bb1_1024x1024.sdr.png
7027	train	7000-lilith-plots	sdr	7000-lilith-plots/aliased-polygons/7027_plots_line-00105-s5b0fe6d1_1024x1024.sdr.png	https://codec-corpus.r2.imazen.org/imazen-26-png-v3/7000-lilith-plots/aliased-polygons/7027_plots_line-00105-s5b0fe6d1_1024x1024.sdr.png
7028	train	7000-lilith-plots	sdr	7000-lilith-plots/aliased-polygons/7028_plots_line-00119-s142edf29_1024x1024.sdr.png	https://codec-corpus.r2.imazen.org/imazen-26-png-v3/7000-lilith-plots/aliased-polygons/7028_plots_line-00119-s142edf29_1024x1024.sdr.png
7029	train	7000-lilith-plots	sdr	7000-lilith-plots/aliased-polygons/7029_plots_line-00120-s410edf16_1024x1024.sdr.png	https://codec-corpus.r2.imazen.org/imazen-26-png-v3/7000-lilith-plots/aliased-polygons/7029_plots_line-00120-s410edf16_1024x1024.sdr.png
7030	train	7000-lilith-plots	sdr	7000-lilith-plots/aliased-polygons/7030_plots_line-00168-s4e34287f_1024x1024.sdr.png	https://codec-corpus.r2.imazen.org/imazen-26-png-v3/7000-lilith-plots/aliased-polygons/7030_plots_line-00168-s4e34287f_1024x1024.sdr.png
7031	train	7000-lilith-plots	sdr	7000-lilith-plots/aliased-polygons/7031_plots_line-00184-s02a80f0a_1024x1024.sdr.png	https://codec-corpus.r2.imazen.org/imazen-26-png-v3/7000-lilith-plots/aliased-polygons/7031_plots_line-00184-s02a80f0a_1024x1024.sdr.png
7032	train	7000-lilith-plots	sdr	7000-lilith-plots/aliased-polygons/7032_plots_line-00210-s2771b783_1024x1024.sdr.png	https://codec-corpus.r2.imazen.org/imazen-26-png-v3/7000-lilith-plots/aliased-polygons/7032_plots_line-00210-s2771b783_1024x1024.sdr.png
7033	train	7000-lilith-plots	sdr	7000-lilith-plots/aliased-polygons/7033_plots_line-00227-s7fca561d_1024x1024.sdr.png	https://codec-corpus.r2.imazen.org/imazen-26-png-v3/7000-lilith-plots/aliased-polygons/7033_plots_line-00227-s7fca561d_1024x1024.sdr.png
7035	train	7000-lilith-plots	sdr	7000-lilith-plots/aliased-polygons/7035_plots_line-00240-s51df1e6b_1024x1024.sdr.png	https://codec-corpus.r2.imazen.org/imazen-26-png-v3/7000-lilith-plots/aliased-polygons/7035_plots_line-00240-s51df1e6b_1024x1024.sdr.png
7036	train	7000-lilith-plots	sdr	7000-lilith-plots/aliased-polygons/7036_plots_line-00291-s625cdbd7_1024x1024.sdr.png	https://codec-corpus.r2.imazen.org/imazen-26-png-v3/7000-lilith-plots/aliased-polygons/7036_plots_line-00291-s625cdbd7_1024x1024.sdr.png
7037	train	7000-lilith-plots	sdr	7000-lilith-plots/grids/7037_plots_chart-heatmap-01-corporate-1024sq-mpl_1024x1024.sdr.png	https://codec-corpus.r2.imazen.org/imazen-26-png-v3/7000-lilith-plots/grids/7037_plots_chart-heatmap-01-corporate-1024sq-mpl_1024x1024.sdr.png
7038	train	7000-lilith-plots	sdr	7000-lilith-plots/grids/7038_plots_chart-00144-s2f4e8e1b_1024x1024.sdr.png	https://codec-corpus.r2.imazen.org/imazen-26-png-v3/7000-lilith-plots/grids/7038_plots_chart-00144-s2f4e8e1b_1024x1024.sdr.png
7039	train	7000-lilith-plots	sdr	7000-lilith-plots/grids/7039_plots_chart-00220-s782a7764_1024x1024.sdr.png	https://codec-corpus.r2.imazen.org/imazen-26-png-v3/7000-lilith-plots/grids/7039_plots_chart-00220-s782a7764_1024x1024.sdr.png
7040	train	7000-lilith-plots	sdr	7000-lilith-plots/grids/7040_plots_chart-00265-s5af4c1ef_1024x1024.sdr.png	https://codec-corpus.r2.imazen.org/imazen-26-png-v3/7000-lilith-plots/grids/7040_plots_chart-00265-s5af4c1ef_1024x1024.sdr.png
7042	train	7000-lilith-plots	sdr	7000-lilith-plots/grids/7042_plots_chart-00290-s4b1661bd_1024x1024.sdr.png	https://codec-corpus.r2.imazen.org/imazen-26-png-v3/7000-lilith-plots/grids/7042_plots_chart-00290-s4b1661bd_1024x1024.sdr.png
7044	train	7000-lilith-plots	sdr	7000-lilith-plots/grids/7044_plots_chart-00338-s6215c94e_1024x1024.sdr.png	https://codec-corpus.r2.imazen.org/imazen-26-png-v3/7000-lilith-plots/grids/7044_plots_chart-00338-s6215c94e_1024x1024.sdr.png
7045	train	7000-lilith-plots	sdr	7000-lilith-plots/grids/7045_plots_chart-00418-s51df1e6b_1024x1024.sdr.png	https://codec-corpus.r2.imazen.org/imazen-26-png-v3/7000-lilith-plots/grids/7045_plots_chart-00418-s51df1e6b_1024x1024.sdr.png
7046	train	7000-lilith-plots	sdr	7000-lilith-plots/grids/7046_plots_line-00050-s221fd453_1024x1024.sdr.png	https://codec-corpus.r2.imazen.org/imazen-26-png-v3/7000-lilith-plots/grids/7046_plots_line-00050-s221fd453_1024x1024.sdr.png
7047	train	7000-lilith-plots	sdr	7000-lilith-plots/grids/7047_plots_line-00065-s0b64cf58_1024x1024.sdr.png	https://codec-corpus.r2.imazen.org/imazen-26-png-v3/7000-lilith-plots/grids/7047_plots_line-00065-s0b64cf58_1024x1024.sdr.png
7048	train	7000-lilith-plots	sdr	7000-lilith-plots/grids/7048_plots_line-00136-s3e377a73_1024x1024.sdr.png	https://codec-corpus.r2.imazen.org/imazen-26-png-v3/7000-lilith-plots/grids/7048_plots_line-00136-s3e377a73_1024x1024.sdr.png
7050	train	7000-lilith-plots	sdr	7000-lilith-plots/grids/7050_plots_line-00166-s010fb6d2_1024x1024.sdr.png	https://codec-corpus.r2.imazen.org/imazen-26-png-v3/7000-lilith-plots/grids/7050_plots_line-00166-s010fb6d2_1024x1024.sdr.png
7051	train	7000-lilith-plots	sdr	7000-lilith-plots/grids/7051_plots_line-00196-s211c1f1f_1024x1024.sdr.png	https://codec-corpus.r2.imazen.org/imazen-26-png-v3/7000-lilith-plots/grids/7051_plots_line-00196-s211c1f1f_1024x1024.sdr.png
7052	train	7000-lilith-plots	sdr	7000-lilith-plots/grids/7052_plots_line-00222-s2f495179_1024x1024.sdr.png	https://codec-corpus.r2.imazen.org/imazen-26-png-v3/7000-lilith-plots/grids/7052_plots_line-00222-s2f495179_1024x1024.sdr.png
7053	train	7000-lilith-plots	sdr	7000-lilith-plots/grids/7053_plots_line-00252-s1b3f1017_1024x1024.sdr.png	https://codec-corpus.r2.imazen.org/imazen-26-png-v3/7000-lilith-plots/grids/7053_plots_line-00252-s1b3f1017_1024x1024.sdr.png
7054	train	7000-lilith-plots	sdr	7000-lilith-plots/line-patterns/7054_plots_line-tiling-00056-s6bcec02a_1024x1024.sdr.png	https://codec-corpus.r2.imazen.org/imazen-26-png-v3/7000-lilith-plots/line-patterns/7054_plots_line-tiling-00056-s6bcec02a_1024x1024.sdr.png
7055	train	7000-lilith-plots	sdr	7000-lilith-plots/line-patterns/7055_plots_line-tiling-00099-s07ea3f1a_1024x1024.sdr.png	https://codec-corpus.r2.imazen.org/imazen-26-png-v3/7000-lilith-plots/line-patterns/7055_plots_line-tiling-00099-s07ea3f1a_1024x1024.sdr.png
7056	train	7000-lilith-plots	sdr	7000-lilith-plots/line-patterns/7056_plots_line-tiling-00118-s306ca2bd_1024x1024.sdr.png	https://codec-corpus.r2.imazen.org/imazen-26-png-v3/7000-lilith-plots/line-patterns/7056_plots_line-tiling-00118-s306ca2bd_1024x1024.sdr.png
7057	train	7000-lilith-plots	sdr	7000-lilith-plots/line-patterns/7057_plots_line-tiling-00208-s6c4f8551_1024x1024.sdr.png	https://codec-corpus.r2.imazen.org/imazen-26-png-v3/7000-lilith-plots/line-patterns/7057_plots_line-tiling-00208-s6c4f8551_1024x1024.sdr.png
7058	train	7000-lilith-plots	sdr	7000-lilith-plots/line-patterns/7058_plots_line-tiling-00248-s7c5ddcfb_1024x1024.sdr.png	https://codec-corpus.r2.imazen.org/imazen-26-png-v3/7000-lilith-plots/line-patterns/7058_plots_line-tiling-00248-s7c5ddcfb_1024x1024.sdr.png
7059	train	7000-lilith-plots	sdr	7000-lilith-plots/line-patterns/7059_plots_line-tiling-00260-s5da77574_1024x1024.sdr.png	https://codec-corpus.r2.imazen.org/imazen-26-png-v3/7000-lilith-plots/line-patterns/7059_plots_line-tiling-00260-s5da77574_1024x1024.sdr.png
7060	train	7000-lilith-plots	sdr	7000-lilith-plots/lines/7060_plots_line-concentric-00020-s1aac7045_1024x1024.sdr.png	https://codec-corpus.r2.imazen.org/imazen-26-png-v3/7000-lilith-plots/lines/7060_plots_line-concentric-00020-s1aac7045_1024x1024.sdr.png
7062	train	7000-lilith-plots	sdr	7000-lilith-plots/lines/7062_plots_line-concentric-00151-s49cff644_1024x1024.sdr.png	https://codec-corpus.r2.imazen.org/imazen-26-png-v3/7000-lilith-plots/lines/7062_plots_line-concentric-00151-s49cff644_1024x1024.sdr.png
7065	train	7000-lilith-plots	sdr	7000-lilith-plots/lines/7065_plots_line-concentric-00266-s0bc1d2a4_1024x1024.sdr.png	https://codec-corpus.r2.imazen.org/imazen-26-png-v3/7000-lilith-plots/lines/7065_plots_line-concentric-00266-s0bc1d2a4_1024x1024.sdr.png
7067	train	7000-lilith-plots	sdr	7000-lilith-plots/lines/7067_plots_line-concentric-00269-s0382639b_1024x1024.sdr.png	https://codec-corpus.r2.imazen.org/imazen-26-png-v3/7000-lilith-plots/lines/7067_plots_line-concentric-00269-s0382639b_1024x1024.sdr.png
7068	train	7000-lilith-plots	sdr	7000-lilith-plots/lines/7068_plots_line-starburst-00027-s195cfe6a_1024x1024.sdr.png	https://codec-corpus.r2.imazen.org/imazen-26-png-v3/7000-lilith-plots/lines/7068_plots_line-starburst-00027-s195cfe6a_1024x1024.sdr.png
7069	train	7000-lilith-plots	sdr	7000-lilith-plots/lines/7069_plots_line-starburst-00147-s01eaff1e_1024x1024.sdr.png	https://codec-corpus.r2.imazen.org/imazen-26-png-v3/7000-lilith-plots/lines/7069_plots_line-starburst-00147-s01eaff1e_1024x1024.sdr.png
7071	train	7000-lilith-plots	sdr	7000-lilith-plots/lines/7071_plots_line-voronoi-00057-s0433bb30_1024x1024.sdr.png	https://codec-corpus.r2.imazen.org/imazen-26-png-v3/7000-lilith-plots/lines/7071_plots_line-voronoi-00057-s0433bb30_1024x1024.sdr.png
7072	train	7000-lilith-plots	sdr	7000-lilith-plots/lines/7072_plots_line-voronoi-00069-s46326869_1024x1024.sdr.png	https://codec-corpus.r2.imazen.org/imazen-26-png-v3/7000-lilith-plots/lines/7072_plots_line-voronoi-00069-s46326869_1024x1024.sdr.png
7073	train	7000-lilith-plots	sdr	7000-lilith-plots/lines/7073_plots_line-voronoi-00121-s3491d29b_1024x1024.sdr.png	https://codec-corpus.r2.imazen.org/imazen-26-png-v3/7000-lilith-plots/lines/7073_plots_line-voronoi-00121-s3491d29b_1024x1024.sdr.png
7074	train	7000-lilith-plots	sdr	7000-lilith-plots/lines/7074_plots_line-voronoi-00127-s7957de6d_1024x1024.sdr.png	https://codec-corpus.r2.imazen.org/imazen-26-png-v3/7000-lilith-plots/lines/7074_plots_line-voronoi-00127-s7957de6d_1024x1024.sdr.png
7076	train	7000-lilith-plots	sdr	7000-lilith-plots/polygons/7076_plots_line-polygons-00001-s4fc8f443_1024x1024.sdr.png	https://codec-corpus.r2.imazen.org/imazen-26-png-v3/7000-lilith-plots/polygons/7076_plots_line-polygons-00001-s4fc8f443_1024x1024.sdr.png
7078	train	7000-lilith-plots	sdr	7000-lilith-plots/polygons/7078_plots_line-polygons-00038-s335b5033_1024x1024.sdr.png	https://codec-corpus.r2.imazen.org/imazen-26-png-v3/7000-lilith-plots/polygons/7078_plots_line-polygons-00038-s335b5033_1024x1024.sdr.png
7079	train	7000-lilith-plots	sdr	7000-lilith-plots/polygons/7079_plots_line-polygons-00070-s6eb82597_1024x1024.sdr.png	https://codec-corpus.r2.imazen.org/imazen-26-png-v3/7000-lilith-plots/polygons/7079_plots_line-polygons-00070-s6eb82597_1024x1024.sdr.png
7080	train	7000-lilith-plots	sdr	7000-lilith-plots/polygons/7080_plots_line-polygons-00081-s68404bb1_1024x1024.sdr.png	https://codec-corpus.r2.imazen.org/imazen-26-png-v3/7000-lilith-plots/polygons/7080_plots_line-polygons-00081-s68404bb1_1024x1024.sdr.png
7081	train	7000-lilith-plots	sdr	7000-lilith-plots/polygons/7081_plots_line-polygons-00105-s5b0fe6d1_1024x1024.sdr.png	https://codec-corpus.r2.imazen.org/imazen-26-png-v3/7000-lilith-plots/polygons/7081_plots_line-polygons-00105-s5b0fe6d1_1024x1024.sdr.png
7082	train	7000-lilith-plots	sdr	7000-lilith-plots/polygons/7082_plots_line-polygons-00119-s142edf29_1024x1024.sdr.png	https://codec-corpus.r2.imazen.org/imazen-26-png-v3/7000-lilith-plots/polygons/7082_plots_line-polygons-00119-s142edf29_1024x1024.sdr.png
7083	train	7000-lilith-plots	sdr	7000-lilith-plots/polygons/7083_plots_line-polygons-00120-s410edf16_1024x1024.sdr.png	https://codec-corpus.r2.imazen.org/imazen-26-png-v3/7000-lilith-plots/polygons/7083_plots_line-polygons-00120-s410edf16_1024x1024.sdr.png
7084	train	7000-lilith-plots	sdr	7000-lilith-plots/polygons/7084_plots_line-polygons-00168-s4e34287f_1024x1024.sdr.png	https://codec-corpus.r2.imazen.org/imazen-26-png-v3/7000-lilith-plots/polygons/7084_plots_line-polygons-00168-s4e34287f_1024x1024.sdr.png
7085	train	7000-lilith-plots	sdr	7000-lilith-plots/polygons/7085_plots_line-polygons-00184-s02a80f0a_1024x1024.sdr.png	https://codec-corpus.r2.imazen.org/imazen-26-png-v3/7000-lilith-plots/polygons/7085_plots_line-polygons-00184-s02a80f0a_1024x1024.sdr.png
7086	train	7000-lilith-plots	sdr	7000-lilith-plots/polygons/7086_plots_line-polygons-00210-s2771b783_1024x1024.sdr.png	https://codec-corpus.r2.imazen.org/imazen-26-png-v3/7000-lilith-plots/polygons/7086_plots_line-polygons-00210-s2771b783_1024x1024.sdr.png
7087	train	7000-lilith-plots	sdr	7000-lilith-plots/polygons/7087_plots_line-polygons-00227-s7fca561d_1024x1024.sdr.png	https://codec-corpus.r2.imazen.org/imazen-26-png-v3/7000-lilith-plots/polygons/7087_plots_line-polygons-00227-s7fca561d_1024x1024.sdr.png
7088	train	7000-lilith-plots	sdr	7000-lilith-plots/polygons/7088_plots_line-polygons-00232-s0b160660_1024x1024.sdr.png	https://codec-corpus.r2.imazen.org/imazen-26-png-v3/7000-lilith-plots/polygons/7088_plots_line-polygons-00232-s0b160660_1024x1024.sdr.png
7089	train	7000-lilith-plots	sdr	7000-lilith-plots/polygons/7089_plots_line-polygons-00240-s51df1e6b_1024x1024.sdr.png	https://codec-corpus.r2.imazen.org/imazen-26-png-v3/7000-lilith-plots/polygons/7089_plots_line-polygons-00240-s51df1e6b_1024x1024.sdr.png
7090	train	7000-lilith-plots	sdr	7000-lilith-plots/polygons/7090_plots_line-polygons-00291-s625cdbd7_1024x1024.sdr.png	https://codec-corpus.r2.imazen.org/imazen-26-png-v3/7000-lilith-plots/polygons/7090_plots_line-polygons-00291-s625cdbd7_1024x1024.sdr.png
7091	train	7000-lilith-plots	sdr	7000-lilith-plots/random-charts/7091_plots_chart-00062-s17ba7d45_1024x1024.sdr.png	https://codec-corpus.r2.imazen.org/imazen-26-png-v3/7000-lilith-plots/random-charts/7091_plots_chart-00062-s17ba7d45_1024x1024.sdr.png
7092	train	7000-lilith-plots	sdr	7000-lilith-plots/random-charts/7092_plots_chart-00118-s37436075_1024x1024.sdr.png	https://codec-corpus.r2.imazen.org/imazen-26-png-v3/7000-lilith-plots/random-charts/7092_plots_chart-00118-s37436075_1024x1024.sdr.png
7093	train	7000-lilith-plots	sdr	7000-lilith-plots/random-charts/7093_plots_chart-00119-s0610e7ff_1024x1024.sdr.png	https://codec-corpus.r2.imazen.org/imazen-26-png-v3/7000-lilith-plots/random-charts/7093_plots_chart-00119-s0610e7ff_1024x1024.sdr.png
7094	train	7000-lilith-plots	sdr	7000-lilith-plots/random-charts/7094_plots_chart-00132-s681da868_1024x1024.sdr.png	https://codec-corpus.r2.imazen.org/imazen-26-png-v3/7000-lilith-plots/random-charts/7094_plots_chart-00132-s681da868_1024x1024.sdr.png
7095	train	7000-lilith-plots	sdr	7000-lilith-plots/random-charts/7095_plots_chart-00152-s5a1f19a0_1024x1024.sdr.png	https://codec-corpus.r2.imazen.org/imazen-26-png-v3/7000-lilith-plots/random-charts/7095_plots_chart-00152-s5a1f19a0_1024x1024.sdr.png
7096	train	7000-lilith-plots	sdr	7000-lilith-plots/random-charts/7096_plots_chart-00202-s0ec4ccf0_1024x1024.sdr.png	https://codec-corpus.r2.imazen.org/imazen-26-png-v3/7000-lilith-plots/random-charts/7096_plots_chart-00202-s0ec4ccf0_1024x1024.sdr.png
7097	train	7000-lilith-plots	sdr	7000-lilith-plots/random-charts/7097_plots_chart-00237-s77afa41b_1024x1024.sdr.png	https://codec-corpus.r2.imazen.org/imazen-26-png-v3/7000-lilith-plots/random-charts/7097_plots_chart-00237-s77afa41b_1024x1024.sdr.png
7098	train	7000-lilith-plots	sdr	7000-lilith-plots/random-charts/7098_plots_chart-00268-s32c66252_1024x1024.sdr.png	https://codec-corpus.r2.imazen.org/imazen-26-png-v3/7000-lilith-plots/random-charts/7098_plots_chart-00268-s32c66252_1024x1024.sdr.png
7099	train	7000-lilith-plots	sdr	7000-lilith-plots/random-charts/7099_plots_chart-00311-s6e92c9b6_1024x1024.sdr.png	https://codec-corpus.r2.imazen.org/imazen-26-png-v3/7000-lilith-plots/random-charts/7099_plots_chart-00311-s6e92c9b6_1024x1024.sdr.png
7101	train	7000-lilith-plots	sdr	7000-lilith-plots/random-charts/7101_plots_chart-00363-s4e589110_1024x1024.sdr.png	https://codec-corpus.r2.imazen.org/imazen-26-png-v3/7000-lilith-plots/random-charts/7101_plots_chart-00363-s4e589110_1024x1024.sdr.png
7102	train	7000-lilith-plots	sdr	7000-lilith-plots/random-charts/7102_plots_chart-00417-s2b748aba_1024x1024.sdr.png	https://codec-corpus.r2.imazen.org/imazen-26-png-v3/7000-lilith-plots/random-charts/7102_plots_chart-00417-s2b748aba_1024x1024.sdr.png
7103	train	7000-lilith-plots	sdr	7000-lilith-plots/random-charts/7103_plots_chart-00433-s6c53a027_1024x1024.sdr.png	https://codec-corpus.r2.imazen.org/imazen-26-png-v3/7000-lilith-plots/random-charts/7103_plots_chart-00433-s6c53a027_1024x1024.sdr.png
7104	train	7000-lilith-plots	sdr	7000-lilith-plots/random-charts/7104_plots_chart-00462-s33459e94_1024x1024.sdr.png	https://codec-corpus.r2.imazen.org/imazen-26-png-v3/7000-lilith-plots/random-charts/7104_plots_chart-00462-s33459e94_1024x1024.sdr.png
7105	train	7000-lilith-plots	sdr	7000-lilith-plots/random-charts/7105_plots_chart-00486-s53f6eb34_1024x1024.sdr.png	https://codec-corpus.r2.imazen.org/imazen-26-png-v3/7000-lilith-plots/random-charts/7105_plots_chart-00486-s53f6eb34_1024x1024.sdr.png
7107	train	7000-lilith-plots	sdr	7000-lilith-plots/real-charts/7107_plots_chart-boxplot-15-sunset_1024x1024.sdr.png	https://codec-corpus.r2.imazen.org/imazen-26-png-v3/7000-lilith-plots/real-charts/7107_plots_chart-boxplot-15-sunset_1024x1024.sdr.png
7108	train	7000-lilith-plots	sdr	7000-lilith-plots/real-charts/7108_plots_chart-bubble-10-slate_1024x1024.sdr.png	https://codec-corpus.r2.imazen.org/imazen-26-png-v3/7000-lilith-plots/real-charts/7108_plots_chart-bubble-10-slate_1024x1024.sdr.png
7109	train	7000-lilith-plots	sdr	7000-lilith-plots/real-charts/7109_plots_chart-candlestick-17-light_1024x1024.sdr.png	https://codec-corpus.r2.imazen.org/imazen-26-png-v3/7000-lilith-plots/real-charts/7109_plots_chart-candlestick-17-light_1024x1024.sdr.png
7110	train	7000-lilith-plots	sdr	7000-lilith-plots/real-charts/7110_plots_chart-doughnut-06-contrast_1024x1024.sdr.png	https://codec-corpus.r2.imazen.org/imazen-26-png-v3/7000-lilith-plots/real-charts/7110_plots_chart-doughnut-06-contrast_1024x1024.sdr.png
7111	train	7000-lilith-plots	sdr	7000-lilith-plots/real-charts/7111_plots_chart-gauge-12-pastel_1024x1024.sdr.png	https://codec-corpus.r2.imazen.org/imazen-26-png-v3/7000-lilith-plots/real-charts/7111_plots_chart-gauge-12-pastel_1024x1024.sdr.png
7112	train	7000-lilith-plots	sdr	7000-lilith-plots/real-charts/7112_plots_chart-horizontalbar-02-slate_1024x1024.sdr.png	https://codec-corpus.r2.imazen.org/imazen-26-png-v3/7000-lilith-plots/real-charts/7112_plots_chart-horizontalbar-02-slate_1024x1024.sdr.png
7113	train	7000-lilith-plots	sdr	7000-lilith-plots/real-charts/7113_plots_chart-line-03-solarized_1024x1024.sdr.png	https://codec-corpus.r2.imazen.org/imazen-26-png-v3/7000-lilith-plots/real-charts/7113_plots_chart-line-03-solarized_1024x1024.sdr.png
7114	train	7000-lilith-plots	sdr	7000-lilith-plots/real-charts/7114_plots_chart-ohlc-18-slate_1024x1024.sdr.png	https://codec-corpus.r2.imazen.org/imazen-26-png-v3/7000-lilith-plots/real-charts/7114_plots_chart-ohlc-18-slate_1024x1024.sdr.png
7116	train	7000-lilith-plots	sdr	7000-lilith-plots/real-charts/7116_plots_chart-pie-02-slate_1024x1024.sdr.png	https://codec-corpus.r2.imazen.org/imazen-26-png-v3/7000-lilith-plots/real-charts/7116_plots_chart-pie-02-slate_1024x1024.sdr.png
7117	train	7000-lilith-plots	sdr	7000-lilith-plots/real-charts/7117_plots_chart-pie-03-solarized_1024x1024.sdr.png	https://codec-corpus.r2.imazen.org/imazen-26-png-v3/7000-lilith-plots/real-charts/7117_plots_chart-pie-03-solarized_1024x1024.sdr.png
7118	train	7000-lilith-plots	sdr	7000-lilith-plots/real-charts/7118_plots_chart-pie-07-sunset_1024x1024.sdr.png	https://codec-corpus.r2.imazen.org/imazen-26-png-v3/7000-lilith-plots/real-charts/7118_plots_chart-pie-07-sunset_1024x1024.sdr.png
7119	train	7000-lilith-plots	sdr	7000-lilith-plots/real-charts/7119_plots_chart-pie-08-forest_1024x1024.sdr.png	https://codec-corpus.r2.imazen.org/imazen-26-png-v3/7000-lilith-plots/real-charts/7119_plots_chart-pie-08-forest_1024x1024.sdr.png
7120	train	7000-lilith-plots	sdr	7000-lilith-plots/real-charts/7120_plots_chart-polararea-07-sunset_1024x1024.sdr.png	https://codec-corpus.r2.imazen.org/imazen-26-png-v3/7000-lilith-plots/real-charts/7120_plots_chart-polararea-07-sunset_1024x1024.sdr.png
7121	train	7000-lilith-plots	sdr	7000-lilith-plots/real-charts/7121_plots_chart-radar-08-forest_1024x1024.sdr.png	https://codec-corpus.r2.imazen.org/imazen-26-png-v3/7000-lilith-plots/real-charts/7121_plots_chart-radar-08-forest_1024x1024.sdr.png
7122	train	7000-lilith-plots	sdr	7000-lilith-plots/real-charts/7122_plots_chart-sankey-19-solarized_1024x1024.sdr.png	https://codec-corpus.r2.imazen.org/imazen-26-png-v3/7000-lilith-plots/real-charts/7122_plots_chart-sankey-19-solarized_1024x1024.sdr.png
7123	train	7000-lilith-plots	sdr	7000-lilith-plots/real-charts/7123_plots_chart-scatter-09-light_1024x1024.sdr.png	https://codec-corpus.r2.imazen.org/imazen-26-png-v3/7000-lilith-plots/real-charts/7123_plots_chart-scatter-09-light_1024x1024.sdr.png
7124	train	7000-lilith-plots	sdr	7000-lilith-plots/real-charts/7124_plots_chart-stackedbar-05-corporate_1024x1024.sdr.png	https://codec-corpus.r2.imazen.org/imazen-26-png-v3/7000-lilith-plots/real-charts/7124_plots_chart-stackedbar-05-corporate_1024x1024.sdr.png
7125	train	7000-lilith-plots	sdr	7000-lilith-plots/real-charts/7125_plots_chart-violin-16-forest_1024x1024.sdr.png	https://codec-corpus.r2.imazen.org/imazen-26-png-v3/7000-lilith-plots/real-charts/7125_plots_chart-violin-16-forest_1024x1024.sdr.png
8001	train	8000-lilith-mobile-screenshots	sdr	8000-lilith-mobile-screenshots/8001_mobile-screenshots_imageflow-server_screenshot-20260526-065450-brave_1968x2184.sdr.png	https://codec-corpus.r2.imazen.org/imazen-26-png-v3/8000-lilith-mobile-screenshots/8001_mobile-screenshots_imageflow-server_screenshot-20260526-065450-brave_1968x2184.sdr.png
8002	train	8000-lilith-mobile-screenshots	sdr	8000-lilith-mobile-screenshots/8002_mobile-screenshots_imageflow-server_screenshot-20260526-065522-brave_1080x2520.sdr.png	https://codec-corpus.r2.imazen.org/imazen-26-png-v3/8000-lilith-mobile-screenshots/8002_mobile-screenshots_imageflow-server_screenshot-20260526-065522-brave_1080x2520.sdr.png
8003	train	8000-lilith-mobile-screenshots	sdr	8000-lilith-mobile-screenshots/8003_mobile-screenshots_park-guell_screenshot-20260526-065653-tripadvisor_1080x2520.sdr.png	https://codec-corpus.r2.imazen.org/imazen-26-png-v3/8000-lilith-mobile-screenshots/8003_mobile-screenshots_park-guell_screenshot-20260526-065653-tripadvisor_1080x2520.sdr.png
8004	train	8000-lilith-mobile-screenshots	sdr	8000-lilith-mobile-screenshots/8004_mobile-screenshots_mobile-app-dashboard_screenshot-20260526-065758-github_1080x2520.sdr.png	https://codec-corpus.r2.imazen.org/imazen-26-png-v3/8000-lilith-mobile-screenshots/8004_mobile-screenshots_mobile-app-dashboard_screenshot-20260526-065758-github_1080x2520.sdr.png
8005	train	8000-lilith-mobile-screenshots	sdr	8000-lilith-mobile-screenshots/8005_mobile-screenshots_archmage-intrinsics-search_screenshot-20260526-065904-brave_1080x2520.sdr.png	https://codec-corpus.r2.imazen.org/imazen-26-png-v3/8000-lilith-mobile-screenshots/8005_mobile-screenshots_archmage-intrinsics-search_screenshot-20260526-065904-brave_1080x2520.sdr.png
8006	train	8000-lilith-mobile-screenshots	sdr	8000-lilith-mobile-screenshots/8006_mobile-screenshots_zenquant-quantizer-comparison_screenshot-20260526-070305-brave_1968x2184.sdr.png	https://codec-corpus.r2.imazen.org/imazen-26-png-v3/8000-lilith-mobile-screenshots/8006_mobile-screenshots_zenquant-quantizer-comparison_screenshot-20260526-070305-brave_1968x2184.sdr.png
8007	train	8000-lilith-mobile-screenshots	sdr	8000-lilith-mobile-screenshots/8007_mobile-screenshots_imageflow-site-layout_screenshot-20260526-070339-brave_1080x2520.sdr.png	https://codec-corpus.r2.imazen.org/imazen-26-png-v3/8000-lilith-mobile-screenshots/8007_mobile-screenshots_imageflow-site-layout_screenshot-20260526-070339-brave_1080x2520.sdr.png
8009	train	8000-lilith-mobile-screenshots	sdr	8000-lilith-mobile-screenshots/8009_mobile-screenshots_yellowstone-national-park_screenshot-20260526-070456-maps_1080x2520.sdr.png	https://codec-corpus.r2.imazen.org/imazen-26-png-v3/8000-lilith-mobile-screenshots/8009_mobile-screenshots_yellowstone-national-park_screenshot-20260526-070456-maps_1080x2520.sdr.png
8010	train	8000-lilith-mobile-screenshots	sdr	8000-lilith-mobile-screenshots/8010_mobile-screenshots_yellowstone-national-park_screenshot-20260526-070520-maps_1080x2520.sdr.png	https://codec-corpus.r2.imazen.org/imazen-26-png-v3/8000-lilith-mobile-screenshots/8010_mobile-screenshots_yellowstone-national-park_screenshot-20260526-070520-maps_1080x2520.sdr.png
8011	train	8000-lilith-mobile-screenshots	sdr	8000-lilith-mobile-screenshots/8011_mobile-screenshots_beach-clear-sky_screenshot-20260526-070835-photos_1080x2520.sdr.png	https://codec-corpus.r2.imazen.org/imazen-26-png-v3/8000-lilith-mobile-screenshots/8011_mobile-screenshots_beach-clear-sky_screenshot-20260526-070835-photos_1080x2520.sdr.png
8013	train	8000-lilith-mobile-screenshots	sdr	8000-lilith-mobile-screenshots/8013_mobile-screenshots_northern-lights-display_screenshot-20260526-071011-brave_1080x2520.sdr.png	https://codec-corpus.r2.imazen.org/imazen-26-png-v3/8000-lilith-mobile-screenshots/8013_mobile-screenshots_northern-lights-display_screenshot-20260526-071011-brave_1080x2520.sdr.png
8014	train	8000-lilith-mobile-screenshots	sdr	8000-lilith-mobile-screenshots/8014_mobile-screenshots_summer-vacation-must_screenshot-20260526-071037-brave_1080x2520.sdr.png	https://codec-corpus.r2.imazen.org/imazen-26-png-v3/8000-lilith-mobile-screenshots/8014_mobile-screenshots_summer-vacation-must_screenshot-20260526-071037-brave_1080x2520.sdr.png
8015	train	8000-lilith-mobile-screenshots	sdr	8000-lilith-mobile-screenshots/8015_mobile-screenshots_zenbench-microbenchmarking_screenshot-20260526-071215-brave_1968x2184.sdr.png	https://codec-corpus.r2.imazen.org/imazen-26-png-v3/8000-lilith-mobile-screenshots/8015_mobile-screenshots_zenbench-microbenchmarking_screenshot-20260526-071215-brave_1968x2184.sdr.png
8016	train	8000-lilith-mobile-screenshots	sdr	8000-lilith-mobile-screenshots/8016_mobile-screenshots_black-and-white_screenshot-20260526-071251-brave_1968x2184.sdr.png	https://codec-corpus.r2.imazen.org/imazen-26-png-v3/8000-lilith-mobile-screenshots/8016_mobile-screenshots_black-and-white_screenshot-20260526-071251-brave_1968x2184.sdr.png
8018	train	8000-lilith-mobile-screenshots	sdr	8000-lilith-mobile-screenshots/8018_mobile-screenshots_zenpng-readme-page_screenshot-20260526-071349-brave_1968x2184.sdr.png	https://codec-corpus.r2.imazen.org/imazen-26-png-v3/8000-lilith-mobile-screenshots/8018_mobile-screenshots_zenpng-readme-page_screenshot-20260526-071349-brave_1968x2184.sdr.png
8019	train	8000-lilith-mobile-screenshots	sdr	8000-lilith-mobile-screenshots/8019_mobile-screenshots_chart-gallery-illustration_screenshot-20260526-071432-brave_1968x2184.sdr.png	https://codec-corpus.r2.imazen.org/imazen-26-png-v3/8000-lilith-mobile-screenshots/8019_mobile-screenshots_chart-gallery-illustration_screenshot-20260526-071432-brave_1968x2184.sdr.png
8020	train	8000-lilith-mobile-screenshots	sdr	8000-lilith-mobile-screenshots/8020_mobile-screenshots_dashboard-analytics_screenshot-20260526-071748-brave_1968x2184.sdr.png	https://codec-corpus.r2.imazen.org/imazen-26-png-v3/8000-lilith-mobile-screenshots/8020_mobile-screenshots_dashboard-analytics_screenshot-20260526-071748-brave_1968x2184.sdr.png
8021	train	8000-lilith-mobile-screenshots	sdr	8000-lilith-mobile-screenshots/8021_mobile-screenshots_trump-pac-donation_screenshot-20260526-072032-substack_1080x2520.sdr.png	https://codec-corpus.r2.imazen.org/imazen-26-png-v3/8000-lilith-mobile-screenshots/8021_mobile-screenshots_trump-pac-donation_screenshot-20260526-072032-substack_1080x2520.sdr.png
8023	train	8000-lilith-mobile-screenshots	sdr	8000-lilith-mobile-screenshots/8023_mobile-screenshots_judge_screenshot-20260526-072139-substack_1080x5192.sdr.png	https://codec-corpus.r2.imazen.org/imazen-26-png-v3/8000-lilith-mobile-screenshots/8023_mobile-screenshots_judge_screenshot-20260526-072139-substack_1080x5192.sdr.png
8024	train	8000-lilith-mobile-screenshots	sdr	8000-lilith-mobile-screenshots/8024_mobile-screenshots_rhode-island-hospital_screenshot-20260526-072206-substack_1080x2520.sdr.png	https://codec-corpus.r2.imazen.org/imazen-26-png-v3/8000-lilith-mobile-screenshots/8024_mobile-screenshots_rhode-island-hospital_screenshot-20260526-072206-substack_1080x2520.sdr.png
8025	train	8000-lilith-mobile-screenshots	sdr	8000-lilith-mobile-screenshots/8025_mobile-screenshots_federal-judge-trans_screenshot-20260526-072218-substack_1080x2520.sdr.png	https://codec-corpus.r2.imazen.org/imazen-26-png-v3/8000-lilith-mobile-screenshots/8025_mobile-screenshots_federal-judge-trans_screenshot-20260526-072218-substack_1080x2520.sdr.png
8026	train	8000-lilith-mobile-screenshots	sdr	8000-lilith-mobile-screenshots/8026_mobile-screenshots_news-channel-anchor_screenshot-20260526-072252-substack_1080x2520.sdr.png	https://codec-corpus.r2.imazen.org/imazen-26-png-v3/8000-lilith-mobile-screenshots/8026_mobile-screenshots_news-channel-anchor_screenshot-20260526-072252-substack_1080x2520.sdr.png
8028	train	8000-lilith-mobile-screenshots	sdr	8000-lilith-mobile-screenshots/8028_mobile-screenshots_flats-loafers-product_screenshot-20260526-072956-brave_1080x2152.sdr.png	https://codec-corpus.r2.imazen.org/imazen-26-png-v3/8000-lilith-mobile-screenshots/8028_mobile-screenshots_flats-loafers-product_screenshot-20260526-072956-brave_1080x2152.sdr.png
8029	train	8000-lilith-mobile-screenshots	sdr	8000-lilith-mobile-screenshots/8029_mobile-screenshots_sunset-over-water_screenshot-20260526-073120-photos_1080x2520.sdr.png	https://codec-corpus.r2.imazen.org/imazen-26-png-v3/8000-lilith-mobile-screenshots/8029_mobile-screenshots_sunset-over-water_screenshot-20260526-073120-photos_1080x2520.sdr.png
8030	train	8000-lilith-mobile-screenshots	sdr	8000-lilith-mobile-screenshots/8030_mobile-screenshots_seaside-viewpoint-pic_screenshot-20260526-073431-photos_1968x2184.sdr.png	https://codec-corpus.r2.imazen.org/imazen-26-png-v3/8000-lilith-mobile-screenshots/8030_mobile-screenshots_seaside-viewpoint-pic_screenshot-20260526-073431-photos_1968x2184.sdr.png
8031	train	8000-lilith-mobile-screenshots	sdr	8000-lilith-mobile-screenshots/8031_mobile-screenshots_pom-businessman_screenshot-20260526-074244-photos_1968x2184.sdr.png	https://codec-corpus.r2.imazen.org/imazen-26-png-v3/8000-lilith-mobile-screenshots/8031_mobile-screenshots_pom-businessman_screenshot-20260526-074244-photos_1968x2184.sdr.png
8100	train	8100-lilith-web-screenshots	sdr	8100-lilith-web-screenshots/1440x900/8100_web-screenshots_archive-wayback-search_dpr1_page1_1440x900.sdr.png	https://codec-corpus.r2.imazen.org/imazen-26-png-v3/8100-lilith-web-screenshots/1440x900/8100_web-screenshots_archive-wayback-search_dpr1_page1_1440x900.sdr.png
8101	train	8100-lilith-web-screenshots	sdr	8100-lilith-web-screenshots/1440x900/8101_web-screenshots_archives-exhibits_dpr1_page1_1440x900.sdr.png	https://codec-corpus.r2.imazen.org/imazen-26-png-v3/8100-lilith-web-screenshots/1440x900/8101_web-screenshots_archives-exhibits_dpr1_page1_1440x900.sdr.png
8102	train	8100-lilith-web-screenshots	sdr	8100-lilith-web-screenshots/1440x900/8102_web-screenshots_archives-exhibits_dpr1_page2_1440x900.sdr.png	https://codec-corpus.r2.imazen.org/imazen-26-png-v3/8100-lilith-web-screenshots/1440x900/8102_web-screenshots_archives-exhibits_dpr1_page2_1440x900.sdr.png
8103	train	8100-lilith-web-screenshots	sdr	8100-lilith-web-screenshots/1440x900/8103_web-screenshots_bls-employment-situation_dpr1_page1_1440x900.sdr.png	https://codec-corpus.r2.imazen.org/imazen-26-png-v3/8100-lilith-web-screenshots/1440x900/8103_web-screenshots_bls-employment-situation_dpr1_page1_1440x900.sdr.png
8104	train	8100-lilith-web-screenshots	sdr	8100-lilith-web-screenshots/1440x900/8104_web-screenshots_climate-gov-home_dpr1_page1_1440x900.sdr.png	https://codec-corpus.r2.imazen.org/imazen-26-png-v3/8100-lilith-web-screenshots/1440x900/8104_web-screenshots_climate-gov-home_dpr1_page1_1440x900.sdr.png
8106	train	8100-lilith-web-screenshots	sdr	8100-lilith-web-screenshots/1440x900/8106_web-screenshots_climate-news_dpr1_page1_1440x900.sdr.png	https://codec-corpus.r2.imazen.org/imazen-26-png-v3/8100-lilith-web-screenshots/1440x900/8106_web-screenshots_climate-news_dpr1_page1_1440x900.sdr.png
8107	train	8100-lilith-web-screenshots	sdr	8100-lilith-web-screenshots/1440x900/8107_web-screenshots_climate-news_dpr1_page2_1440x900.sdr.png	https://codec-corpus.r2.imazen.org/imazen-26-png-v3/8100-lilith-web-screenshots/1440x900/8107_web-screenshots_climate-news_dpr1_page2_1440x900.sdr.png
8108	train	8100-lilith-web-screenshots	sdr	8100-lilith-web-screenshots/1440x900/8108_web-screenshots_datagov-catalog_dpr1_page1_1440x900.sdr.png	https://codec-corpus.r2.imazen.org/imazen-26-png-v3/8100-lilith-web-screenshots/1440x900/8108_web-screenshots_datagov-catalog_dpr1_page1_1440x900.sdr.png
8109	train	8100-lilith-web-screenshots	sdr	8100-lilith-web-screenshots/1440x900/8109_web-screenshots_datagov-catalog_dpr1_page2_1440x900.sdr.png	https://codec-corpus.r2.imazen.org/imazen-26-png-v3/8100-lilith-web-screenshots/1440x900/8109_web-screenshots_datagov-catalog_dpr1_page2_1440x900.sdr.png
8110	train	8100-lilith-web-screenshots	sdr	8100-lilith-web-screenshots/1440x900/8110_web-screenshots_federalreserve-data_dpr1_page1_1440x900.sdr.png	https://codec-corpus.r2.imazen.org/imazen-26-png-v3/8100-lilith-web-screenshots/1440x900/8110_web-screenshots_federalreserve-data_dpr1_page1_1440x900.sdr.png
8111	train	8100-lilith-web-screenshots	sdr	8100-lilith-web-screenshots/1440x900/8111_web-screenshots_gutenberg-top_dpr1_page1_1440x900.sdr.png	https://codec-corpus.r2.imazen.org/imazen-26-png-v3/8100-lilith-web-screenshots/1440x900/8111_web-screenshots_gutenberg-top_dpr1_page1_1440x900.sdr.png
8112	train	8100-lilith-web-screenshots	sdr	8100-lilith-web-screenshots/1440x900/8112_web-screenshots_gutenberg-top_dpr1_page2_1440x900.sdr.png	https://codec-corpus.r2.imazen.org/imazen-26-png-v3/8100-lilith-web-screenshots/1440x900/8112_web-screenshots_gutenberg-top_dpr1_page2_1440x900.sdr.png
8113	train	8100-lilith-web-screenshots	sdr	8100-lilith-web-screenshots/1440x900/8113_web-screenshots_lkml-lists-index_dpr1_page1_1440x900.sdr.png	https://codec-corpus.r2.imazen.org/imazen-26-png-v3/8100-lilith-web-screenshots/1440x900/8113_web-screenshots_lkml-lists-index_dpr1_page1_1440x900.sdr.png
8114	train	8100-lilith-web-screenshots	sdr	8100-lilith-web-screenshots/1440x900/8114_web-screenshots_lkml-lists-index_dpr1_page2_1440x900.sdr.png	https://codec-corpus.r2.imazen.org/imazen-26-png-v3/8100-lilith-web-screenshots/1440x900/8114_web-screenshots_lkml-lists-index_dpr1_page2_1440x900.sdr.png
8115	train	8100-lilith-web-screenshots	sdr	8100-lilith-web-screenshots/1440x900/8115_web-screenshots_loc-exhibits_dpr1_page1_1440x900.sdr.png	https://codec-corpus.r2.imazen.org/imazen-26-png-v3/8100-lilith-web-screenshots/1440x900/8115_web-screenshots_loc-exhibits_dpr1_page1_1440x900.sdr.png
8116	train	8100-lilith-web-screenshots	sdr	8100-lilith-web-screenshots/1440x900/8116_web-screenshots_loc-free-to-use_dpr1_page1_1440x900.sdr.png	https://codec-corpus.r2.imazen.org/imazen-26-png-v3/8100-lilith-web-screenshots/1440x900/8116_web-screenshots_loc-free-to-use_dpr1_page1_1440x900.sdr.png
8117	train	8100-lilith-web-screenshots	sdr	8100-lilith-web-screenshots/1440x900/8117_web-screenshots_loc-free-to-use_dpr1_page2_1440x900.sdr.png	https://codec-corpus.r2.imazen.org/imazen-26-png-v3/8100-lilith-web-screenshots/1440x900/8117_web-screenshots_loc-free-to-use_dpr1_page2_1440x900.sdr.png
8118	train	8100-lilith-web-screenshots	sdr	8100-lilith-web-screenshots/1440x900/8118_web-screenshots_loc-pictures_dpr1_page1_1440x900.sdr.png	https://codec-corpus.r2.imazen.org/imazen-26-png-v3/8100-lilith-web-screenshots/1440x900/8118_web-screenshots_loc-pictures_dpr1_page1_1440x900.sdr.png
8119	train	8100-lilith-web-screenshots	sdr	8100-lilith-web-screenshots/1440x900/8119_web-screenshots_loc-pictures_dpr1_page2_1440x900.sdr.png	https://codec-corpus.r2.imazen.org/imazen-26-png-v3/8100-lilith-web-screenshots/1440x900/8119_web-screenshots_loc-pictures_dpr1_page2_1440x900.sdr.png
8120	train	8100-lilith-web-screenshots	sdr	8100-lilith-web-screenshots/1440x900/8120_web-screenshots_nasa-artemis_dpr1_page1_1440x900.sdr.png	https://codec-corpus.r2.imazen.org/imazen-26-png-v3/8100-lilith-web-screenshots/1440x900/8120_web-screenshots_nasa-artemis_dpr1_page1_1440x900.sdr.png
8122	train	8100-lilith-web-screenshots	sdr	8100-lilith-web-screenshots/1440x900/8122_web-screenshots_nasa-home_dpr1_page1_1440x900.sdr.png	https://codec-corpus.r2.imazen.org/imazen-26-png-v3/8100-lilith-web-screenshots/1440x900/8122_web-screenshots_nasa-home_dpr1_page1_1440x900.sdr.png
8123	train	8100-lilith-web-screenshots	sdr	8100-lilith-web-screenshots/1440x900/8123_web-screenshots_nasa-home_dpr1_page2_1440x900.sdr.png	https://codec-corpus.r2.imazen.org/imazen-26-png-v3/8100-lilith-web-screenshots/1440x900/8123_web-screenshots_nasa-home_dpr1_page2_1440x900.sdr.png
8124	train	8100-lilith-web-screenshots	sdr	8100-lilith-web-screenshots/1440x900/8124_web-screenshots_nasa-image-of-day_dpr1_page1_1440x900.sdr.png	https://codec-corpus.r2.imazen.org/imazen-26-png-v3/8100-lilith-web-screenshots/1440x900/8124_web-screenshots_nasa-image-of-day_dpr1_page1_1440x900.sdr.png
8125	train	8100-lilith-web-screenshots	sdr	8100-lilith-web-screenshots/1440x900/8125_web-screenshots_nasa-image-of-day_dpr1_page2_1440x900.sdr.png	https://codec-corpus.r2.imazen.org/imazen-26-png-v3/8100-lilith-web-screenshots/1440x900/8125_web-screenshots_nasa-image-of-day_dpr1_page2_1440x900.sdr.png
8126	train	8100-lilith-web-screenshots	sdr	8100-lilith-web-screenshots/1440x900/8126_web-screenshots_nasa-missions_dpr1_page1_1440x900.sdr.png	https://codec-corpus.r2.imazen.org/imazen-26-png-v3/8100-lilith-web-screenshots/1440x900/8126_web-screenshots_nasa-missions_dpr1_page1_1440x900.sdr.png
8127	train	8100-lilith-web-screenshots	sdr	8100-lilith-web-screenshots/1440x900/8127_web-screenshots_nasa-missions_dpr1_page2_1440x900.sdr.png	https://codec-corpus.r2.imazen.org/imazen-26-png-v3/8100-lilith-web-screenshots/1440x900/8127_web-screenshots_nasa-missions_dpr1_page2_1440x900.sdr.png
8128	train	8100-lilith-web-screenshots	sdr	8100-lilith-web-screenshots/1440x900/8128_web-screenshots_nasa-news_dpr1_page1_1440x900.sdr.png	https://codec-corpus.r2.imazen.org/imazen-26-png-v3/8100-lilith-web-screenshots/1440x900/8128_web-screenshots_nasa-news_dpr1_page1_1440x900.sdr.png
8129	train	8100-lilith-web-screenshots	sdr	8100-lilith-web-screenshots/1440x900/8129_web-screenshots_nasa-news_dpr1_page2_1440x900.sdr.png	https://codec-corpus.r2.imazen.org/imazen-26-png-v3/8100-lilith-web-screenshots/1440x900/8129_web-screenshots_nasa-news_dpr1_page2_1440x900.sdr.png
8130	train	8100-lilith-web-screenshots	sdr	8100-lilith-web-screenshots/1440x900/8130_web-screenshots_nih-recipes-keep-the-beat_dpr1_page1_1440x900.sdr.png	https://codec-corpus.r2.imazen.org/imazen-26-png-v3/8100-lilith-web-screenshots/1440x900/8130_web-screenshots_nih-recipes-keep-the-beat_dpr1_page1_1440x900.sdr.png
8131	train	8100-lilith-web-screenshots	sdr	8100-lilith-web-screenshots/1440x900/8131_web-screenshots_nih-home_dpr1_page1_1440x900.sdr.png	https://codec-corpus.r2.imazen.org/imazen-26-png-v3/8100-lilith-web-screenshots/1440x900/8131_web-screenshots_nih-home_dpr1_page1_1440x900.sdr.png
8132	train	8100-lilith-web-screenshots	sdr	8100-lilith-web-screenshots/1440x900/8132_web-screenshots_nih-home_dpr1_page2_1440x900.sdr.png	https://codec-corpus.r2.imazen.org/imazen-26-png-v3/8100-lilith-web-screenshots/1440x900/8132_web-screenshots_nih-home_dpr1_page2_1440x900.sdr.png
8133	train	8100-lilith-web-screenshots	sdr	8100-lilith-web-screenshots/1440x900/8133_web-screenshots_noaa-home_dpr1_page1_1440x900.sdr.png	https://codec-corpus.r2.imazen.org/imazen-26-png-v3/8100-lilith-web-screenshots/1440x900/8133_web-screenshots_noaa-home_dpr1_page1_1440x900.sdr.png
8134	train	8100-lilith-web-screenshots	sdr	8100-lilith-web-screenshots/1440x900/8134_web-screenshots_nps-grand-canyon_dpr1_page1_1440x900.sdr.png	https://codec-corpus.r2.imazen.org/imazen-26-png-v3/8100-lilith-web-screenshots/1440x900/8134_web-screenshots_nps-grand-canyon_dpr1_page1_1440x900.sdr.png
8135	train	8100-lilith-web-screenshots	sdr	8100-lilith-web-screenshots/1440x900/8135_web-screenshots_nps-grand-canyon_dpr1_page2_1440x900.sdr.png	https://codec-corpus.r2.imazen.org/imazen-26-png-v3/8100-lilith-web-screenshots/1440x900/8135_web-screenshots_nps-grand-canyon_dpr1_page2_1440x900.sdr.png
8136	train	8100-lilith-web-screenshots	sdr	8100-lilith-web-screenshots/1440x900/8136_web-screenshots_nps-grca_dpr1_page1_1440x900.sdr.png	https://codec-corpus.r2.imazen.org/imazen-26-png-v3/8100-lilith-web-screenshots/1440x900/8136_web-screenshots_nps-grca_dpr1_page1_1440x900.sdr.png
8137	train	8100-lilith-web-screenshots	sdr	8100-lilith-web-screenshots/1440x900/8137_web-screenshots_nps-grca_dpr1_page2_1440x900.sdr.png	https://codec-corpus.r2.imazen.org/imazen-26-png-v3/8100-lilith-web-screenshots/1440x900/8137_web-screenshots_nps-grca_dpr1_page2_1440x900.sdr.png
8139	train	8100-lilith-web-screenshots	sdr	8100-lilith-web-screenshots/1440x900/8139_web-screenshots_nps-yellowstone_dpr1_page2_1440x900.sdr.png	https://codec-corpus.r2.imazen.org/imazen-26-png-v3/8100-lilith-web-screenshots/1440x900/8139_web-screenshots_nps-yellowstone_dpr1_page2_1440x900.sdr.png
8140	train	8100-lilith-web-screenshots	sdr	8100-lilith-web-screenshots/1440x900/8140_web-screenshots_nps-yosemite_dpr1_page1_1440x900.sdr.png	https://codec-corpus.r2.imazen.org/imazen-26-png-v3/8100-lilith-web-screenshots/1440x900/8140_web-screenshots_nps-yosemite_dpr1_page1_1440x900.sdr.png
8141	train	8100-lilith-web-screenshots	sdr	8100-lilith-web-screenshots/1440x900/8141_web-screenshots_nps-yosemite_dpr1_page2_1440x900.sdr.png	https://codec-corpus.r2.imazen.org/imazen-26-png-v3/8100-lilith-web-screenshots/1440x900/8141_web-screenshots_nps-yosemite_dpr1_page2_1440x900.sdr.png
8142	train	8100-lilith-web-screenshots	sdr	8100-lilith-web-screenshots/1440x900/8142_web-screenshots_nps-zion_dpr1_page1_1440x900.sdr.png	https://codec-corpus.r2.imazen.org/imazen-26-png-v3/8100-lilith-web-screenshots/1440x900/8142_web-screenshots_nps-zion_dpr1_page1_1440x900.sdr.png
8143	train	8100-lilith-web-screenshots	sdr	8100-lilith-web-screenshots/1440x900/8143_web-screenshots_nps-zion_dpr1_page2_1440x900.sdr.png	https://codec-corpus.r2.imazen.org/imazen-26-png-v3/8100-lilith-web-screenshots/1440x900/8143_web-screenshots_nps-zion_dpr1_page2_1440x900.sdr.png
8144	train	8100-lilith-web-screenshots	sdr	8100-lilith-web-screenshots/1440x900/8144_web-screenshots_si-edu-exhibitions_dpr1_page1_1440x900.sdr.png	https://codec-corpus.r2.imazen.org/imazen-26-png-v3/8100-lilith-web-screenshots/1440x900/8144_web-screenshots_si-edu-exhibitions_dpr1_page1_1440x900.sdr.png
8145	train	8100-lilith-web-screenshots	sdr	8100-lilith-web-screenshots/1440x900/8145_web-screenshots_si-edu-exhibitions_dpr1_page2_1440x900.sdr.png	https://codec-corpus.r2.imazen.org/imazen-26-png-v3/8100-lilith-web-screenshots/1440x900/8145_web-screenshots_si-edu-exhibitions_dpr1_page2_1440x900.sdr.png
8147	train	8100-lilith-web-screenshots	sdr	8100-lilith-web-screenshots/1440x900/8147_web-screenshots_usaspending-explorer_dpr1_page1_1440x900.sdr.png	https://codec-corpus.r2.imazen.org/imazen-26-png-v3/8100-lilith-web-screenshots/1440x900/8147_web-screenshots_usaspending-explorer_dpr1_page1_1440x900.sdr.png
8148	train	8100-lilith-web-screenshots	sdr	8100-lilith-web-screenshots/1440x900/8148_web-screenshots_usgs-main-home_dpr1_page1_1440x900.sdr.png	https://codec-corpus.r2.imazen.org/imazen-26-png-v3/8100-lilith-web-screenshots/1440x900/8148_web-screenshots_usgs-main-home_dpr1_page1_1440x900.sdr.png
8149	train	8100-lilith-web-screenshots	sdr	8100-lilith-web-screenshots/1440x900/8149_web-screenshots_usgs-main-home_dpr1_page2_1440x900.sdr.png	https://codec-corpus.r2.imazen.org/imazen-26-png-v3/8100-lilith-web-screenshots/1440x900/8149_web-screenshots_usgs-main-home_dpr1_page2_1440x900.sdr.png
8150	train	8100-lilith-web-screenshots	sdr	8100-lilith-web-screenshots/1440x900/8150_web-screenshots_usgs-news_dpr1_page1_1440x900.sdr.png	https://codec-corpus.r2.imazen.org/imazen-26-png-v3/8100-lilith-web-screenshots/1440x900/8150_web-screenshots_usgs-news_dpr1_page1_1440x900.sdr.png
8152	train	8100-lilith-web-screenshots	sdr	8100-lilith-web-screenshots/1440x900/8152_web-screenshots_usgs-topoview_dpr1_page1_1440x900.sdr.png	https://codec-corpus.r2.imazen.org/imazen-26-png-v3/8100-lilith-web-screenshots/1440x900/8152_web-screenshots_usgs-topoview_dpr1_page1_1440x900.sdr.png
8153	train	8100-lilith-web-screenshots	sdr	8100-lilith-web-screenshots/1440x900/8153_web-screenshots_weather-forecast-nyc_dpr1_page1_1440x900.sdr.png	https://codec-corpus.r2.imazen.org/imazen-26-png-v3/8100-lilith-web-screenshots/1440x900/8153_web-screenshots_weather-forecast-nyc_dpr1_page1_1440x900.sdr.png
8154	train	8100-lilith-web-screenshots	sdr	8100-lilith-web-screenshots/1440x900/8154_web-screenshots_weather-forecast-nyc_dpr1_page2_1440x900.sdr.png	https://codec-corpus.r2.imazen.org/imazen-26-png-v3/8100-lilith-web-screenshots/1440x900/8154_web-screenshots_weather-forecast-nyc_dpr1_page2_1440x900.sdr.png
8155	train	8100-lilith-web-screenshots	sdr	8100-lilith-web-screenshots/1440x900/8155_web-screenshots_weather-satellites_dpr1_page1_1440x900.sdr.png	https://codec-corpus.r2.imazen.org/imazen-26-png-v3/8100-lilith-web-screenshots/1440x900/8155_web-screenshots_weather-satellites_dpr1_page1_1440x900.sdr.png
8156	train	8100-lilith-web-screenshots	sdr	8100-lilith-web-screenshots/1440x900/8156_web-screenshots_weatherportal-home_dpr1_page1_1440x900.sdr.png	https://codec-corpus.r2.imazen.org/imazen-26-png-v3/8100-lilith-web-screenshots/1440x900/8156_web-screenshots_weatherportal-home_dpr1_page1_1440x900.sdr.png
8157	train	8100-lilith-web-screenshots	sdr	8100-lilith-web-screenshots/1440x900/8157_web-screenshots_whitehouse-briefing_dpr1_page1_1440x900.sdr.png	https://codec-corpus.r2.imazen.org/imazen-26-png-v3/8100-lilith-web-screenshots/1440x900/8157_web-screenshots_whitehouse-briefing_dpr1_page1_1440x900.sdr.png
8158	train	8100-lilith-web-screenshots	sdr	8100-lilith-web-screenshots/1440x900/8158_web-screenshots_whitehouse-briefing_dpr1_page2_1440x900.sdr.png	https://codec-corpus.r2.imazen.org/imazen-26-png-v3/8100-lilith-web-screenshots/1440x900/8158_web-screenshots_whitehouse-briefing_dpr1_page2_1440x900.sdr.png
8159	train	8100-lilith-web-screenshots	sdr	8100-lilith-web-screenshots/1920x1080/8159_web-screenshots_archive-wayback-search_dpr1_page1_1920x1080.sdr.png	https://codec-corpus.r2.imazen.org/imazen-26-png-v3/8100-lilith-web-screenshots/1920x1080/8159_web-screenshots_archive-wayback-search_dpr1_page1_1920x1080.sdr.png
8160	train	8100-lilith-web-screenshots	sdr	8100-lilith-web-screenshots/1920x1080/8160_web-screenshots_archives-exhibits_dpr1_page1_1920x1080.sdr.png	https://codec-corpus.r2.imazen.org/imazen-26-png-v3/8100-lilith-web-screenshots/1920x1080/8160_web-screenshots_archives-exhibits_dpr1_page1_1920x1080.sdr.png
8163	train	8100-lilith-web-screenshots	sdr	8100-lilith-web-screenshots/1920x1080/8163_web-screenshots_climate-gov-home_dpr1_page1_1920x1080.sdr.png	https://codec-corpus.r2.imazen.org/imazen-26-png-v3/8100-lilith-web-screenshots/1920x1080/8163_web-screenshots_climate-gov-home_dpr1_page1_1920x1080.sdr.png
8164	train	8100-lilith-web-screenshots	sdr	8100-lilith-web-screenshots/1920x1080/8164_web-screenshots_climate-gov-home_dpr1_page2_1920x1080.sdr.png	https://codec-corpus.r2.imazen.org/imazen-26-png-v3/8100-lilith-web-screenshots/1920x1080/8164_web-screenshots_climate-gov-home_dpr1_page2_1920x1080.sdr.png
8165	train	8100-lilith-web-screenshots	sdr	8100-lilith-web-screenshots/1920x1080/8165_web-screenshots_datagov-catalog_dpr1_page1_1920x1080.sdr.png	https://codec-corpus.r2.imazen.org/imazen-26-png-v3/8100-lilith-web-screenshots/1920x1080/8165_web-screenshots_datagov-catalog_dpr1_page1_1920x1080.sdr.png
8167	train	8100-lilith-web-screenshots	sdr	8100-lilith-web-screenshots/1920x1080/8167_web-screenshots_federalreserve-data_dpr1_page1_1920x1080.sdr.png	https://codec-corpus.r2.imazen.org/imazen-26-png-v3/8100-lilith-web-screenshots/1920x1080/8167_web-screenshots_federalreserve-data_dpr1_page1_1920x1080.sdr.png
8168	train	8100-lilith-web-screenshots	sdr	8100-lilith-web-screenshots/1920x1080/8168_web-screenshots_federalreserve-data_dpr1_page2_1920x1080.sdr.png	https://codec-corpus.r2.imazen.org/imazen-26-png-v3/8100-lilith-web-screenshots/1920x1080/8168_web-screenshots_federalreserve-data_dpr1_page2_1920x1080.sdr.png
8170	train	8100-lilith-web-screenshots	sdr	8100-lilith-web-screenshots/1920x1080/8170_web-screenshots_gutenberg-top_dpr1_page2_1920x1080.sdr.png	https://codec-corpus.r2.imazen.org/imazen-26-png-v3/8100-lilith-web-screenshots/1920x1080/8170_web-screenshots_gutenberg-top_dpr1_page2_1920x1080.sdr.png
8171	train	8100-lilith-web-screenshots	sdr	8100-lilith-web-screenshots/1920x1080/8171_web-screenshots_lkml-lists-index_dpr1_page1_1920x1080.sdr.png	https://codec-corpus.r2.imazen.org/imazen-26-png-v3/8100-lilith-web-screenshots/1920x1080/8171_web-screenshots_lkml-lists-index_dpr1_page1_1920x1080.sdr.png
8172	train	8100-lilith-web-screenshots	sdr	8100-lilith-web-screenshots/1920x1080/8172_web-screenshots_lkml-lists-index_dpr1_page2_1920x1080.sdr.png	https://codec-corpus.r2.imazen.org/imazen-26-png-v3/8100-lilith-web-screenshots/1920x1080/8172_web-screenshots_lkml-lists-index_dpr1_page2_1920x1080.sdr.png
8174	train	8100-lilith-web-screenshots	sdr	8100-lilith-web-screenshots/1920x1080/8174_web-screenshots_loc-free-to-use_dpr1_page1_1920x1080.sdr.png	https://codec-corpus.r2.imazen.org/imazen-26-png-v3/8100-lilith-web-screenshots/1920x1080/8174_web-screenshots_loc-free-to-use_dpr1_page1_1920x1080.sdr.png
8175	train	8100-lilith-web-screenshots	sdr	8100-lilith-web-screenshots/1920x1080/8175_web-screenshots_loc-free-to-use_dpr1_page2_1920x1080.sdr.png	https://codec-corpus.r2.imazen.org/imazen-26-png-v3/8100-lilith-web-screenshots/1920x1080/8175_web-screenshots_loc-free-to-use_dpr1_page2_1920x1080.sdr.png
8176	train	8100-lilith-web-screenshots	sdr	8100-lilith-web-screenshots/1920x1080/8176_web-screenshots_loc-pictures_dpr1_page1_1920x1080.sdr.png	https://codec-corpus.r2.imazen.org/imazen-26-png-v3/8100-lilith-web-screenshots/1920x1080/8176_web-screenshots_loc-pictures_dpr1_page1_1920x1080.sdr.png
8177	train	8100-lilith-web-screenshots	sdr	8100-lilith-web-screenshots/1920x1080/8177_web-screenshots_loc-pictures_dpr1_page2_1920x1080.sdr.png	https://codec-corpus.r2.imazen.org/imazen-26-png-v3/8100-lilith-web-screenshots/1920x1080/8177_web-screenshots_loc-pictures_dpr1_page2_1920x1080.sdr.png
8178	train	8100-lilith-web-screenshots	sdr	8100-lilith-web-screenshots/1920x1080/8178_web-screenshots_nasa-artemis_dpr1_page1_1920x1080.sdr.png	https://codec-corpus.r2.imazen.org/imazen-26-png-v3/8100-lilith-web-screenshots/1920x1080/8178_web-screenshots_nasa-artemis_dpr1_page1_1920x1080.sdr.png
8179	train	8100-lilith-web-screenshots	sdr	8100-lilith-web-screenshots/1920x1080/8179_web-screenshots_nasa-artemis_dpr1_page2_1920x1080.sdr.png	https://codec-corpus.r2.imazen.org/imazen-26-png-v3/8100-lilith-web-screenshots/1920x1080/8179_web-screenshots_nasa-artemis_dpr1_page2_1920x1080.sdr.png
8180	train	8100-lilith-web-screenshots	sdr	8100-lilith-web-screenshots/1920x1080/8180_web-screenshots_nasa-home_dpr1_page1_1920x1080.sdr.png	https://codec-corpus.r2.imazen.org/imazen-26-png-v3/8100-lilith-web-screenshots/1920x1080/8180_web-screenshots_nasa-home_dpr1_page1_1920x1080.sdr.png
8182	train	8100-lilith-web-screenshots	sdr	8100-lilith-web-screenshots/1920x1080/8182_web-screenshots_nasa-image-of-day_dpr1_page1_1920x1080.sdr.png	https://codec-corpus.r2.imazen.org/imazen-26-png-v3/8100-lilith-web-screenshots/1920x1080/8182_web-screenshots_nasa-image-of-day_dpr1_page1_1920x1080.sdr.png
8183	train	8100-lilith-web-screenshots	sdr	8100-lilith-web-screenshots/1920x1080/8183_web-screenshots_nasa-image-of-day_dpr1_page2_1920x1080.sdr.png	https://codec-corpus.r2.imazen.org/imazen-26-png-v3/8100-lilith-web-screenshots/1920x1080/8183_web-screenshots_nasa-image-of-day_dpr1_page2_1920x1080.sdr.png
8184	train	8100-lilith-web-screenshots	sdr	8100-lilith-web-screenshots/1920x1080/8184_web-screenshots_nasa-missions_dpr1_page1_1920x1080.sdr.png	https://codec-corpus.r2.imazen.org/imazen-26-png-v3/8100-lilith-web-screenshots/1920x1080/8184_web-screenshots_nasa-missions_dpr1_page1_1920x1080.sdr.png
8187	train	8100-lilith-web-screenshots	sdr	8100-lilith-web-screenshots/1920x1080/8187_web-screenshots_nasa-news_dpr1_page2_1920x1080.sdr.png	https://codec-corpus.r2.imazen.org/imazen-26-png-v3/8100-lilith-web-screenshots/1920x1080/8187_web-screenshots_nasa-news_dpr1_page2_1920x1080.sdr.png
8188	train	8100-lilith-web-screenshots	sdr	8100-lilith-web-screenshots/1920x1080/8188_web-screenshots_nasa-perseverance_dpr1_page1_1920x1080.sdr.png	https://codec-corpus.r2.imazen.org/imazen-26-png-v3/8100-lilith-web-screenshots/1920x1080/8188_web-screenshots_nasa-perseverance_dpr1_page1_1920x1080.sdr.png
8189	train	8100-lilith-web-screenshots	sdr	8100-lilith-web-screenshots/1920x1080/8189_web-screenshots_nasa-perseverance_dpr1_page2_1920x1080.sdr.png	https://codec-corpus.r2.imazen.org/imazen-26-png-v3/8100-lilith-web-screenshots/1920x1080/8189_web-screenshots_nasa-perseverance_dpr1_page2_1920x1080.sdr.png
8191	train	8100-lilith-web-screenshots	sdr	8100-lilith-web-screenshots/1920x1080/8191_web-screenshots_nih-home_dpr1_page1_1920x1080.sdr.png	https://codec-corpus.r2.imazen.org/imazen-26-png-v3/8100-lilith-web-screenshots/1920x1080/8191_web-screenshots_nih-home_dpr1_page1_1920x1080.sdr.png
8192	train	8100-lilith-web-screenshots	sdr	8100-lilith-web-screenshots/1920x1080/8192_web-screenshots_nih-home_dpr1_page2_1920x1080.sdr.png	https://codec-corpus.r2.imazen.org/imazen-26-png-v3/8100-lilith-web-screenshots/1920x1080/8192_web-screenshots_nih-home_dpr1_page2_1920x1080.sdr.png
8193	train	8100-lilith-web-screenshots	sdr	8100-lilith-web-screenshots/1920x1080/8193_web-screenshots_noaa-home_dpr1_page1_1920x1080.sdr.png	https://codec-corpus.r2.imazen.org/imazen-26-png-v3/8100-lilith-web-screenshots/1920x1080/8193_web-screenshots_noaa-home_dpr1_page1_1920x1080.sdr.png
8194	train	8100-lilith-web-screenshots	sdr	8100-lilith-web-screenshots/1920x1080/8194_web-screenshots_noaa-ocean_dpr1_page1_1920x1080.sdr.png	https://codec-corpus.r2.imazen.org/imazen-26-png-v3/8100-lilith-web-screenshots/1920x1080/8194_web-screenshots_noaa-ocean_dpr1_page1_1920x1080.sdr.png
8195	train	8100-lilith-web-screenshots	sdr	8100-lilith-web-screenshots/1920x1080/8195_web-screenshots_noaa-ocean_dpr1_page2_1920x1080.sdr.png	https://codec-corpus.r2.imazen.org/imazen-26-png-v3/8100-lilith-web-screenshots/1920x1080/8195_web-screenshots_noaa-ocean_dpr1_page2_1920x1080.sdr.png
8196	train	8100-lilith-web-screenshots	sdr	8100-lilith-web-screenshots/1920x1080/8196_web-screenshots_nps-grand-canyon_dpr1_page1_1920x1080.sdr.png	https://codec-corpus.r2.imazen.org/imazen-26-png-v3/8100-lilith-web-screenshots/1920x1080/8196_web-screenshots_nps-grand-canyon_dpr1_page1_1920x1080.sdr.png
8197	train	8100-lilith-web-screenshots	sdr	8100-lilith-web-screenshots/1920x1080/8197_web-screenshots_nps-grand-canyon_dpr1_page2_1920x1080.sdr.png	https://codec-corpus.r2.imazen.org/imazen-26-png-v3/8100-lilith-web-screenshots/1920x1080/8197_web-screenshots_nps-grand-canyon_dpr1_page2_1920x1080.sdr.png
8198	train	8100-lilith-web-screenshots	sdr	8100-lilith-web-screenshots/1920x1080/8198_web-screenshots_nps-grca_dpr1_page1_1920x1080.sdr.png	https://codec-corpus.r2.imazen.org/imazen-26-png-v3/8100-lilith-web-screenshots/1920x1080/8198_web-screenshots_nps-grca_dpr1_page1_1920x1080.sdr.png
8199	train	8100-lilith-web-screenshots	sdr	8100-lilith-web-screenshots/1920x1080/8199_web-screenshots_nps-grca_dpr1_page2_1920x1080.sdr.png	https://codec-corpus.r2.imazen.org/imazen-26-png-v3/8100-lilith-web-screenshots/1920x1080/8199_web-screenshots_nps-grca_dpr1_page2_1920x1080.sdr.png
8200	train	8100-lilith-web-screenshots	sdr	8100-lilith-web-screenshots/1920x1080/8200_web-screenshots_nps-yellowstone_dpr1_page1_1920x1080.sdr.png	https://codec-corpus.r2.imazen.org/imazen-26-png-v3/8100-lilith-web-screenshots/1920x1080/8200_web-screenshots_nps-yellowstone_dpr1_page1_1920x1080.sdr.png
8201	train	8100-lilith-web-screenshots	sdr	8100-lilith-web-screenshots/1920x1080/8201_web-screenshots_nps-yellowstone_dpr1_page2_1920x1080.sdr.png	https://codec-corpus.r2.imazen.org/imazen-26-png-v3/8100-lilith-web-screenshots/1920x1080/8201_web-screenshots_nps-yellowstone_dpr1_page2_1920x1080.sdr.png
8202	train	8100-lilith-web-screenshots	sdr	8100-lilith-web-screenshots/1920x1080/8202_web-screenshots_nps-yosemite_dpr1_page1_1920x1080.sdr.png	https://codec-corpus.r2.imazen.org/imazen-26-png-v3/8100-lilith-web-screenshots/1920x1080/8202_web-screenshots_nps-yosemite_dpr1_page1_1920x1080.sdr.png
8204	train	8100-lilith-web-screenshots	sdr	8100-lilith-web-screenshots/1920x1080/8204_web-screenshots_nps-zion_dpr1_page1_1920x1080.sdr.png	https://codec-corpus.r2.imazen.org/imazen-26-png-v3/8100-lilith-web-screenshots/1920x1080/8204_web-screenshots_nps-zion_dpr1_page1_1920x1080.sdr.png
8205	train	8100-lilith-web-screenshots	sdr	8100-lilith-web-screenshots/1920x1080/8205_web-screenshots_nps-zion_dpr1_page2_1920x1080.sdr.png	https://codec-corpus.r2.imazen.org/imazen-26-png-v3/8100-lilith-web-screenshots/1920x1080/8205_web-screenshots_nps-zion_dpr1_page2_1920x1080.sdr.png
8206	train	8100-lilith-web-screenshots	sdr	8100-lilith-web-screenshots/1920x1080/8206_web-screenshots_si-edu-exhibitions_dpr1_page1_1920x1080.sdr.png	https://codec-corpus.r2.imazen.org/imazen-26-png-v3/8100-lilith-web-screenshots/1920x1080/8206_web-screenshots_si-edu-exhibitions_dpr1_page1_1920x1080.sdr.png
8207	train	8100-lilith-web-screenshots	sdr	8100-lilith-web-screenshots/1920x1080/8207_web-screenshots_si-edu-exhibitions_dpr1_page2_1920x1080.sdr.png	https://codec-corpus.r2.imazen.org/imazen-26-png-v3/8100-lilith-web-screenshots/1920x1080/8207_web-screenshots_si-edu-exhibitions_dpr1_page2_1920x1080.sdr.png
8208	train	8100-lilith-web-screenshots	sdr	8100-lilith-web-screenshots/1920x1080/8208_web-screenshots_usaspending-explorer_dpr1_page1_1920x1080.sdr.png	https://codec-corpus.r2.imazen.org/imazen-26-png-v3/8100-lilith-web-screenshots/1920x1080/8208_web-screenshots_usaspending-explorer_dpr1_page1_1920x1080.sdr.png
8209	train	8100-lilith-web-screenshots	sdr	8100-lilith-web-screenshots/1920x1080/8209_web-screenshots_usgs-main-home_dpr1_page1_1920x1080.sdr.png	https://codec-corpus.r2.imazen.org/imazen-26-png-v3/8100-lilith-web-screenshots/1920x1080/8209_web-screenshots_usgs-main-home_dpr1_page1_1920x1080.sdr.png
8210	train	8100-lilith-web-screenshots	sdr	8100-lilith-web-screenshots/1920x1080/8210_web-screenshots_usgs-main-home_dpr1_page2_1920x1080.sdr.png	https://codec-corpus.r2.imazen.org/imazen-26-png-v3/8100-lilith-web-screenshots/1920x1080/8210_web-screenshots_usgs-main-home_dpr1_page2_1920x1080.sdr.png
8211	train	8100-lilith-web-screenshots	sdr	8100-lilith-web-screenshots/1920x1080/8211_web-screenshots_usgs-home_dpr1_page1_1920x1080.sdr.png	https://codec-corpus.r2.imazen.org/imazen-26-png-v3/8100-lilith-web-screenshots/1920x1080/8211_web-screenshots_usgs-home_dpr1_page1_1920x1080.sdr.png
8212	train	8100-lilith-web-screenshots	sdr	8100-lilith-web-screenshots/1920x1080/8212_web-screenshots_usgs-home_dpr1_page2_1920x1080.sdr.png	https://codec-corpus.r2.imazen.org/imazen-26-png-v3/8100-lilith-web-screenshots/1920x1080/8212_web-screenshots_usgs-home_dpr1_page2_1920x1080.sdr.png
8213	train	8100-lilith-web-screenshots	sdr	8100-lilith-web-screenshots/1920x1080/8213_web-screenshots_usgs-topoview_dpr1_page1_1920x1080.sdr.png	https://codec-corpus.r2.imazen.org/imazen-26-png-v3/8100-lilith-web-screenshots/1920x1080/8213_web-screenshots_usgs-topoview_dpr1_page1_1920x1080.sdr.png
8215	train	8100-lilith-web-screenshots	sdr	8100-lilith-web-screenshots/1920x1080/8215_web-screenshots_weather-forecast-nyc_dpr1_page2_1920x1080.sdr.png	https://codec-corpus.r2.imazen.org/imazen-26-png-v3/8100-lilith-web-screenshots/1920x1080/8215_web-screenshots_weather-forecast-nyc_dpr1_page2_1920x1080.sdr.png
8216	train	8100-lilith-web-screenshots	sdr	8100-lilith-web-screenshots/1920x1080/8216_web-screenshots_weatherportal-home_dpr1_page1_1920x1080.sdr.png	https://codec-corpus.r2.imazen.org/imazen-26-png-v3/8100-lilith-web-screenshots/1920x1080/8216_web-screenshots_weatherportal-home_dpr1_page1_1920x1080.sdr.png
8217	train	8100-lilith-web-screenshots	sdr	8100-lilith-web-screenshots/1920x1080/8217_web-screenshots_whitehouse-briefing_dpr1_page1_1920x1080.sdr.png	https://codec-corpus.r2.imazen.org/imazen-26-png-v3/8100-lilith-web-screenshots/1920x1080/8217_web-screenshots_whitehouse-briefing_dpr1_page1_1920x1080.sdr.png
8218	train	8100-lilith-web-screenshots	sdr	8100-lilith-web-screenshots/1920x1080/8218_web-screenshots_whitehouse-briefing_dpr1_page2_1920x1080.sdr.png	https://codec-corpus.r2.imazen.org/imazen-26-png-v3/8100-lilith-web-screenshots/1920x1080/8218_web-screenshots_whitehouse-briefing_dpr1_page2_1920x1080.sdr.png
8219	train	8100-lilith-web-screenshots	sdr	8100-lilith-web-screenshots/2880x1800/8219_web-screenshots_archive-wayback-search_dpr2_page1_2880x1800.sdr.png	https://codec-corpus.r2.imazen.org/imazen-26-png-v3/8100-lilith-web-screenshots/2880x1800/8219_web-screenshots_archive-wayback-search_dpr2_page1_2880x1800.sdr.png
8220	train	8100-lilith-web-screenshots	sdr	8100-lilith-web-screenshots/2880x1800/8220_web-screenshots_archives-exhibits_dpr2_page1_2880x1800.sdr.png	https://codec-corpus.r2.imazen.org/imazen-26-png-v3/8100-lilith-web-screenshots/2880x1800/8220_web-screenshots_archives-exhibits_dpr2_page1_2880x1800.sdr.png
8221	train	8100-lilith-web-screenshots	sdr	8100-lilith-web-screenshots/2880x1800/8221_web-screenshots_archives-exhibits_dpr2_page2_2880x1800.sdr.png	https://codec-corpus.r2.imazen.org/imazen-26-png-v3/8100-lilith-web-screenshots/2880x1800/8221_web-screenshots_archives-exhibits_dpr2_page2_2880x1800.sdr.png
8222	train	8100-lilith-web-screenshots	sdr	8100-lilith-web-screenshots/2880x1800/8222_web-screenshots_bls-employment-situation_dpr2_page1_2880x1800.sdr.png	https://codec-corpus.r2.imazen.org/imazen-26-png-v3/8100-lilith-web-screenshots/2880x1800/8222_web-screenshots_bls-employment-situation_dpr2_page1_2880x1800.sdr.png
8223	train	8100-lilith-web-screenshots	sdr	8100-lilith-web-screenshots/2880x1800/8223_web-screenshots_climate-gov-home_dpr2_page1_2880x1800.sdr.png	https://codec-corpus.r2.imazen.org/imazen-26-png-v3/8100-lilith-web-screenshots/2880x1800/8223_web-screenshots_climate-gov-home_dpr2_page1_2880x1800.sdr.png
8224	train	8100-lilith-web-screenshots	sdr	8100-lilith-web-screenshots/2880x1800/8224_web-screenshots_climate-gov-home_dpr2_page2_2880x1800.sdr.png	https://codec-corpus.r2.imazen.org/imazen-26-png-v3/8100-lilith-web-screenshots/2880x1800/8224_web-screenshots_climate-gov-home_dpr2_page2_2880x1800.sdr.png
8225	train	8100-lilith-web-screenshots	sdr	8100-lilith-web-screenshots/2880x1800/8225_web-screenshots_datagov-catalog_dpr2_page1_2880x1800.sdr.png	https://codec-corpus.r2.imazen.org/imazen-26-png-v3/8100-lilith-web-screenshots/2880x1800/8225_web-screenshots_datagov-catalog_dpr2_page1_2880x1800.sdr.png
8226	train	8100-lilith-web-screenshots	sdr	8100-lilith-web-screenshots/2880x1800/8226_web-screenshots_datagov-catalog_dpr2_page2_2880x1800.sdr.png	https://codec-corpus.r2.imazen.org/imazen-26-png-v3/8100-lilith-web-screenshots/2880x1800/8226_web-screenshots_datagov-catalog_dpr2_page2_2880x1800.sdr.png
8227	train	8100-lilith-web-screenshots	sdr	8100-lilith-web-screenshots/2880x1800/8227_web-screenshots_federalreserve-data_dpr2_page1_2880x1800.sdr.png	https://codec-corpus.r2.imazen.org/imazen-26-png-v3/8100-lilith-web-screenshots/2880x1800/8227_web-screenshots_federalreserve-data_dpr2_page1_2880x1800.sdr.png
8228	train	8100-lilith-web-screenshots	sdr	8100-lilith-web-screenshots/2880x1800/8228_web-screenshots_gutenberg-top_dpr2_page1_2880x1800.sdr.png	https://codec-corpus.r2.imazen.org/imazen-26-png-v3/8100-lilith-web-screenshots/2880x1800/8228_web-screenshots_gutenberg-top_dpr2_page1_2880x1800.sdr.png
8230	train	8100-lilith-web-screenshots	sdr	8100-lilith-web-screenshots/2880x1800/8230_web-screenshots_lkml-lists-index_dpr2_page1_2880x1800.sdr.png	https://codec-corpus.r2.imazen.org/imazen-26-png-v3/8100-lilith-web-screenshots/2880x1800/8230_web-screenshots_lkml-lists-index_dpr2_page1_2880x1800.sdr.png
8231	train	8100-lilith-web-screenshots	sdr	8100-lilith-web-screenshots/2880x1800/8231_web-screenshots_lkml-lists-index_dpr2_page2_2880x1800.sdr.png	https://codec-corpus.r2.imazen.org/imazen-26-png-v3/8100-lilith-web-screenshots/2880x1800/8231_web-screenshots_lkml-lists-index_dpr2_page2_2880x1800.sdr.png
8232	train	8100-lilith-web-screenshots	sdr	8100-lilith-web-screenshots/2880x1800/8232_web-screenshots_loc-exhibitions_dpr2_page1_2880x1800.sdr.png	https://codec-corpus.r2.imazen.org/imazen-26-png-v3/8100-lilith-web-screenshots/2880x1800/8232_web-screenshots_loc-exhibitions_dpr2_page1_2880x1800.sdr.png
8234	train	8100-lilith-web-screenshots	sdr	8100-lilith-web-screenshots/2880x1800/8234_web-screenshots_loc-pictures_dpr2_page1_2880x1800.sdr.png	https://codec-corpus.r2.imazen.org/imazen-26-png-v3/8100-lilith-web-screenshots/2880x1800/8234_web-screenshots_loc-pictures_dpr2_page1_2880x1800.sdr.png
8235	train	8100-lilith-web-screenshots	sdr	8100-lilith-web-screenshots/2880x1800/8235_web-screenshots_loc-pictures_dpr2_page2_2880x1800.sdr.png	https://codec-corpus.r2.imazen.org/imazen-26-png-v3/8100-lilith-web-screenshots/2880x1800/8235_web-screenshots_loc-pictures_dpr2_page2_2880x1800.sdr.png
8236	train	8100-lilith-web-screenshots	sdr	8100-lilith-web-screenshots/2880x1800/8236_web-screenshots_nasa-artemis_dpr2_page1_2880x1800.sdr.png	https://codec-corpus.r2.imazen.org/imazen-26-png-v3/8100-lilith-web-screenshots/2880x1800/8236_web-screenshots_nasa-artemis_dpr2_page1_2880x1800.sdr.png
8237	train	8100-lilith-web-screenshots	sdr	8100-lilith-web-screenshots/2880x1800/8237_web-screenshots_nasa-artemis_dpr2_page2_2880x1800.sdr.png	https://codec-corpus.r2.imazen.org/imazen-26-png-v3/8100-lilith-web-screenshots/2880x1800/8237_web-screenshots_nasa-artemis_dpr2_page2_2880x1800.sdr.png
8238	train	8100-lilith-web-screenshots	sdr	8100-lilith-web-screenshots/2880x1800/8238_web-screenshots_nasa-home_dpr2_page1_2880x1800.sdr.png	https://codec-corpus.r2.imazen.org/imazen-26-png-v3/8100-lilith-web-screenshots/2880x1800/8238_web-screenshots_nasa-home_dpr2_page1_2880x1800.sdr.png
8239	train	8100-lilith-web-screenshots	sdr	8100-lilith-web-screenshots/2880x1800/8239_web-screenshots_nasa-home_dpr2_page2_2880x1800.sdr.png	https://codec-corpus.r2.imazen.org/imazen-26-png-v3/8100-lilith-web-screenshots/2880x1800/8239_web-screenshots_nasa-home_dpr2_page2_2880x1800.sdr.png
8240	train	8100-lilith-web-screenshots	sdr	8100-lilith-web-screenshots/2880x1800/8240_web-screenshots_nasa-image-of-day_dpr2_page1_2880x1800.sdr.png	https://codec-corpus.r2.imazen.org/imazen-26-png-v3/8100-lilith-web-screenshots/2880x1800/8240_web-screenshots_nasa-image-of-day_dpr2_page1_2880x1800.sdr.png
8241	train	8100-lilith-web-screenshots	sdr	8100-lilith-web-screenshots/2880x1800/8241_web-screenshots_nasa-image-of-day_dpr2_page2_2880x1800.sdr.png	https://codec-corpus.r2.imazen.org/imazen-26-png-v3/8100-lilith-web-screenshots/2880x1800/8241_web-screenshots_nasa-image-of-day_dpr2_page2_2880x1800.sdr.png
8242	train	8100-lilith-web-screenshots	sdr	8100-lilith-web-screenshots/2880x1800/8242_web-screenshots_nasa-missions_dpr2_page1_2880x1800.sdr.png	https://codec-corpus.r2.imazen.org/imazen-26-png-v3/8100-lilith-web-screenshots/2880x1800/8242_web-screenshots_nasa-missions_dpr2_page1_2880x1800.sdr.png
8243	train	8100-lilith-web-screenshots	sdr	8100-lilith-web-screenshots/2880x1800/8243_web-screenshots_nasa-missions_dpr2_page2_2880x1800.sdr.png	https://codec-corpus.r2.imazen.org/imazen-26-png-v3/8100-lilith-web-screenshots/2880x1800/8243_web-screenshots_nasa-missions_dpr2_page2_2880x1800.sdr.png
8244	train	8100-lilith-web-screenshots	sdr	8100-lilith-web-screenshots/2880x1800/8244_web-screenshots_nasa-news_dpr2_page1_2880x1800.sdr.png	https://codec-corpus.r2.imazen.org/imazen-26-png-v3/8100-lilith-web-screenshots/2880x1800/8244_web-screenshots_nasa-news_dpr2_page1_2880x1800.sdr.png
8245	train	8100-lilith-web-screenshots	sdr	8100-lilith-web-screenshots/2880x1800/8245_web-screenshots_nasa-news_dpr2_page2_2880x1800.sdr.png	https://codec-corpus.r2.imazen.org/imazen-26-png-v3/8100-lilith-web-screenshots/2880x1800/8245_web-screenshots_nasa-news_dpr2_page2_2880x1800.sdr.png
8247	train	8100-lilith-web-screenshots	sdr	8100-lilith-web-screenshots/2880x1800/8247_web-screenshots_nasa-webb_dpr2_page2_2880x1800.sdr.png	https://codec-corpus.r2.imazen.org/imazen-26-png-v3/8100-lilith-web-screenshots/2880x1800/8247_web-screenshots_nasa-webb_dpr2_page2_2880x1800.sdr.png
8248	train	8100-lilith-web-screenshots	sdr	8100-lilith-web-screenshots/2880x1800/8248_web-screenshots_nih-recipes-keep-the-beat_dpr2_page1_2880x1800.sdr.png	https://codec-corpus.r2.imazen.org/imazen-26-png-v3/8100-lilith-web-screenshots/2880x1800/8248_web-screenshots_nih-recipes-keep-the-beat_dpr2_page1_2880x1800.sdr.png
8250	train	8100-lilith-web-screenshots	sdr	8100-lilith-web-screenshots/2880x1800/8250_web-screenshots_nih-home_dpr2_page2_2880x1800.sdr.png	https://codec-corpus.r2.imazen.org/imazen-26-png-v3/8100-lilith-web-screenshots/2880x1800/8250_web-screenshots_nih-home_dpr2_page2_2880x1800.sdr.png
8251	train	8100-lilith-web-screenshots	sdr	8100-lilith-web-screenshots/2880x1800/8251_web-screenshots_noaa-home_dpr2_page1_2880x1800.sdr.png	https://codec-corpus.r2.imazen.org/imazen-26-png-v3/8100-lilith-web-screenshots/2880x1800/8251_web-screenshots_noaa-home_dpr2_page1_2880x1800.sdr.png
8252	train	8100-lilith-web-screenshots	sdr	8100-lilith-web-screenshots/2880x1800/8252_web-screenshots_nps-grand-canyon_dpr2_page1_2880x1800.sdr.png	https://codec-corpus.r2.imazen.org/imazen-26-png-v3/8100-lilith-web-screenshots/2880x1800/8252_web-screenshots_nps-grand-canyon_dpr2_page1_2880x1800.sdr.png
8253	train	8100-lilith-web-screenshots	sdr	8100-lilith-web-screenshots/2880x1800/8253_web-screenshots_nps-grand-canyon_dpr2_page2_2880x1800.sdr.png	https://codec-corpus.r2.imazen.org/imazen-26-png-v3/8100-lilith-web-screenshots/2880x1800/8253_web-screenshots_nps-grand-canyon_dpr2_page2_2880x1800.sdr.png
8254	train	8100-lilith-web-screenshots	sdr	8100-lilith-web-screenshots/2880x1800/8254_web-screenshots_nps-yellowstone_dpr2_page1_2880x1800.sdr.png	https://codec-corpus.r2.imazen.org/imazen-26-png-v3/8100-lilith-web-screenshots/2880x1800/8254_web-screenshots_nps-yellowstone_dpr2_page1_2880x1800.sdr.png
8255	train	8100-lilith-web-screenshots	sdr	8100-lilith-web-screenshots/2880x1800/8255_web-screenshots_nps-yellowstone_dpr2_page2_2880x1800.sdr.png	https://codec-corpus.r2.imazen.org/imazen-26-png-v3/8100-lilith-web-screenshots/2880x1800/8255_web-screenshots_nps-yellowstone_dpr2_page2_2880x1800.sdr.png
8257	train	8100-lilith-web-screenshots	sdr	8100-lilith-web-screenshots/2880x1800/8257_web-screenshots_nps-yose_dpr2_page2_2880x1800.sdr.png	https://codec-corpus.r2.imazen.org/imazen-26-png-v3/8100-lilith-web-screenshots/2880x1800/8257_web-screenshots_nps-yose_dpr2_page2_2880x1800.sdr.png
8258	train	8100-lilith-web-screenshots	sdr	8100-lilith-web-screenshots/2880x1800/8258_web-screenshots_nps-yosemite_dpr2_page1_2880x1800.sdr.png	https://codec-corpus.r2.imazen.org/imazen-26-png-v3/8100-lilith-web-screenshots/2880x1800/8258_web-screenshots_nps-yosemite_dpr2_page1_2880x1800.sdr.png
8259	train	8100-lilith-web-screenshots	sdr	8100-lilith-web-screenshots/2880x1800/8259_web-screenshots_nps-yosemite_dpr2_page2_2880x1800.sdr.png	https://codec-corpus.r2.imazen.org/imazen-26-png-v3/8100-lilith-web-screenshots/2880x1800/8259_web-screenshots_nps-yosemite_dpr2_page2_2880x1800.sdr.png
8260	train	8100-lilith-web-screenshots	sdr	8100-lilith-web-screenshots/2880x1800/8260_web-screenshots_nps-zion_dpr2_page1_2880x1800.sdr.png	https://codec-corpus.r2.imazen.org/imazen-26-png-v3/8100-lilith-web-screenshots/2880x1800/8260_web-screenshots_nps-zion_dpr2_page1_2880x1800.sdr.png
8262	train	8100-lilith-web-screenshots	sdr	8100-lilith-web-screenshots/2880x1800/8262_web-screenshots_si-edu-exhibitions_dpr2_page1_2880x1800.sdr.png	https://codec-corpus.r2.imazen.org/imazen-26-png-v3/8100-lilith-web-screenshots/2880x1800/8262_web-screenshots_si-edu-exhibitions_dpr2_page1_2880x1800.sdr.png
8263	train	8100-lilith-web-screenshots	sdr	8100-lilith-web-screenshots/2880x1800/8263_web-screenshots_si-edu-exhibitions_dpr2_page2_2880x1800.sdr.png	https://codec-corpus.r2.imazen.org/imazen-26-png-v3/8100-lilith-web-screenshots/2880x1800/8263_web-screenshots_si-edu-exhibitions_dpr2_page2_2880x1800.sdr.png
8264	train	8100-lilith-web-screenshots	sdr	8100-lilith-web-screenshots/2880x1800/8264_web-screenshots_usaspending-explorer_dpr2_page1_2880x1800.sdr.png	https://codec-corpus.r2.imazen.org/imazen-26-png-v3/8100-lilith-web-screenshots/2880x1800/8264_web-screenshots_usaspending-explorer_dpr2_page1_2880x1800.sdr.png
8265	train	8100-lilith-web-screenshots	sdr	8100-lilith-web-screenshots/2880x1800/8265_web-screenshots_usgs-main-home_dpr2_page1_2880x1800.sdr.png	https://codec-corpus.r2.imazen.org/imazen-26-png-v3/8100-lilith-web-screenshots/2880x1800/8265_web-screenshots_usgs-main-home_dpr2_page1_2880x1800.sdr.png
8266	train	8100-lilith-web-screenshots	sdr	8100-lilith-web-screenshots/2880x1800/8266_web-screenshots_usgs-main-home_dpr2_page2_2880x1800.sdr.png	https://codec-corpus.r2.imazen.org/imazen-26-png-v3/8100-lilith-web-screenshots/2880x1800/8266_web-screenshots_usgs-main-home_dpr2_page2_2880x1800.sdr.png
8267	train	8100-lilith-web-screenshots	sdr	8100-lilith-web-screenshots/2880x1800/8267_web-screenshots_usgs-topoview_dpr2_page1_2880x1800.sdr.png	https://codec-corpus.r2.imazen.org/imazen-26-png-v3/8100-lilith-web-screenshots/2880x1800/8267_web-screenshots_usgs-topoview_dpr2_page1_2880x1800.sdr.png
8268	train	8100-lilith-web-screenshots	sdr	8100-lilith-web-screenshots/2880x1800/8268_web-screenshots_weather-forecast-nyc_dpr2_page1_2880x1800.sdr.png	https://codec-corpus.r2.imazen.org/imazen-26-png-v3/8100-lilith-web-screenshots/2880x1800/8268_web-screenshots_weather-forecast-nyc_dpr2_page1_2880x1800.sdr.png
8269	train	8100-lilith-web-screenshots	sdr	8100-lilith-web-screenshots/2880x1800/8269_web-screenshots_weather-forecast-nyc_dpr2_page2_2880x1800.sdr.png	https://codec-corpus.r2.imazen.org/imazen-26-png-v3/8100-lilith-web-screenshots/2880x1800/8269_web-screenshots_weather-forecast-nyc_dpr2_page2_2880x1800.sdr.png
8270	train	8100-lilith-web-screenshots	sdr	8100-lilith-web-screenshots/2880x1800/8270_web-screenshots_weatherportal-home_dpr2_page1_2880x1800.sdr.png	https://codec-corpus.r2.imazen.org/imazen-26-png-v3/8100-lilith-web-screenshots/2880x1800/8270_web-screenshots_weatherportal-home_dpr2_page1_2880x1800.sdr.png
8271	train	8100-lilith-web-screenshots	sdr	8100-lilith-web-screenshots/375x667/8271_web-screenshots_archive-wayback-search_dpr1_page1_375x667.sdr.png	https://codec-corpus.r2.imazen.org/imazen-26-png-v3/8100-lilith-web-screenshots/375x667/8271_web-screenshots_archive-wayback-search_dpr1_page1_375x667.sdr.png
8272	train	8100-lilith-web-screenshots	sdr	8100-lilith-web-screenshots/375x667/8272_web-screenshots_archives-exhibits_dpr1_page1_375x667.sdr.png	https://codec-corpus.r2.imazen.org/imazen-26-png-v3/8100-lilith-web-screenshots/375x667/8272_web-screenshots_archives-exhibits_dpr1_page1_375x667.sdr.png
8273	train	8100-lilith-web-screenshots	sdr	8100-lilith-web-screenshots/375x667/8273_web-screenshots_archives-exhibits_dpr1_page2_375x667.sdr.png	https://codec-corpus.r2.imazen.org/imazen-26-png-v3/8100-lilith-web-screenshots/375x667/8273_web-screenshots_archives-exhibits_dpr1_page2_375x667.sdr.png
8274	train	8100-lilith-web-screenshots	sdr	8100-lilith-web-screenshots/375x667/8274_web-screenshots_bls-employment-situation_dpr1_page1_375x667.sdr.png	https://codec-corpus.r2.imazen.org/imazen-26-png-v3/8100-lilith-web-screenshots/375x667/8274_web-screenshots_bls-employment-situation_dpr1_page1_375x667.sdr.png
8275	train	8100-lilith-web-screenshots	sdr	8100-lilith-web-screenshots/375x667/8275_web-screenshots_climate-gov-home_dpr1_page1_375x667.sdr.png	https://codec-corpus.r2.imazen.org/imazen-26-png-v3/8100-lilith-web-screenshots/375x667/8275_web-screenshots_climate-gov-home_dpr1_page1_375x667.sdr.png
8276	train	8100-lilith-web-screenshots	sdr	8100-lilith-web-screenshots/375x667/8276_web-screenshots_climate-gov-home_dpr1_page2_375x667.sdr.png	https://codec-corpus.r2.imazen.org/imazen-26-png-v3/8100-lilith-web-screenshots/375x667/8276_web-screenshots_climate-gov-home_dpr1_page2_375x667.sdr.png
8277	train	8100-lilith-web-screenshots	sdr	8100-lilith-web-screenshots/375x667/8277_web-screenshots_datagov-catalog_dpr1_page1_375x667.sdr.png	https://codec-corpus.r2.imazen.org/imazen-26-png-v3/8100-lilith-web-screenshots/375x667/8277_web-screenshots_datagov-catalog_dpr1_page1_375x667.sdr.png
8278	train	8100-lilith-web-screenshots	sdr	8100-lilith-web-screenshots/375x667/8278_web-screenshots_datagov-catalog_dpr1_page2_375x667.sdr.png	https://codec-corpus.r2.imazen.org/imazen-26-png-v3/8100-lilith-web-screenshots/375x667/8278_web-screenshots_datagov-catalog_dpr1_page2_375x667.sdr.png
8279	train	8100-lilith-web-screenshots	sdr	8100-lilith-web-screenshots/375x667/8279_web-screenshots_federalreserve-data_dpr1_page1_375x667.sdr.png	https://codec-corpus.r2.imazen.org/imazen-26-png-v3/8100-lilith-web-screenshots/375x667/8279_web-screenshots_federalreserve-data_dpr1_page1_375x667.sdr.png
8280	train	8100-lilith-web-screenshots	sdr	8100-lilith-web-screenshots/375x667/8280_web-screenshots_gutenberg-top_dpr1_page1_375x667.sdr.png	https://codec-corpus.r2.imazen.org/imazen-26-png-v3/8100-lilith-web-screenshots/375x667/8280_web-screenshots_gutenberg-top_dpr1_page1_375x667.sdr.png
8281	train	8100-lilith-web-screenshots	sdr	8100-lilith-web-screenshots/375x667/8281_web-screenshots_gutenberg-top_dpr1_page2_375x667.sdr.png	https://codec-corpus.r2.imazen.org/imazen-26-png-v3/8100-lilith-web-screenshots/375x667/8281_web-screenshots_gutenberg-top_dpr1_page2_375x667.sdr.png
8283	train	8100-lilith-web-screenshots	sdr	8100-lilith-web-screenshots/375x667/8283_web-screenshots_lkml-lists-index_dpr1_page2_375x667.sdr.png	https://codec-corpus.r2.imazen.org/imazen-26-png-v3/8100-lilith-web-screenshots/375x667/8283_web-screenshots_lkml-lists-index_dpr1_page2_375x667.sdr.png
8284	train	8100-lilith-web-screenshots	sdr	8100-lilith-web-screenshots/375x667/8284_web-screenshots_loc-exhibits_dpr1_page1_375x667.sdr.png	https://codec-corpus.r2.imazen.org/imazen-26-png-v3/8100-lilith-web-screenshots/375x667/8284_web-screenshots_loc-exhibits_dpr1_page1_375x667.sdr.png
8285	train	8100-lilith-web-screenshots	sdr	8100-lilith-web-screenshots/375x667/8285_web-screenshots_loc-exhibits_dpr1_page2_375x667.sdr.png	https://codec-corpus.r2.imazen.org/imazen-26-png-v3/8100-lilith-web-screenshots/375x667/8285_web-screenshots_loc-exhibits_dpr1_page2_375x667.sdr.png
8286	train	8100-lilith-web-screenshots	sdr	8100-lilith-web-screenshots/375x667/8286_web-screenshots_loc-free-to-use_dpr1_page1_375x667.sdr.png	https://codec-corpus.r2.imazen.org/imazen-26-png-v3/8100-lilith-web-screenshots/375x667/8286_web-screenshots_loc-free-to-use_dpr1_page1_375x667.sdr.png
8287	train	8100-lilith-web-screenshots	sdr	8100-lilith-web-screenshots/375x667/8287_web-screenshots_loc-free-to-use_dpr1_page2_375x667.sdr.png	https://codec-corpus.r2.imazen.org/imazen-26-png-v3/8100-lilith-web-screenshots/375x667/8287_web-screenshots_loc-free-to-use_dpr1_page2_375x667.sdr.png
8288	train	8100-lilith-web-screenshots	sdr	8100-lilith-web-screenshots/375x667/8288_web-screenshots_loc-pictures_dpr1_page1_375x667.sdr.png	https://codec-corpus.r2.imazen.org/imazen-26-png-v3/8100-lilith-web-screenshots/375x667/8288_web-screenshots_loc-pictures_dpr1_page1_375x667.sdr.png
8289	train	8100-lilith-web-screenshots	sdr	8100-lilith-web-screenshots/375x667/8289_web-screenshots_loc-pictures_dpr1_page2_375x667.sdr.png	https://codec-corpus.r2.imazen.org/imazen-26-png-v3/8100-lilith-web-screenshots/375x667/8289_web-screenshots_loc-pictures_dpr1_page2_375x667.sdr.png
8290	train	8100-lilith-web-screenshots	sdr	8100-lilith-web-screenshots/375x667/8290_web-screenshots_nasa-artemis_dpr1_page1_375x667.sdr.png	https://codec-corpus.r2.imazen.org/imazen-26-png-v3/8100-lilith-web-screenshots/375x667/8290_web-screenshots_nasa-artemis_dpr1_page1_375x667.sdr.png
8291	train	8100-lilith-web-screenshots	sdr	8100-lilith-web-screenshots/375x667/8291_web-screenshots_nasa-artemis_dpr1_page2_375x667.sdr.png	https://codec-corpus.r2.imazen.org/imazen-26-png-v3/8100-lilith-web-screenshots/375x667/8291_web-screenshots_nasa-artemis_dpr1_page2_375x667.sdr.png
8292	train	8100-lilith-web-screenshots	sdr	8100-lilith-web-screenshots/375x667/8292_web-screenshots_nasa-home_dpr1_page1_375x667.sdr.png	https://codec-corpus.r2.imazen.org/imazen-26-png-v3/8100-lilith-web-screenshots/375x667/8292_web-screenshots_nasa-home_dpr1_page1_375x667.sdr.png
8293	train	8100-lilith-web-screenshots	sdr	8100-lilith-web-screenshots/375x667/8293_web-screenshots_nasa-home_dpr1_page2_375x667.sdr.png	https://codec-corpus.r2.imazen.org/imazen-26-png-v3/8100-lilith-web-screenshots/375x667/8293_web-screenshots_nasa-home_dpr1_page2_375x667.sdr.png
8294	train	8100-lilith-web-screenshots	sdr	8100-lilith-web-screenshots/375x667/8294_web-screenshots_nasa-image-of-day_dpr1_page1_375x667.sdr.png	https://codec-corpus.r2.imazen.org/imazen-26-png-v3/8100-lilith-web-screenshots/375x667/8294_web-screenshots_nasa-image-of-day_dpr1_page1_375x667.sdr.png
8295	train	8100-lilith-web-screenshots	sdr	8100-lilith-web-screenshots/375x667/8295_web-screenshots_nasa-image-of-day_dpr1_page2_375x667.sdr.png	https://codec-corpus.r2.imazen.org/imazen-26-png-v3/8100-lilith-web-screenshots/375x667/8295_web-screenshots_nasa-image-of-day_dpr1_page2_375x667.sdr.png
8296	train	8100-lilith-web-screenshots	sdr	8100-lilith-web-screenshots/375x667/8296_web-screenshots_nasa-missions_dpr1_page1_375x667.sdr.png	https://codec-corpus.r2.imazen.org/imazen-26-png-v3/8100-lilith-web-screenshots/375x667/8296_web-screenshots_nasa-missions_dpr1_page1_375x667.sdr.png
8297	train	8100-lilith-web-screenshots	sdr	8100-lilith-web-screenshots/375x667/8297_web-screenshots_nasa-missions_dpr1_page2_375x667.sdr.png	https://codec-corpus.r2.imazen.org/imazen-26-png-v3/8100-lilith-web-screenshots/375x667/8297_web-screenshots_nasa-missions_dpr1_page2_375x667.sdr.png
8298	train	8100-lilith-web-screenshots	sdr	8100-lilith-web-screenshots/375x667/8298_web-screenshots_nasa-news_dpr1_page1_375x667.sdr.png	https://codec-corpus.r2.imazen.org/imazen-26-png-v3/8100-lilith-web-screenshots/375x667/8298_web-screenshots_nasa-news_dpr1_page1_375x667.sdr.png
8299	train	8100-lilith-web-screenshots	sdr	8100-lilith-web-screenshots/375x667/8299_web-screenshots_nasa-news_dpr1_page2_375x667.sdr.png	https://codec-corpus.r2.imazen.org/imazen-26-png-v3/8100-lilith-web-screenshots/375x667/8299_web-screenshots_nasa-news_dpr1_page2_375x667.sdr.png
8300	train	8100-lilith-web-screenshots	sdr	8100-lilith-web-screenshots/375x667/8300_web-screenshots_nasa-webb_dpr1_page1_375x667.sdr.png	https://codec-corpus.r2.imazen.org/imazen-26-png-v3/8100-lilith-web-screenshots/375x667/8300_web-screenshots_nasa-webb_dpr1_page1_375x667.sdr.png
8301	train	8100-lilith-web-screenshots	sdr	8100-lilith-web-screenshots/375x667/8301_web-screenshots_nasa-webb_dpr1_page2_375x667.sdr.png	https://codec-corpus.r2.imazen.org/imazen-26-png-v3/8100-lilith-web-screenshots/375x667/8301_web-screenshots_nasa-webb_dpr1_page2_375x667.sdr.png
8302	train	8100-lilith-web-screenshots	sdr	8100-lilith-web-screenshots/375x667/8302_web-screenshots_nih-recipes-keep-the-beat_dpr1_page1_375x667.sdr.png	https://codec-corpus.r2.imazen.org/imazen-26-png-v3/8100-lilith-web-screenshots/375x667/8302_web-screenshots_nih-recipes-keep-the-beat_dpr1_page1_375x667.sdr.png
8303	train	8100-lilith-web-screenshots	sdr	8100-lilith-web-screenshots/375x667/8303_web-screenshots_nih-home_dpr1_page1_375x667.sdr.png	https://codec-corpus.r2.imazen.org/imazen-26-png-v3/8100-lilith-web-screenshots/375x667/8303_web-screenshots_nih-home_dpr1_page1_375x667.sdr.png
8304	train	8100-lilith-web-screenshots	sdr	8100-lilith-web-screenshots/375x667/8304_web-screenshots_nih-home_dpr1_page2_375x667.sdr.png	https://codec-corpus.r2.imazen.org/imazen-26-png-v3/8100-lilith-web-screenshots/375x667/8304_web-screenshots_nih-home_dpr1_page2_375x667.sdr.png
8305	train	8100-lilith-web-screenshots	sdr	8100-lilith-web-screenshots/375x667/8305_web-screenshots_noaa-home_dpr1_page1_375x667.sdr.png	https://codec-corpus.r2.imazen.org/imazen-26-png-v3/8100-lilith-web-screenshots/375x667/8305_web-screenshots_noaa-home_dpr1_page1_375x667.sdr.png
8306	train	8100-lilith-web-screenshots	sdr	8100-lilith-web-screenshots/375x667/8306_web-screenshots_noaa-home_dpr1_page2_375x667.sdr.png	https://codec-corpus.r2.imazen.org/imazen-26-png-v3/8100-lilith-web-screenshots/375x667/8306_web-screenshots_noaa-home_dpr1_page2_375x667.sdr.png
8307	train	8100-lilith-web-screenshots	sdr	8100-lilith-web-screenshots/375x667/8307_web-screenshots_nps-grand-canyon_dpr1_page1_375x667.sdr.png	https://codec-corpus.r2.imazen.org/imazen-26-png-v3/8100-lilith-web-screenshots/375x667/8307_web-screenshots_nps-grand-canyon_dpr1_page1_375x667.sdr.png
8308	train	8100-lilith-web-screenshots	sdr	8100-lilith-web-screenshots/375x667/8308_web-screenshots_nps-grand-canyon_dpr1_page2_375x667.sdr.png	https://codec-corpus.r2.imazen.org/imazen-26-png-v3/8100-lilith-web-screenshots/375x667/8308_web-screenshots_nps-grand-canyon_dpr1_page2_375x667.sdr.png
8309	train	8100-lilith-web-screenshots	sdr	8100-lilith-web-screenshots/375x667/8309_web-screenshots_nps-yellowstone_dpr1_page1_375x667.sdr.png	https://codec-corpus.r2.imazen.org/imazen-26-png-v3/8100-lilith-web-screenshots/375x667/8309_web-screenshots_nps-yellowstone_dpr1_page1_375x667.sdr.png
8310	train	8100-lilith-web-screenshots	sdr	8100-lilith-web-screenshots/375x667/8310_web-screenshots_nps-yellowstone_dpr1_page2_375x667.sdr.png	https://codec-corpus.r2.imazen.org/imazen-26-png-v3/8100-lilith-web-screenshots/375x667/8310_web-screenshots_nps-yellowstone_dpr1_page2_375x667.sdr.png
8311	train	8100-lilith-web-screenshots	sdr	8100-lilith-web-screenshots/375x667/8311_web-screenshots_nps-yose_dpr1_page1_375x667.sdr.png	https://codec-corpus.r2.imazen.org/imazen-26-png-v3/8100-lilith-web-screenshots/375x667/8311_web-screenshots_nps-yose_dpr1_page1_375x667.sdr.png
8312	train	8100-lilith-web-screenshots	sdr	8100-lilith-web-screenshots/375x667/8312_web-screenshots_nps-yose_dpr1_page2_375x667.sdr.png	https://codec-corpus.r2.imazen.org/imazen-26-png-v3/8100-lilith-web-screenshots/375x667/8312_web-screenshots_nps-yose_dpr1_page2_375x667.sdr.png
8313	train	8100-lilith-web-screenshots	sdr	8100-lilith-web-screenshots/375x667/8313_web-screenshots_nps-yosemite_dpr1_page1_375x667.sdr.png	https://codec-corpus.r2.imazen.org/imazen-26-png-v3/8100-lilith-web-screenshots/375x667/8313_web-screenshots_nps-yosemite_dpr1_page1_375x667.sdr.png
8315	train	8100-lilith-web-screenshots	sdr	8100-lilith-web-screenshots/375x667/8315_web-screenshots_nps-zion_dpr1_page1_375x667.sdr.png	https://codec-corpus.r2.imazen.org/imazen-26-png-v3/8100-lilith-web-screenshots/375x667/8315_web-screenshots_nps-zion_dpr1_page1_375x667.sdr.png
8316	train	8100-lilith-web-screenshots	sdr	8100-lilith-web-screenshots/375x667/8316_web-screenshots_nps-zion_dpr1_page2_375x667.sdr.png	https://codec-corpus.r2.imazen.org/imazen-26-png-v3/8100-lilith-web-screenshots/375x667/8316_web-screenshots_nps-zion_dpr1_page2_375x667.sdr.png
8318	train	8100-lilith-web-screenshots	sdr	8100-lilith-web-screenshots/375x667/8318_web-screenshots_si-edu-exhibitions_dpr1_page2_375x667.sdr.png	https://codec-corpus.r2.imazen.org/imazen-26-png-v3/8100-lilith-web-screenshots/375x667/8318_web-screenshots_si-edu-exhibitions_dpr1_page2_375x667.sdr.png
8319	train	8100-lilith-web-screenshots	sdr	8100-lilith-web-screenshots/375x667/8319_web-screenshots_usaspending-explorer_dpr1_page1_375x667.sdr.png	https://codec-corpus.r2.imazen.org/imazen-26-png-v3/8100-lilith-web-screenshots/375x667/8319_web-screenshots_usaspending-explorer_dpr1_page1_375x667.sdr.png
8320	train	8100-lilith-web-screenshots	sdr	8100-lilith-web-screenshots/375x667/8320_web-screenshots_usaspending-explorer_dpr1_page2_375x667.sdr.png	https://codec-corpus.r2.imazen.org/imazen-26-png-v3/8100-lilith-web-screenshots/375x667/8320_web-screenshots_usaspending-explorer_dpr1_page2_375x667.sdr.png
8322	train	8100-lilith-web-screenshots	sdr	8100-lilith-web-screenshots/375x667/8322_web-screenshots_usgs-main-home_dpr1_page2_375x667.sdr.png	https://codec-corpus.r2.imazen.org/imazen-26-png-v3/8100-lilith-web-screenshots/375x667/8322_web-screenshots_usgs-main-home_dpr1_page2_375x667.sdr.png
8323	train	8100-lilith-web-screenshots	sdr	8100-lilith-web-screenshots/375x667/8323_web-screenshots_usgs-topoview_dpr1_page1_375x667.sdr.png	https://codec-corpus.r2.imazen.org/imazen-26-png-v3/8100-lilith-web-screenshots/375x667/8323_web-screenshots_usgs-topoview_dpr1_page1_375x667.sdr.png
8324	train	8100-lilith-web-screenshots	sdr	8100-lilith-web-screenshots/375x667/8324_web-screenshots_weather-forecast-nyc_dpr1_page1_375x667.sdr.png	https://codec-corpus.r2.imazen.org/imazen-26-png-v3/8100-lilith-web-screenshots/375x667/8324_web-screenshots_weather-forecast-nyc_dpr1_page1_375x667.sdr.png
8325	train	8100-lilith-web-screenshots	sdr	8100-lilith-web-screenshots/375x667/8325_web-screenshots_weather-forecast-nyc_dpr1_page2_375x667.sdr.png	https://codec-corpus.r2.imazen.org/imazen-26-png-v3/8100-lilith-web-screenshots/375x667/8325_web-screenshots_weather-forecast-nyc_dpr1_page2_375x667.sdr.png
8326	train	8100-lilith-web-screenshots	sdr	8100-lilith-web-screenshots/375x667/8326_web-screenshots_weatherportal-home_dpr1_page1_375x667.sdr.png	https://codec-corpus.r2.imazen.org/imazen-26-png-v3/8100-lilith-web-screenshots/375x667/8326_web-screenshots_weatherportal-home_dpr1_page1_375x667.sdr.png
8327	train	8100-lilith-web-screenshots	sdr	8100-lilith-web-screenshots/375x667/8327_web-screenshots_weatherportal-home_dpr1_page2_375x667.sdr.png	https://codec-corpus.r2.imazen.org/imazen-26-png-v3/8100-lilith-web-screenshots/375x667/8327_web-screenshots_weatherportal-home_dpr1_page2_375x667.sdr.png
8328	train	8100-lilith-web-screenshots	sdr	8100-lilith-web-screenshots/375x667/8328_web-screenshots_whitehouse-briefing_dpr1_page1_375x667.sdr.png	https://codec-corpus.r2.imazen.org/imazen-26-png-v3/8100-lilith-web-screenshots/375x667/8328_web-screenshots_whitehouse-briefing_dpr1_page1_375x667.sdr.png
8329	train	8100-lilith-web-screenshots	sdr	8100-lilith-web-screenshots/375x667/8329_web-screenshots_whitehouse-briefing_dpr1_page2_375x667.sdr.png	https://codec-corpus.r2.imazen.org/imazen-26-png-v3/8100-lilith-web-screenshots/375x667/8329_web-screenshots_whitehouse-briefing_dpr1_page2_375x667.sdr.png
8330	train	8100-lilith-web-screenshots	sdr	8100-lilith-web-screenshots/768x1024/8330_web-screenshots_archive-wayback-search_dpr1_page1_768x1024.sdr.png	https://codec-corpus.r2.imazen.org/imazen-26-png-v3/8100-lilith-web-screenshots/768x1024/8330_web-screenshots_archive-wayback-search_dpr1_page1_768x1024.sdr.png
8331	train	8100-lilith-web-screenshots	sdr	8100-lilith-web-screenshots/768x1024/8331_web-screenshots_archives-exhibits_dpr1_page1_768x1024.sdr.png	https://codec-corpus.r2.imazen.org/imazen-26-png-v3/8100-lilith-web-screenshots/768x1024/8331_web-screenshots_archives-exhibits_dpr1_page1_768x1024.sdr.png
8332	train	8100-lilith-web-screenshots	sdr	8100-lilith-web-screenshots/768x1024/8332_web-screenshots_archives-exhibits_dpr1_page2_768x1024.sdr.png	https://codec-corpus.r2.imazen.org/imazen-26-png-v3/8100-lilith-web-screenshots/768x1024/8332_web-screenshots_archives-exhibits_dpr1_page2_768x1024.sdr.png
8333	train	8100-lilith-web-screenshots	sdr	8100-lilith-web-screenshots/768x1024/8333_web-screenshots_bls-employment-situation_dpr1_page1_768x1024.sdr.png	https://codec-corpus.r2.imazen.org/imazen-26-png-v3/8100-lilith-web-screenshots/768x1024/8333_web-screenshots_bls-employment-situation_dpr1_page1_768x1024.sdr.png
8335	train	8100-lilith-web-screenshots	sdr	8100-lilith-web-screenshots/768x1024/8335_web-screenshots_climate-gov-home_dpr1_page2_768x1024.sdr.png	https://codec-corpus.r2.imazen.org/imazen-26-png-v3/8100-lilith-web-screenshots/768x1024/8335_web-screenshots_climate-gov-home_dpr1_page2_768x1024.sdr.png
8336	train	8100-lilith-web-screenshots	sdr	8100-lilith-web-screenshots/768x1024/8336_web-screenshots_datagov-catalog_dpr1_page1_768x1024.sdr.png	https://codec-corpus.r2.imazen.org/imazen-26-png-v3/8100-lilith-web-screenshots/768x1024/8336_web-screenshots_datagov-catalog_dpr1_page1_768x1024.sdr.png
8337	train	8100-lilith-web-screenshots	sdr	8100-lilith-web-screenshots/768x1024/8337_web-screenshots_datagov-catalog_dpr1_page2_768x1024.sdr.png	https://codec-corpus.r2.imazen.org/imazen-26-png-v3/8100-lilith-web-screenshots/768x1024/8337_web-screenshots_datagov-catalog_dpr1_page2_768x1024.sdr.png
8338	train	8100-lilith-web-screenshots	sdr	8100-lilith-web-screenshots/768x1024/8338_web-screenshots_federalreserve-data_dpr1_page1_768x1024.sdr.png	https://codec-corpus.r2.imazen.org/imazen-26-png-v3/8100-lilith-web-screenshots/768x1024/8338_web-screenshots_federalreserve-data_dpr1_page1_768x1024.sdr.png
8339	train	8100-lilith-web-screenshots	sdr	8100-lilith-web-screenshots/768x1024/8339_web-screenshots_gutenberg-top_dpr1_page1_768x1024.sdr.png	https://codec-corpus.r2.imazen.org/imazen-26-png-v3/8100-lilith-web-screenshots/768x1024/8339_web-screenshots_gutenberg-top_dpr1_page1_768x1024.sdr.png
8340	train	8100-lilith-web-screenshots	sdr	8100-lilith-web-screenshots/768x1024/8340_web-screenshots_gutenberg-top_dpr1_page2_768x1024.sdr.png	https://codec-corpus.r2.imazen.org/imazen-26-png-v3/8100-lilith-web-screenshots/768x1024/8340_web-screenshots_gutenberg-top_dpr1_page2_768x1024.sdr.png
8341	train	8100-lilith-web-screenshots	sdr	8100-lilith-web-screenshots/768x1024/8341_web-screenshots_lkml-lists-index_dpr1_page1_768x1024.sdr.png	https://codec-corpus.r2.imazen.org/imazen-26-png-v3/8100-lilith-web-screenshots/768x1024/8341_web-screenshots_lkml-lists-index_dpr1_page1_768x1024.sdr.png
8342	train	8100-lilith-web-screenshots	sdr	8100-lilith-web-screenshots/768x1024/8342_web-screenshots_lkml-lists-index_dpr1_page2_768x1024.sdr.png	https://codec-corpus.r2.imazen.org/imazen-26-png-v3/8100-lilith-web-screenshots/768x1024/8342_web-screenshots_lkml-lists-index_dpr1_page2_768x1024.sdr.png
8343	train	8100-lilith-web-screenshots	sdr	8100-lilith-web-screenshots/768x1024/8343_web-screenshots_loc-exhibitions_dpr1_page1_768x1024.sdr.png	https://codec-corpus.r2.imazen.org/imazen-26-png-v3/8100-lilith-web-screenshots/768x1024/8343_web-screenshots_loc-exhibitions_dpr1_page1_768x1024.sdr.png
8344	train	8100-lilith-web-screenshots	sdr	8100-lilith-web-screenshots/768x1024/8344_web-screenshots_loc-exhibits_dpr1_page1_768x1024.sdr.png	https://codec-corpus.r2.imazen.org/imazen-26-png-v3/8100-lilith-web-screenshots/768x1024/8344_web-screenshots_loc-exhibits_dpr1_page1_768x1024.sdr.png
8346	train	8100-lilith-web-screenshots	sdr	8100-lilith-web-screenshots/768x1024/8346_web-screenshots_loc-pictures_dpr1_page2_768x1024.sdr.png	https://codec-corpus.r2.imazen.org/imazen-26-png-v3/8100-lilith-web-screenshots/768x1024/8346_web-screenshots_loc-pictures_dpr1_page2_768x1024.sdr.png
8347	train	8100-lilith-web-screenshots	sdr	8100-lilith-web-screenshots/768x1024/8347_web-screenshots_nasa-artemis_dpr1_page1_768x1024.sdr.png	https://codec-corpus.r2.imazen.org/imazen-26-png-v3/8100-lilith-web-screenshots/768x1024/8347_web-screenshots_nasa-artemis_dpr1_page1_768x1024.sdr.png
8348	train	8100-lilith-web-screenshots	sdr	8100-lilith-web-screenshots/768x1024/8348_web-screenshots_nasa-artemis_dpr1_page2_768x1024.sdr.png	https://codec-corpus.r2.imazen.org/imazen-26-png-v3/8100-lilith-web-screenshots/768x1024/8348_web-screenshots_nasa-artemis_dpr1_page2_768x1024.sdr.png
8349	train	8100-lilith-web-screenshots	sdr	8100-lilith-web-screenshots/768x1024/8349_web-screenshots_nasa-home_dpr1_page1_768x1024.sdr.png	https://codec-corpus.r2.imazen.org/imazen-26-png-v3/8100-lilith-web-screenshots/768x1024/8349_web-screenshots_nasa-home_dpr1_page1_768x1024.sdr.png
8350	train	8100-lilith-web-screenshots	sdr	8100-lilith-web-screenshots/768x1024/8350_web-screenshots_nasa-home_dpr1_page2_768x1024.sdr.png	https://codec-corpus.r2.imazen.org/imazen-26-png-v3/8100-lilith-web-screenshots/768x1024/8350_web-screenshots_nasa-home_dpr1_page2_768x1024.sdr.png
8351	train	8100-lilith-web-screenshots	sdr	8100-lilith-web-screenshots/768x1024/8351_web-screenshots_nasa-image-of-day_dpr1_page1_768x1024.sdr.png	https://codec-corpus.r2.imazen.org/imazen-26-png-v3/8100-lilith-web-screenshots/768x1024/8351_web-screenshots_nasa-image-of-day_dpr1_page1_768x1024.sdr.png
8353	train	8100-lilith-web-screenshots	sdr	8100-lilith-web-screenshots/768x1024/8353_web-screenshots_nasa-missions_dpr1_page1_768x1024.sdr.png	https://codec-corpus.r2.imazen.org/imazen-26-png-v3/8100-lilith-web-screenshots/768x1024/8353_web-screenshots_nasa-missions_dpr1_page1_768x1024.sdr.png
8354	train	8100-lilith-web-screenshots	sdr	8100-lilith-web-screenshots/768x1024/8354_web-screenshots_nasa-missions_dpr1_page2_768x1024.sdr.png	https://codec-corpus.r2.imazen.org/imazen-26-png-v3/8100-lilith-web-screenshots/768x1024/8354_web-screenshots_nasa-missions_dpr1_page2_768x1024.sdr.png
8356	train	8100-lilith-web-screenshots	sdr	8100-lilith-web-screenshots/768x1024/8356_web-screenshots_nasa-news_dpr1_page2_768x1024.sdr.png	https://codec-corpus.r2.imazen.org/imazen-26-png-v3/8100-lilith-web-screenshots/768x1024/8356_web-screenshots_nasa-news_dpr1_page2_768x1024.sdr.png
8358	train	8100-lilith-web-screenshots	sdr	8100-lilith-web-screenshots/768x1024/8358_web-screenshots_nasa-perseverance_dpr1_page2_768x1024.sdr.png	https://codec-corpus.r2.imazen.org/imazen-26-png-v3/8100-lilith-web-screenshots/768x1024/8358_web-screenshots_nasa-perseverance_dpr1_page2_768x1024.sdr.png
8359	train	8100-lilith-web-screenshots	sdr	8100-lilith-web-screenshots/768x1024/8359_web-screenshots_nih-recipes-keep-the-beat_dpr1_page1_768x1024.sdr.png	https://codec-corpus.r2.imazen.org/imazen-26-png-v3/8100-lilith-web-screenshots/768x1024/8359_web-screenshots_nih-recipes-keep-the-beat_dpr1_page1_768x1024.sdr.png
8361	train	8100-lilith-web-screenshots	sdr	8100-lilith-web-screenshots/768x1024/8361_web-screenshots_nih-home_dpr1_page2_768x1024.sdr.png	https://codec-corpus.r2.imazen.org/imazen-26-png-v3/8100-lilith-web-screenshots/768x1024/8361_web-screenshots_nih-home_dpr1_page2_768x1024.sdr.png
8363	train	8100-lilith-web-screenshots	sdr	8100-lilith-web-screenshots/768x1024/8363_web-screenshots_noaa-ocean_dpr1_page1_768x1024.sdr.png	https://codec-corpus.r2.imazen.org/imazen-26-png-v3/8100-lilith-web-screenshots/768x1024/8363_web-screenshots_noaa-ocean_dpr1_page1_768x1024.sdr.png
8364	train	8100-lilith-web-screenshots	sdr	8100-lilith-web-screenshots/768x1024/8364_web-screenshots_noaa-ocean_dpr1_page2_768x1024.sdr.png	https://codec-corpus.r2.imazen.org/imazen-26-png-v3/8100-lilith-web-screenshots/768x1024/8364_web-screenshots_noaa-ocean_dpr1_page2_768x1024.sdr.png
8365	train	8100-lilith-web-screenshots	sdr	8100-lilith-web-screenshots/768x1024/8365_web-screenshots_nps-grand-canyon_dpr1_page1_768x1024.sdr.png	https://codec-corpus.r2.imazen.org/imazen-26-png-v3/8100-lilith-web-screenshots/768x1024/8365_web-screenshots_nps-grand-canyon_dpr1_page1_768x1024.sdr.png
8366	train	8100-lilith-web-screenshots	sdr	8100-lilith-web-screenshots/768x1024/8366_web-screenshots_nps-grand-canyon_dpr1_page2_768x1024.sdr.png	https://codec-corpus.r2.imazen.org/imazen-26-png-v3/8100-lilith-web-screenshots/768x1024/8366_web-screenshots_nps-grand-canyon_dpr1_page2_768x1024.sdr.png
8367	train	8100-lilith-web-screenshots	sdr	8100-lilith-web-screenshots/768x1024/8367_web-screenshots_nps-yellowstone_dpr1_page1_768x1024.sdr.png	https://codec-corpus.r2.imazen.org/imazen-26-png-v3/8100-lilith-web-screenshots/768x1024/8367_web-screenshots_nps-yellowstone_dpr1_page1_768x1024.sdr.png
8368	train	8100-lilith-web-screenshots	sdr	8100-lilith-web-screenshots/768x1024/8368_web-screenshots_nps-yellowstone_dpr1_page2_768x1024.sdr.png	https://codec-corpus.r2.imazen.org/imazen-26-png-v3/8100-lilith-web-screenshots/768x1024/8368_web-screenshots_nps-yellowstone_dpr1_page2_768x1024.sdr.png
8371	train	8100-lilith-web-screenshots	sdr	8100-lilith-web-screenshots/768x1024/8371_web-screenshots_nps-yosemite_dpr1_page1_768x1024.sdr.png	https://codec-corpus.r2.imazen.org/imazen-26-png-v3/8100-lilith-web-screenshots/768x1024/8371_web-screenshots_nps-yosemite_dpr1_page1_768x1024.sdr.png
8372	train	8100-lilith-web-screenshots	sdr	8100-lilith-web-screenshots/768x1024/8372_web-screenshots_nps-yosemite_dpr1_page2_768x1024.sdr.png	https://codec-corpus.r2.imazen.org/imazen-26-png-v3/8100-lilith-web-screenshots/768x1024/8372_web-screenshots_nps-yosemite_dpr1_page2_768x1024.sdr.png
8373	train	8100-lilith-web-screenshots	sdr	8100-lilith-web-screenshots/768x1024/8373_web-screenshots_nps-zion_dpr1_page1_768x1024.sdr.png	https://codec-corpus.r2.imazen.org/imazen-26-png-v3/8100-lilith-web-screenshots/768x1024/8373_web-screenshots_nps-zion_dpr1_page1_768x1024.sdr.png
8374	train	8100-lilith-web-screenshots	sdr	8100-lilith-web-screenshots/768x1024/8374_web-screenshots_nps-zion_dpr1_page2_768x1024.sdr.png	https://codec-corpus.r2.imazen.org/imazen-26-png-v3/8100-lilith-web-screenshots/768x1024/8374_web-screenshots_nps-zion_dpr1_page2_768x1024.sdr.png
8375	train	8100-lilith-web-screenshots	sdr	8100-lilith-web-screenshots/768x1024/8375_web-screenshots_si-edu-exhibitions_dpr1_page1_768x1024.sdr.png	https://codec-corpus.r2.imazen.org/imazen-26-png-v3/8100-lilith-web-screenshots/768x1024/8375_web-screenshots_si-edu-exhibitions_dpr1_page1_768x1024.sdr.png
8376	train	8100-lilith-web-screenshots	sdr	8100-lilith-web-screenshots/768x1024/8376_web-screenshots_si-edu-exhibitions_dpr1_page2_768x1024.sdr.png	https://codec-corpus.r2.imazen.org/imazen-26-png-v3/8100-lilith-web-screenshots/768x1024/8376_web-screenshots_si-edu-exhibitions_dpr1_page2_768x1024.sdr.png
8377	train	8100-lilith-web-screenshots	sdr	8100-lilith-web-screenshots/768x1024/8377_web-screenshots_usaspending-explorer_dpr1_page1_768x1024.sdr.png	https://codec-corpus.r2.imazen.org/imazen-26-png-v3/8100-lilith-web-screenshots/768x1024/8377_web-screenshots_usaspending-explorer_dpr1_page1_768x1024.sdr.png
8378	train	8100-lilith-web-screenshots	sdr	8100-lilith-web-screenshots/768x1024/8378_web-screenshots_usaspending-explorer_dpr1_page2_768x1024.sdr.png	https://codec-corpus.r2.imazen.org/imazen-26-png-v3/8100-lilith-web-screenshots/768x1024/8378_web-screenshots_usaspending-explorer_dpr1_page2_768x1024.sdr.png
8379	train	8100-lilith-web-screenshots	sdr	8100-lilith-web-screenshots/768x1024/8379_web-screenshots_usgs-main-home_dpr1_page1_768x1024.sdr.png	https://codec-corpus.r2.imazen.org/imazen-26-png-v3/8100-lilith-web-screenshots/768x1024/8379_web-screenshots_usgs-main-home_dpr1_page1_768x1024.sdr.png
8380	train	8100-lilith-web-screenshots	sdr	8100-lilith-web-screenshots/768x1024/8380_web-screenshots_usgs-main-home_dpr1_page2_768x1024.sdr.png	https://codec-corpus.r2.imazen.org/imazen-26-png-v3/8100-lilith-web-screenshots/768x1024/8380_web-screenshots_usgs-main-home_dpr1_page2_768x1024.sdr.png
8381	train	8100-lilith-web-screenshots	sdr	8100-lilith-web-screenshots/768x1024/8381_web-screenshots_usgs-home_dpr1_page1_768x1024.sdr.png	https://codec-corpus.r2.imazen.org/imazen-26-png-v3/8100-lilith-web-screenshots/768x1024/8381_web-screenshots_usgs-home_dpr1_page1_768x1024.sdr.png
8382	train	8100-lilith-web-screenshots	sdr	8100-lilith-web-screenshots/768x1024/8382_web-screenshots_usgs-home_dpr1_page2_768x1024.sdr.png	https://codec-corpus.r2.imazen.org/imazen-26-png-v3/8100-lilith-web-screenshots/768x1024/8382_web-screenshots_usgs-home_dpr1_page2_768x1024.sdr.png
8383	train	8100-lilith-web-screenshots	sdr	8100-lilith-web-screenshots/768x1024/8383_web-screenshots_usgs-topoview_dpr1_page1_768x1024.sdr.png	https://codec-corpus.r2.imazen.org/imazen-26-png-v3/8100-lilith-web-screenshots/768x1024/8383_web-screenshots_usgs-topoview_dpr1_page1_768x1024.sdr.png
8385	train	8100-lilith-web-screenshots	sdr	8100-lilith-web-screenshots/768x1024/8385_web-screenshots_weather-forecast-nyc_dpr1_page1_768x1024.sdr.png	https://codec-corpus.r2.imazen.org/imazen-26-png-v3/8100-lilith-web-screenshots/768x1024/8385_web-screenshots_weather-forecast-nyc_dpr1_page1_768x1024.sdr.png
8387	train	8100-lilith-web-screenshots	sdr	8100-lilith-web-screenshots/768x1024/8387_web-screenshots_weather-home_dpr1_page1_768x1024.sdr.png	https://codec-corpus.r2.imazen.org/imazen-26-png-v3/8100-lilith-web-screenshots/768x1024/8387_web-screenshots_weather-home_dpr1_page1_768x1024.sdr.png
8388	train	8100-lilith-web-screenshots	sdr	8100-lilith-web-screenshots/768x1024/8388_web-screenshots_weatherportal-home_dpr1_page1_768x1024.sdr.png	https://codec-corpus.r2.imazen.org/imazen-26-png-v3/8100-lilith-web-screenshots/768x1024/8388_web-screenshots_weatherportal-home_dpr1_page1_768x1024.sdr.png
8389	train	8100-lilith-web-screenshots	sdr	8100-lilith-web-screenshots/other/8389_web-screenshots_archives-exhibits_dpr1_page1_1280x800.sdr.png	https://codec-corpus.r2.imazen.org/imazen-26-png-v3/8100-lilith-web-screenshots/other/8389_web-screenshots_archives-exhibits_dpr1_page1_1280x800.sdr.png
8390	train	8100-lilith-web-screenshots	sdr	8100-lilith-web-screenshots/other/8390_web-screenshots_archives-exhibits_dpr1_page2_1280x800.sdr.png	https://codec-corpus.r2.imazen.org/imazen-26-png-v3/8100-lilith-web-screenshots/other/8390_web-screenshots_archives-exhibits_dpr1_page2_1280x800.sdr.png
8391	train	8100-lilith-web-screenshots	sdr	8100-lilith-web-screenshots/other/8391_web-screenshots_archives-exhibits_dpr1_page1_667x375.sdr.png	https://codec-corpus.r2.imazen.org/imazen-26-png-v3/8100-lilith-web-screenshots/other/8391_web-screenshots_archives-exhibits_dpr1_page1_667x375.sdr.png
8392	train	8100-lilith-web-screenshots	sdr	8100-lilith-web-screenshots/other/8392_web-screenshots_archives-exhibits_dpr1_page2_667x375.sdr.png	https://codec-corpus.r2.imazen.org/imazen-26-png-v3/8100-lilith-web-screenshots/other/8392_web-screenshots_archives-exhibits_dpr1_page2_667x375.sdr.png
8393	train	8100-lilith-web-screenshots	sdr	8100-lilith-web-screenshots/other/8393_web-screenshots_archives-home_dpr1_page1_1280x800.sdr.png	https://codec-corpus.r2.imazen.org/imazen-26-png-v3/8100-lilith-web-screenshots/other/8393_web-screenshots_archives-home_dpr1_page1_1280x800.sdr.png
8395	train	8100-lilith-web-screenshots	sdr	8100-lilith-web-screenshots/other/8395_web-screenshots_archives-home_dpr1_page2_414x896.sdr.png	https://codec-corpus.r2.imazen.org/imazen-26-png-v3/8100-lilith-web-screenshots/other/8395_web-screenshots_archives-home_dpr1_page2_414x896.sdr.png
8396	train	8100-lilith-web-screenshots	sdr	8100-lilith-web-screenshots/other/8396_web-screenshots_bls-employment-situation_dpr1_page1_1280x800.sdr.png	https://codec-corpus.r2.imazen.org/imazen-26-png-v3/8100-lilith-web-screenshots/other/8396_web-screenshots_bls-employment-situation_dpr1_page1_1280x800.sdr.png
8397	train	8100-lilith-web-screenshots	sdr	8100-lilith-web-screenshots/other/8397_web-screenshots_bls-employment-situation_dpr1_page1_414x896.sdr.png	https://codec-corpus.r2.imazen.org/imazen-26-png-v3/8100-lilith-web-screenshots/other/8397_web-screenshots_bls-employment-situation_dpr1_page1_414x896.sdr.png
8399	train	8100-lilith-web-screenshots	sdr	8100-lilith-web-screenshots/other/8399_web-screenshots_cdc-home_dpr1_page2_1280x800.sdr.png	https://codec-corpus.r2.imazen.org/imazen-26-png-v3/8100-lilith-web-screenshots/other/8399_web-screenshots_cdc-home_dpr1_page2_1280x800.sdr.png
8401	train	8100-lilith-web-screenshots	sdr	8100-lilith-web-screenshots/other/8401_web-screenshots_cdc-home_dpr1_page2_2560x1440.sdr.png	https://codec-corpus.r2.imazen.org/imazen-26-png-v3/8100-lilith-web-screenshots/other/8401_web-screenshots_cdc-home_dpr1_page2_2560x1440.sdr.png
8402	train	8100-lilith-web-screenshots	sdr	8100-lilith-web-screenshots/other/8402_web-screenshots_cdc-home_dpr1_page1_414x896.sdr.png	https://codec-corpus.r2.imazen.org/imazen-26-png-v3/8100-lilith-web-screenshots/other/8402_web-screenshots_cdc-home_dpr1_page1_414x896.sdr.png
8406	train	8100-lilith-web-screenshots	sdr	8100-lilith-web-screenshots/other/8406_web-screenshots_climate-news_dpr1_page1_667x375.sdr.png	https://codec-corpus.r2.imazen.org/imazen-26-png-v3/8100-lilith-web-screenshots/other/8406_web-screenshots_climate-news_dpr1_page1_667x375.sdr.png
8407	train	8100-lilith-web-screenshots	sdr	8100-lilith-web-screenshots/other/8407_web-screenshots_climate-news_dpr1_page2_667x375.sdr.png	https://codec-corpus.r2.imazen.org/imazen-26-png-v3/8100-lilith-web-screenshots/other/8407_web-screenshots_climate-news_dpr1_page2_667x375.sdr.png
8408	train	8100-lilith-web-screenshots	sdr	8100-lilith-web-screenshots/other/8408_web-screenshots_datagov-catalog_dpr1_page1_1280x800.sdr.png	https://codec-corpus.r2.imazen.org/imazen-26-png-v3/8100-lilith-web-screenshots/other/8408_web-screenshots_datagov-catalog_dpr1_page1_1280x800.sdr.png
8409	train	8100-lilith-web-screenshots	sdr	8100-lilith-web-screenshots/other/8409_web-screenshots_datagov-catalog_dpr1_page2_1280x800.sdr.png	https://codec-corpus.r2.imazen.org/imazen-26-png-v3/8100-lilith-web-screenshots/other/8409_web-screenshots_datagov-catalog_dpr1_page2_1280x800.sdr.png
8411	train	8100-lilith-web-screenshots	sdr	8100-lilith-web-screenshots/other/8411_web-screenshots_gutenberg-top_dpr1_page2_1280x800.sdr.png	https://codec-corpus.r2.imazen.org/imazen-26-png-v3/8100-lilith-web-screenshots/other/8411_web-screenshots_gutenberg-top_dpr1_page2_1280x800.sdr.png
8412	train	8100-lilith-web-screenshots	sdr	8100-lilith-web-screenshots/other/8412_web-screenshots_gutenberg-top_dpr2_page1_750x1334.sdr.png	https://codec-corpus.r2.imazen.org/imazen-26-png-v3/8100-lilith-web-screenshots/other/8412_web-screenshots_gutenberg-top_dpr2_page1_750x1334.sdr.png
8413	train	8100-lilith-web-screenshots	sdr	8100-lilith-web-screenshots/other/8413_web-screenshots_gutenberg-top_dpr2_page2_750x1334.sdr.png	https://codec-corpus.r2.imazen.org/imazen-26-png-v3/8100-lilith-web-screenshots/other/8413_web-screenshots_gutenberg-top_dpr2_page2_750x1334.sdr.png
8414	train	8100-lilith-web-screenshots	sdr	8100-lilith-web-screenshots/other/8414_web-screenshots_lkml-lists-index_dpr1_page1_1280x800.sdr.png	https://codec-corpus.r2.imazen.org/imazen-26-png-v3/8100-lilith-web-screenshots/other/8414_web-screenshots_lkml-lists-index_dpr1_page1_1280x800.sdr.png
8416	train	8100-lilith-web-screenshots	sdr	8100-lilith-web-screenshots/other/8416_web-screenshots_loc-pictures_dpr1_page1_360x640.sdr.png	https://codec-corpus.r2.imazen.org/imazen-26-png-v3/8100-lilith-web-screenshots/other/8416_web-screenshots_loc-pictures_dpr1_page1_360x640.sdr.png
8417	train	8100-lilith-web-screenshots	sdr	8100-lilith-web-screenshots/other/8417_web-screenshots_loc-pictures_dpr1_page2_360x640.sdr.png	https://codec-corpus.r2.imazen.org/imazen-26-png-v3/8100-lilith-web-screenshots/other/8417_web-screenshots_loc-pictures_dpr1_page2_360x640.sdr.png
8418	train	8100-lilith-web-screenshots	sdr	8100-lilith-web-screenshots/other/8418_web-screenshots_nasa-artemis_dpr1_page1_1280x800.sdr.png	https://codec-corpus.r2.imazen.org/imazen-26-png-v3/8100-lilith-web-screenshots/other/8418_web-screenshots_nasa-artemis_dpr1_page1_1280x800.sdr.png
8419	train	8100-lilith-web-screenshots	sdr	8100-lilith-web-screenshots/other/8419_web-screenshots_nasa-artemis_dpr1_page2_1280x800.sdr.png	https://codec-corpus.r2.imazen.org/imazen-26-png-v3/8100-lilith-web-screenshots/other/8419_web-screenshots_nasa-artemis_dpr1_page2_1280x800.sdr.png
8420	train	8100-lilith-web-screenshots	sdr	8100-lilith-web-screenshots/other/8420_web-screenshots_nasa-missions_dpr1_page1_1024x768.sdr.png	https://codec-corpus.r2.imazen.org/imazen-26-png-v3/8100-lilith-web-screenshots/other/8420_web-screenshots_nasa-missions_dpr1_page1_1024x768.sdr.png
8423	train	8100-lilith-web-screenshots	sdr	8100-lilith-web-screenshots/other/8423_web-screenshots_nasa-missions_dpr1_page2_2560x1440.sdr.png	https://codec-corpus.r2.imazen.org/imazen-26-png-v3/8100-lilith-web-screenshots/other/8423_web-screenshots_nasa-missions_dpr1_page2_2560x1440.sdr.png
8424	train	8100-lilith-web-screenshots	sdr	8100-lilith-web-screenshots/other/8424_web-screenshots_nasa-missions_dpr1_page1_667x375.sdr.png	https://codec-corpus.r2.imazen.org/imazen-26-png-v3/8100-lilith-web-screenshots/other/8424_web-screenshots_nasa-missions_dpr1_page1_667x375.sdr.png
8425	train	8100-lilith-web-screenshots	sdr	8100-lilith-web-screenshots/other/8425_web-screenshots_nasa-missions_dpr1_page2_667x375.sdr.png	https://codec-corpus.r2.imazen.org/imazen-26-png-v3/8100-lilith-web-screenshots/other/8425_web-screenshots_nasa-missions_dpr1_page2_667x375.sdr.png
8426	train	8100-lilith-web-screenshots	sdr	8100-lilith-web-screenshots/other/8426_web-screenshots_nasa-news_dpr1_page1_414x896.sdr.png	https://codec-corpus.r2.imazen.org/imazen-26-png-v3/8100-lilith-web-screenshots/other/8426_web-screenshots_nasa-news_dpr1_page1_414x896.sdr.png
8428	train	8100-lilith-web-screenshots	sdr	8100-lilith-web-screenshots/other/8428_web-screenshots_nasa-voyager_dpr1_page1_1280x800.sdr.png	https://codec-corpus.r2.imazen.org/imazen-26-png-v3/8100-lilith-web-screenshots/other/8428_web-screenshots_nasa-voyager_dpr1_page1_1280x800.sdr.png
8429	train	8100-lilith-web-screenshots	sdr	8100-lilith-web-screenshots/other/8429_web-screenshots_nasa-voyager_dpr1_page2_1280x800.sdr.png	https://codec-corpus.r2.imazen.org/imazen-26-png-v3/8100-lilith-web-screenshots/other/8429_web-screenshots_nasa-voyager_dpr1_page2_1280x800.sdr.png
8430	train	8100-lilith-web-screenshots	sdr	8100-lilith-web-screenshots/other/8430_web-screenshots_nasa-voyager_dpr1_page1_667x375.sdr.png	https://codec-corpus.r2.imazen.org/imazen-26-png-v3/8100-lilith-web-screenshots/other/8430_web-screenshots_nasa-voyager_dpr1_page1_667x375.sdr.png
8431	train	8100-lilith-web-screenshots	sdr	8100-lilith-web-screenshots/other/8431_web-screenshots_nasa-voyager_dpr1_page2_667x375.sdr.png	https://codec-corpus.r2.imazen.org/imazen-26-png-v3/8100-lilith-web-screenshots/other/8431_web-screenshots_nasa-voyager_dpr1_page2_667x375.sdr.png
8432	train	8100-lilith-web-screenshots	sdr	8100-lilith-web-screenshots/other/8432_web-screenshots_nih-recipes-keep-the-beat_dpr1_page1_1280x800.sdr.png	https://codec-corpus.r2.imazen.org/imazen-26-png-v3/8100-lilith-web-screenshots/other/8432_web-screenshots_nih-recipes-keep-the-beat_dpr1_page1_1280x800.sdr.png
8433	train	8100-lilith-web-screenshots	sdr	8100-lilith-web-screenshots/other/8433_web-screenshots_nih-recipes-keep-the-beat_dpr1_page2_1280x800.sdr.png	https://codec-corpus.r2.imazen.org/imazen-26-png-v3/8100-lilith-web-screenshots/other/8433_web-screenshots_nih-recipes-keep-the-beat_dpr1_page2_1280x800.sdr.png
8434	train	8100-lilith-web-screenshots	sdr	8100-lilith-web-screenshots/other/8434_web-screenshots_nih-home_dpr1_page1_414x896.sdr.png	https://codec-corpus.r2.imazen.org/imazen-26-png-v3/8100-lilith-web-screenshots/other/8434_web-screenshots_nih-home_dpr1_page1_414x896.sdr.png
8435	train	8100-lilith-web-screenshots	sdr	8100-lilith-web-screenshots/other/8435_web-screenshots_nih-home_dpr1_page2_414x896.sdr.png	https://codec-corpus.r2.imazen.org/imazen-26-png-v3/8100-lilith-web-screenshots/other/8435_web-screenshots_nih-home_dpr1_page2_414x896.sdr.png
8436	train	8100-lilith-web-screenshots	sdr	8100-lilith-web-screenshots/other/8436_web-screenshots_noaa-home_dpr2_page1_750x1334.sdr.png	https://codec-corpus.r2.imazen.org/imazen-26-png-v3/8100-lilith-web-screenshots/other/8436_web-screenshots_noaa-home_dpr2_page1_750x1334.sdr.png
8437	train	8100-lilith-web-screenshots	sdr	8100-lilith-web-screenshots/other/8437_web-screenshots_noaa-home_dpr2_page2_750x1334.sdr.png	https://codec-corpus.r2.imazen.org/imazen-26-png-v3/8100-lilith-web-screenshots/other/8437_web-screenshots_noaa-home_dpr2_page2_750x1334.sdr.png
8438	train	8100-lilith-web-screenshots	sdr	8100-lilith-web-screenshots/other/8438_web-screenshots_nps-acad_dpr1_page1_1280x800.sdr.png	https://codec-corpus.r2.imazen.org/imazen-26-png-v3/8100-lilith-web-screenshots/other/8438_web-screenshots_nps-acad_dpr1_page1_1280x800.sdr.png
8439	train	8100-lilith-web-screenshots	sdr	8100-lilith-web-screenshots/other/8439_web-screenshots_nps-acad_dpr1_page2_1280x800.sdr.png	https://codec-corpus.r2.imazen.org/imazen-26-png-v3/8100-lilith-web-screenshots/other/8439_web-screenshots_nps-acad_dpr1_page2_1280x800.sdr.png
8440	train	8100-lilith-web-screenshots	sdr	8100-lilith-web-screenshots/other/8440_web-screenshots_nps-acad_dpr1_page1_667x375.sdr.png	https://codec-corpus.r2.imazen.org/imazen-26-png-v3/8100-lilith-web-screenshots/other/8440_web-screenshots_nps-acad_dpr1_page1_667x375.sdr.png
8441	train	8100-lilith-web-screenshots	sdr	8100-lilith-web-screenshots/other/8441_web-screenshots_nps-acad_dpr1_page2_667x375.sdr.png	https://codec-corpus.r2.imazen.org/imazen-26-png-v3/8100-lilith-web-screenshots/other/8441_web-screenshots_nps-acad_dpr1_page2_667x375.sdr.png
8444	train	8100-lilith-web-screenshots	sdr	8100-lilith-web-screenshots/other/8444_web-screenshots_nps-yell_dpr1_page1_1024x768.sdr.png	https://codec-corpus.r2.imazen.org/imazen-26-png-v3/8100-lilith-web-screenshots/other/8444_web-screenshots_nps-yell_dpr1_page1_1024x768.sdr.png
8445	train	8100-lilith-web-screenshots	sdr	8100-lilith-web-screenshots/other/8445_web-screenshots_nps-yell_dpr1_page2_1024x768.sdr.png	https://codec-corpus.r2.imazen.org/imazen-26-png-v3/8100-lilith-web-screenshots/other/8445_web-screenshots_nps-yell_dpr1_page2_1024x768.sdr.png
8446	train	8100-lilith-web-screenshots	sdr	8100-lilith-web-screenshots/other/8446_web-screenshots_nps-yell_dpr1_page1_2560x1440.sdr.png	https://codec-corpus.r2.imazen.org/imazen-26-png-v3/8100-lilith-web-screenshots/other/8446_web-screenshots_nps-yell_dpr1_page1_2560x1440.sdr.png
8447	train	8100-lilith-web-screenshots	sdr	8100-lilith-web-screenshots/other/8447_web-screenshots_nps-yell_dpr1_page2_2560x1440.sdr.png	https://codec-corpus.r2.imazen.org/imazen-26-png-v3/8100-lilith-web-screenshots/other/8447_web-screenshots_nps-yell_dpr1_page2_2560x1440.sdr.png
8449	train	8100-lilith-web-screenshots	sdr	8100-lilith-web-screenshots/other/8449_web-screenshots_nps-yellowstone_dpr1_page2_1280x800.sdr.png	https://codec-corpus.r2.imazen.org/imazen-26-png-v3/8100-lilith-web-screenshots/other/8449_web-screenshots_nps-yellowstone_dpr1_page2_1280x800.sdr.png
8452	train	8100-lilith-web-screenshots	sdr	8100-lilith-web-screenshots/other/8452_web-screenshots_si-edu-exhibitions_dpr1_page1_1280x800.sdr.png	https://codec-corpus.r2.imazen.org/imazen-26-png-v3/8100-lilith-web-screenshots/other/8452_web-screenshots_si-edu-exhibitions_dpr1_page1_1280x800.sdr.png
8453	train	8100-lilith-web-screenshots	sdr	8100-lilith-web-screenshots/other/8453_web-screenshots_si-edu-exhibitions_dpr1_page2_1280x800.sdr.png	https://codec-corpus.r2.imazen.org/imazen-26-png-v3/8100-lilith-web-screenshots/other/8453_web-screenshots_si-edu-exhibitions_dpr1_page2_1280x800.sdr.png
8454	train	8100-lilith-web-screenshots	sdr	8100-lilith-web-screenshots/other/8454_web-screenshots_terminal-cargo-build_dpr1_page1_1280x1100.sdr.png	https://codec-corpus.r2.imazen.org/imazen-26-png-v3/8100-lilith-web-screenshots/other/8454_web-screenshots_terminal-cargo-build_dpr1_page1_1280x1100.sdr.png
8455	train	8100-lilith-web-screenshots	sdr	8100-lilith-web-screenshots/other/8455_web-screenshots_terminal-htop_dpr1_page1_1280x800.sdr.png	https://codec-corpus.r2.imazen.org/imazen-26-png-v3/8100-lilith-web-screenshots/other/8455_web-screenshots_terminal-htop_dpr1_page1_1280x800.sdr.png
8456	train	8100-lilith-web-screenshots	sdr	8100-lilith-web-screenshots/other/8456_web-screenshots_terminal-ls-git-log_dpr1_page1_1280x900.sdr.png	https://codec-corpus.r2.imazen.org/imazen-26-png-v3/8100-lilith-web-screenshots/other/8456_web-screenshots_terminal-ls-git-log_dpr1_page1_1280x900.sdr.png
8457	train	8100-lilith-web-screenshots	sdr	8100-lilith-web-screenshots/other/8457_web-screenshots_terminal-nvim-edit_dpr1_page1_1440x800.sdr.png	https://codec-corpus.r2.imazen.org/imazen-26-png-v3/8100-lilith-web-screenshots/other/8457_web-screenshots_terminal-nvim-edit_dpr1_page1_1440x800.sdr.png
8458	train	8100-lilith-web-screenshots	sdr	8100-lilith-web-screenshots/other/8458_web-screenshots_usgs-home_dpr1_page1_667x375.sdr.png	https://codec-corpus.r2.imazen.org/imazen-26-png-v3/8100-lilith-web-screenshots/other/8458_web-screenshots_usgs-home_dpr1_page1_667x375.sdr.png
8459	train	8100-lilith-web-screenshots	sdr	8100-lilith-web-screenshots/other/8459_web-screenshots_usgs-home_dpr1_page2_667x375.sdr.png	https://codec-corpus.r2.imazen.org/imazen-26-png-v3/8100-lilith-web-screenshots/other/8459_web-screenshots_usgs-home_dpr1_page2_667x375.sdr.png
8460	train	8100-lilith-web-screenshots	sdr	8100-lilith-web-screenshots/other/8460_web-screenshots_usgs-news_dpr2_page1_750x1334.sdr.png	https://codec-corpus.r2.imazen.org/imazen-26-png-v3/8100-lilith-web-screenshots/other/8460_web-screenshots_usgs-news_dpr2_page1_750x1334.sdr.png
8461	train	8100-lilith-web-screenshots	sdr	8100-lilith-web-screenshots/other/8461_web-screenshots_usgs-news_dpr2_page2_750x1334.sdr.png	https://codec-corpus.r2.imazen.org/imazen-26-png-v3/8100-lilith-web-screenshots/other/8461_web-screenshots_usgs-news_dpr2_page2_750x1334.sdr.png
8462	train	8100-lilith-web-screenshots	sdr	8100-lilith-web-screenshots/other/8462_web-screenshots_usgs-topoview_dpr1_page1_1280x800.sdr.png	https://codec-corpus.r2.imazen.org/imazen-26-png-v3/8100-lilith-web-screenshots/other/8462_web-screenshots_usgs-topoview_dpr1_page1_1280x800.sdr.png
8463	train	8100-lilith-web-screenshots	sdr	8100-lilith-web-screenshots/other/8463_web-screenshots_usgs-topoview_dpr1_page2_1280x800.sdr.png	https://codec-corpus.r2.imazen.org/imazen-26-png-v3/8100-lilith-web-screenshots/other/8463_web-screenshots_usgs-topoview_dpr1_page2_1280x800.sdr.png
8464	train	8100-lilith-web-screenshots	sdr	8100-lilith-web-screenshots/other/8464_web-screenshots_weather-forecast-nyc_dpr1_page1_667x375.sdr.png	https://codec-corpus.r2.imazen.org/imazen-26-png-v3/8100-lilith-web-screenshots/other/8464_web-screenshots_weather-forecast-nyc_dpr1_page1_667x375.sdr.png
8465	train	8100-lilith-web-screenshots	sdr	8100-lilith-web-screenshots/other/8465_web-screenshots_weather-forecast-nyc_dpr1_page2_667x375.sdr.png	https://codec-corpus.r2.imazen.org/imazen-26-png-v3/8100-lilith-web-screenshots/other/8465_web-screenshots_weather-forecast-nyc_dpr1_page2_667x375.sdr.png
8466	train	8100-lilith-web-screenshots	sdr	8100-lilith-web-screenshots/other/8466_web-screenshots_weather-home_dpr1_page1_1280x800.sdr.png	https://codec-corpus.r2.imazen.org/imazen-26-png-v3/8100-lilith-web-screenshots/other/8466_web-screenshots_weather-home_dpr1_page1_1280x800.sdr.png
8467	train	8100-lilith-web-screenshots	sdr	8100-lilith-web-screenshots/other/8467_web-screenshots_weather-home_dpr1_page1_414x896.sdr.png	https://codec-corpus.r2.imazen.org/imazen-26-png-v3/8100-lilith-web-screenshots/other/8467_web-screenshots_weather-home_dpr1_page1_414x896.sdr.png
8468	train	8100-lilith-web-screenshots	sdr	8100-lilith-web-screenshots/other/8468_web-screenshots_weather-satellites_dpr1_page1_414x896.sdr.png	https://codec-corpus.r2.imazen.org/imazen-26-png-v3/8100-lilith-web-screenshots/other/8468_web-screenshots_weather-satellites_dpr1_page1_414x896.sdr.png
8469	train	8100-lilith-web-screenshots	sdr	8100-lilith-web-screenshots/other/8469_web-screenshots_weather-satellites_dpr1_page2_414x896.sdr.png	https://codec-corpus.r2.imazen.org/imazen-26-png-v3/8100-lilith-web-screenshots/other/8469_web-screenshots_weather-satellites_dpr1_page2_414x896.sdr.png
9000	train	9000-lilith-ai-clipart	sdr	9000-lilith-ai-clipart/9000_gen_clipart_avocado-half_1024x1536.sdr.png	https://codec-corpus.r2.imazen.org/imazen-26-png-v3/9000-lilith-ai-clipart/9000_gen_clipart_avocado-half_1024x1536.sdr.png
9001	train	9000-lilith-ai-clipart	sdr	9000-lilith-ai-clipart/9001_gen_clipart_axolotl-friend_1024x1024.sdr.png	https://codec-corpus.r2.imazen.org/imazen-26-png-v3/9000-lilith-ai-clipart/9001_gen_clipart_axolotl-friend_1024x1024.sdr.png
9002	train	9000-lilith-ai-clipart	sdr	9000-lilith-ai-clipart/9002_gen_clipart_baguette-loaf_1024x1536.sdr.png	https://codec-corpus.r2.imazen.org/imazen-26-png-v3/9000-lilith-ai-clipart/9002_gen_clipart_baguette-loaf_1024x1536.sdr.png
9003	train	9000-lilith-ai-clipart	sdr	9000-lilith-ai-clipart/9003_gen_clipart_balloons-bunch_1024x1536.sdr.png	https://codec-corpus.r2.imazen.org/imazen-26-png-v3/9000-lilith-ai-clipart/9003_gen_clipart_balloons-bunch_1024x1536.sdr.png
9004	train	9000-lilith-ai-clipart	sdr	9000-lilith-ai-clipart/9004_gen_clipart_bathtub-bubbles_1024x1536.sdr.png	https://codec-corpus.r2.imazen.org/imazen-26-png-v3/9000-lilith-ai-clipart/9004_gen_clipart_bathtub-bubbles_1024x1536.sdr.png
9005	train	9000-lilith-ai-clipart	sdr	9000-lilith-ai-clipart/9005_gen_clipart_bee-honey_1024x1536.sdr.png	https://codec-corpus.r2.imazen.org/imazen-26-png-v3/9000-lilith-ai-clipart/9005_gen_clipart_bee-honey_1024x1536.sdr.png
9006	train	9000-lilith-ai-clipart	sdr	9000-lilith-ai-clipart/9006_gen_clipart_bicycle-side_1024x1536.sdr.png	https://codec-corpus.r2.imazen.org/imazen-26-png-v3/9000-lilith-ai-clipart/9006_gen_clipart_bicycle-side_1024x1536.sdr.png
9007	train	9000-lilith-ai-clipart	sdr	9000-lilith-ai-clipart/9007_gen_clipart_boba-tea-cup_1024x1024.sdr.png	https://codec-corpus.r2.imazen.org/imazen-26-png-v3/9000-lilith-ai-clipart/9007_gen_clipart_boba-tea-cup_1024x1024.sdr.png
9008	train	9000-lilith-ai-clipart	sdr	9000-lilith-ai-clipart/9008_gen_clipart_bonsai-tree_1024x1536.sdr.png	https://codec-corpus.r2.imazen.org/imazen-26-png-v3/9000-lilith-ai-clipart/9008_gen_clipart_bonsai-tree_1024x1536.sdr.png
9009	train	9000-lilith-ai-clipart	sdr	9000-lilith-ai-clipart/9009_gen_clipart_book-stack_1024x1536.sdr.png	https://codec-corpus.r2.imazen.org/imazen-26-png-v3/9000-lilith-ai-clipart/9009_gen_clipart_book-stack_1024x1536.sdr.png
9010	train	9000-lilith-ai-clipart	sdr	9000-lilith-ai-clipart/9010_gen_clipart_bunny-with-carrot_1024x1536.sdr.png	https://codec-corpus.r2.imazen.org/imazen-26-png-v3/9000-lilith-ai-clipart/9010_gen_clipart_bunny-with-carrot_1024x1536.sdr.png
9011	train	9000-lilith-ai-clipart	sdr	9000-lilith-ai-clipart/9011_gen_clipart_butterfly-symmetric_1024x1536.sdr.png	https://codec-corpus.r2.imazen.org/imazen-26-png-v3/9000-lilith-ai-clipart/9011_gen_clipart_butterfly-symmetric_1024x1536.sdr.png
9013	train	9000-lilith-ai-clipart	sdr	9000-lilith-ai-clipart/9013_gen_clipart_campfire-single-color_1024x1024.sdr.png	https://codec-corpus.r2.imazen.org/imazen-26-png-v3/9000-lilith-ai-clipart/9013_gen_clipart_campfire-single-color_1024x1024.sdr.png
9014	train	9000-lilith-ai-clipart	sdr	9000-lilith-ai-clipart/9014_gen_clipart_candle-flame_1024x1536.sdr.png	https://codec-corpus.r2.imazen.org/imazen-26-png-v3/9000-lilith-ai-clipart/9014_gen_clipart_candle-flame_1024x1536.sdr.png
9015	train	9000-lilith-ai-clipart	sdr	9000-lilith-ai-clipart/9015_gen_clipart_cherry-blossom-branch_1024x1536.sdr.png	https://codec-corpus.r2.imazen.org/imazen-26-png-v3/9000-lilith-ai-clipart/9015_gen_clipart_cherry-blossom-branch_1024x1536.sdr.png
9016	train	9000-lilith-ai-clipart	sdr	9000-lilith-ai-clipart/9016_gen_clipart_cupcake-pastel_1024x1024.sdr.png	https://codec-corpus.r2.imazen.org/imazen-26-png-v3/9000-lilith-ai-clipart/9016_gen_clipart_cupcake-pastel_1024x1024.sdr.png
9017	train	9000-lilith-ai-clipart	sdr	9000-lilith-ai-clipart/9017_gen_clipart_dandelion-puff_1024x1536.sdr.png	https://codec-corpus.r2.imazen.org/imazen-26-png-v3/9000-lilith-ai-clipart/9017_gen_clipart_dandelion-puff_1024x1536.sdr.png
9018	train	9000-lilith-ai-clipart	sdr	9000-lilith-ai-clipart/9018_gen_clipart_dolphin-leap_1024x1536.sdr.png	https://codec-corpus.r2.imazen.org/imazen-26-png-v3/9000-lilith-ai-clipart/9018_gen_clipart_dolphin-leap_1024x1536.sdr.png
9019	train	9000-lilith-ai-clipart	sdr	9000-lilith-ai-clipart/9019_gen_clipart_donut-sprinkles_1024x1536.sdr.png	https://codec-corpus.r2.imazen.org/imazen-26-png-v3/9000-lilith-ai-clipart/9019_gen_clipart_donut-sprinkles_1024x1536.sdr.png
9020	train	9000-lilith-ai-clipart	sdr	9000-lilith-ai-clipart/9020_gen_clipart_egg-with-face_1024x1536.sdr.png	https://codec-corpus.r2.imazen.org/imazen-26-png-v3/9000-lilith-ai-clipart/9020_gen_clipart_egg-with-face_1024x1536.sdr.png
9021	train	9000-lilith-ai-clipart	sdr	9000-lilith-ai-clipart/9021_gen_clipart_fairy-lights-string_1024x1024.sdr.png	https://codec-corpus.r2.imazen.org/imazen-26-png-v3/9000-lilith-ai-clipart/9021_gen_clipart_fairy-lights-string_1024x1024.sdr.png
9022	train	9000-lilith-ai-clipart	sdr	9000-lilith-ai-clipart/9022_gen_clipart_fern-frond_1024x1536.sdr.png	https://codec-corpus.r2.imazen.org/imazen-26-png-v3/9000-lilith-ai-clipart/9022_gen_clipart_fern-frond_1024x1536.sdr.png
9023	train	9000-lilith-ai-clipart	sdr	9000-lilith-ai-clipart/9023_gen_clipart_foggy-hill_1024x1536.sdr.png	https://codec-corpus.r2.imazen.org/imazen-26-png-v3/9000-lilith-ai-clipart/9023_gen_clipart_foggy-hill_1024x1536.sdr.png
9024	train	9000-lilith-ai-clipart	sdr	9000-lilith-ai-clipart/9024_gen_clipart_foliage-cluster_1024x1024.sdr.png	https://codec-corpus.r2.imazen.org/imazen-26-png-v3/9000-lilith-ai-clipart/9024_gen_clipart_foliage-cluster_1024x1024.sdr.png
9025	train	9000-lilith-ai-clipart	sdr	9000-lilith-ai-clipart/9025_gen_clipart_frog-on-lilypad_1024x1536.sdr.png	https://codec-corpus.r2.imazen.org/imazen-26-png-v3/9000-lilith-ai-clipart/9025_gen_clipart_frog-on-lilypad_1024x1536.sdr.png
9026	train	9000-lilith-ai-clipart	sdr	9000-lilith-ai-clipart/9026_gen_clipart_gift-box-bow_1024x1536.sdr.png	https://codec-corpus.r2.imazen.org/imazen-26-png-v3/9000-lilith-ai-clipart/9026_gen_clipart_gift-box-bow_1024x1536.sdr.png
9027	train	9000-lilith-ai-clipart	sdr	9000-lilith-ai-clipart/9027_gen_clipart_guitar-acoustic_1024x1536.sdr.png	https://codec-corpus.r2.imazen.org/imazen-26-png-v3/9000-lilith-ai-clipart/9027_gen_clipart_guitar-acoustic_1024x1536.sdr.png
9028	train	9000-lilith-ai-clipart	sdr	9000-lilith-ai-clipart/9028_gen_clipart_headphones_1024x1024.sdr.png	https://codec-corpus.r2.imazen.org/imazen-26-png-v3/9000-lilith-ai-clipart/9028_gen_clipart_headphones_1024x1024.sdr.png
9030	train	9000-lilith-ai-clipart	sdr	9000-lilith-ai-clipart/9030_gen_clipart_hibiscus-bloom_1024x1536.sdr.png	https://codec-corpus.r2.imazen.org/imazen-26-png-v3/9000-lilith-ai-clipart/9030_gen_clipart_hibiscus-bloom_1024x1536.sdr.png
9031	train	9000-lilith-ai-clipart	sdr	9000-lilith-ai-clipart/9031_gen_clipart_hot-air-balloon_1024x1024.sdr.png	https://codec-corpus.r2.imazen.org/imazen-26-png-v3/9000-lilith-ai-clipart/9031_gen_clipart_hot-air-balloon_1024x1024.sdr.png
9032	train	9000-lilith-ai-clipart	sdr	9000-lilith-ai-clipart/9032_gen_clipart_ice-cream-sundae_1024x1536.sdr.png	https://codec-corpus.r2.imazen.org/imazen-26-png-v3/9000-lilith-ai-clipart/9032_gen_clipart_ice-cream-sundae_1024x1536.sdr.png
9033	train	9000-lilith-ai-clipart	sdr	9000-lilith-ai-clipart/9033_gen_clipart_juice-box_1024x1536.sdr.png	https://codec-corpus.r2.imazen.org/imazen-26-png-v3/9000-lilith-ai-clipart/9033_gen_clipart_juice-box_1024x1536.sdr.png
9034	train	9000-lilith-ai-clipart	sdr	9000-lilith-ai-clipart/9034_gen_clipart_key-tassel_1024x1536.sdr.png	https://codec-corpus.r2.imazen.org/imazen-26-png-v3/9000-lilith-ai-clipart/9034_gen_clipart_key-tassel_1024x1536.sdr.png
9035	train	9000-lilith-ai-clipart	sdr	9000-lilith-ai-clipart/9035_gen_clipart_ladybug_1024x1536.sdr.png	https://codec-corpus.r2.imazen.org/imazen-26-png-v3/9000-lilith-ai-clipart/9035_gen_clipart_ladybug_1024x1536.sdr.png
9036	train	9000-lilith-ai-clipart	sdr	9000-lilith-ai-clipart/9036_gen_clipart_laptop-coffee_1024x1024.sdr.png	https://codec-corpus.r2.imazen.org/imazen-26-png-v3/9000-lilith-ai-clipart/9036_gen_clipart_laptop-coffee_1024x1024.sdr.png
9037	train	9000-lilith-ai-clipart	sdr	9000-lilith-ai-clipart/9037_gen_clipart_latte-art_1024x1536.sdr.png	https://codec-corpus.r2.imazen.org/imazen-26-png-v3/9000-lilith-ai-clipart/9037_gen_clipart_latte-art_1024x1536.sdr.png
9039	train	9000-lilith-ai-clipart	sdr	9000-lilith-ai-clipart/9039_gen_clipart_lighthouse-cliff_1024x1536.sdr.png	https://codec-corpus.r2.imazen.org/imazen-26-png-v3/9000-lilith-ai-clipart/9039_gen_clipart_lighthouse-cliff_1024x1536.sdr.png
9040	train	9000-lilith-ai-clipart	sdr	9000-lilith-ai-clipart/9040_gen_clipart_lightning-bolt_1024x1536.sdr.png	https://codec-corpus.r2.imazen.org/imazen-26-png-v3/9000-lilith-ai-clipart/9040_gen_clipart_lightning-bolt_1024x1536.sdr.png
9041	train	9000-lilith-ai-clipart	sdr	9000-lilith-ai-clipart/9041_gen_clipart_magnifying-glass-eye_1024x1536.sdr.png	https://codec-corpus.r2.imazen.org/imazen-26-png-v3/9000-lilith-ai-clipart/9041_gen_clipart_magnifying-glass-eye_1024x1536.sdr.png
9043	train	9000-lilith-ai-clipart	sdr	9000-lilith-ai-clipart/9043_gen_clipart_moon-phases_1024x1536.sdr.png	https://codec-corpus.r2.imazen.org/imazen-26-png-v3/9000-lilith-ai-clipart/9043_gen_clipart_moon-phases_1024x1536.sdr.png
9044	train	9000-lilith-ai-clipart	sdr	9000-lilith-ai-clipart/9044_gen_clipart_mountain-set_1536x1024.sdr.png	https://codec-corpus.r2.imazen.org/imazen-26-png-v3/9000-lilith-ai-clipart/9044_gen_clipart_mountain-set_1536x1024.sdr.png
9045	train	9000-lilith-ai-clipart	sdr	9000-lilith-ai-clipart/9045_gen_clipart_mushroom-cluster_1024x1024.sdr.png	https://codec-corpus.r2.imazen.org/imazen-26-png-v3/9000-lilith-ai-clipart/9045_gen_clipart_mushroom-cluster_1024x1024.sdr.png
9046	train	9000-lilith-ai-clipart	sdr	9000-lilith-ai-clipart/9046_gen_clipart_octopus-friend_1024x1024.sdr.png	https://codec-corpus.r2.imazen.org/imazen-26-png-v3/9000-lilith-ai-clipart/9046_gen_clipart_octopus-friend_1024x1024.sdr.png
9047	train	9000-lilith-ai-clipart	sdr	9000-lilith-ai-clipart/9047_gen_clipart_owl-night_1024x1536.sdr.png	https://codec-corpus.r2.imazen.org/imazen-26-png-v3/9000-lilith-ai-clipart/9047_gen_clipart_owl-night_1024x1536.sdr.png
9049	train	9000-lilith-ai-clipart	sdr	9000-lilith-ai-clipart/9049_gen_clipart_panda-bamboo_1024x1536.sdr.png	https://codec-corpus.r2.imazen.org/imazen-26-png-v3/9000-lilith-ai-clipart/9049_gen_clipart_panda-bamboo_1024x1536.sdr.png
9050	train	9000-lilith-ai-clipart	sdr	9000-lilith-ai-clipart/9050_gen_clipart_parrot-tropical_1024x1536.sdr.png	https://codec-corpus.r2.imazen.org/imazen-26-png-v3/9000-lilith-ai-clipart/9050_gen_clipart_parrot-tropical_1024x1536.sdr.png
9053	train	9000-lilith-ai-clipart	sdr	9000-lilith-ai-clipart/9053_gen_clipart_penguin-waddle_1024x1536.sdr.png	https://codec-corpus.r2.imazen.org/imazen-26-png-v3/9000-lilith-ai-clipart/9053_gen_clipart_penguin-waddle_1024x1536.sdr.png
9054	train	9000-lilith-ai-clipart	sdr	9000-lilith-ai-clipart/9054_gen_clipart_pizza-slice_1024x1024.sdr.png	https://codec-corpus.r2.imazen.org/imazen-26-png-v3/9000-lilith-ai-clipart/9054_gen_clipart_pizza-slice_1024x1024.sdr.png
9055	train	9000-lilith-ai-clipart	sdr	9000-lilith-ai-clipart/9055_gen_clipart_rainbow-cloud_1024x1024.sdr.png	https://codec-corpus.r2.imazen.org/imazen-26-png-v3/9000-lilith-ai-clipart/9055_gen_clipart_rainbow-cloud_1024x1024.sdr.png
9057	train	9000-lilith-ai-clipart	sdr	9000-lilith-ai-clipart/9057_gen_clipart_running-shoe_1024x1536.sdr.png	https://codec-corpus.r2.imazen.org/imazen-26-png-v3/9000-lilith-ai-clipart/9057_gen_clipart_running-shoe_1024x1536.sdr.png
9058	train	9000-lilith-ai-clipart	sdr	9000-lilith-ai-clipart/9058_gen_clipart_sandcastle_1024x1536.sdr.png	https://codec-corpus.r2.imazen.org/imazen-26-png-v3/9000-lilith-ai-clipart/9058_gen_clipart_sandcastle_1024x1536.sdr.png
9059	train	9000-lilith-ai-clipart	sdr	9000-lilith-ai-clipart/9059_gen_clipart_scissors-craft_1024x1536.sdr.png	https://codec-corpus.r2.imazen.org/imazen-26-png-v3/9000-lilith-ai-clipart/9059_gen_clipart_scissors-craft_1024x1536.sdr.png
9060	train	9000-lilith-ai-clipart	sdr	9000-lilith-ai-clipart/9060_gen_clipart_shooting-star_1024x1536.sdr.png	https://codec-corpus.r2.imazen.org/imazen-26-png-v3/9000-lilith-ai-clipart/9060_gen_clipart_shooting-star_1024x1536.sdr.png
9061	train	9000-lilith-ai-clipart	sdr	9000-lilith-ai-clipart/9061_gen_clipart_sleeping-fox-curl_1024x1024.sdr.png	https://codec-corpus.r2.imazen.org/imazen-26-png-v3/9000-lilith-ai-clipart/9061_gen_clipart_sleeping-fox-curl_1024x1024.sdr.png
9062	train	9000-lilith-ai-clipart	sdr	9000-lilith-ai-clipart/9062_gen_clipart_smiling-sun_1024x1024.sdr.png	https://codec-corpus.r2.imazen.org/imazen-26-png-v3/9000-lilith-ai-clipart/9062_gen_clipart_smiling-sun_1024x1024.sdr.png
9063	train	9000-lilith-ai-clipart	sdr	9000-lilith-ai-clipart/9063_gen_clipart_smoothie-cup_1024x1536.sdr.png	https://codec-corpus.r2.imazen.org/imazen-26-png-v3/9000-lilith-ai-clipart/9063_gen_clipart_smoothie-cup_1024x1536.sdr.png
9066	train	9000-lilith-ai-clipart	sdr	9000-lilith-ai-clipart/9066_gen_clipart_speech-bubble-hi_1024x1536.sdr.png	https://codec-corpus.r2.imazen.org/imazen-26-png-v3/9000-lilith-ai-clipart/9066_gen_clipart_speech-bubble-hi_1024x1536.sdr.png
9067	train	9000-lilith-ai-clipart	sdr	9000-lilith-ai-clipart/9067_gen_clipart_steaming-ramen-bowl_1024x1024.sdr.png	https://codec-corpus.r2.imazen.org/imazen-26-png-v3/9000-lilith-ai-clipart/9067_gen_clipart_steaming-ramen-bowl_1024x1024.sdr.png
9068	train	9000-lilith-ai-clipart	sdr	9000-lilith-ai-clipart/9068_gen_clipart_succulent-trio_1024x1536.sdr.png	https://codec-corpus.r2.imazen.org/imazen-26-png-v3/9000-lilith-ai-clipart/9068_gen_clipart_succulent-trio_1024x1536.sdr.png
9069	train	9000-lilith-ai-clipart	sdr	9000-lilith-ai-clipart/9069_gen_clipart_suitcase-travel_1024x1024.sdr.png	https://codec-corpus.r2.imazen.org/imazen-26-png-v3/9000-lilith-ai-clipart/9069_gen_clipart_suitcase-travel_1024x1024.sdr.png
9070	train	9000-lilith-ai-clipart	sdr	9000-lilith-ai-clipart/9070_gen_clipart_sunflower-cheerful_1024x1536.sdr.png	https://codec-corpus.r2.imazen.org/imazen-26-png-v3/9000-lilith-ai-clipart/9070_gen_clipart_sunflower-cheerful_1024x1536.sdr.png
9071	train	9000-lilith-ai-clipart	sdr	9000-lilith-ai-clipart/9071_gen_clipart_surfboard-wave_1024x1536.sdr.png	https://codec-corpus.r2.imazen.org/imazen-26-png-v3/9000-lilith-ai-clipart/9071_gen_clipart_surfboard-wave_1024x1536.sdr.png
9072	train	9000-lilith-ai-clipart	sdr	9000-lilith-ai-clipart/9072_gen_clipart_sushi-roll-trio_1024x1536.sdr.png	https://codec-corpus.r2.imazen.org/imazen-26-png-v3/9000-lilith-ai-clipart/9072_gen_clipart_sushi-roll-trio_1024x1536.sdr.png
9074	train	9000-lilith-ai-clipart	sdr	9000-lilith-ai-clipart/9074_gen_clipart_teapot-classic_1024x1536.sdr.png	https://codec-corpus.r2.imazen.org/imazen-26-png-v3/9000-lilith-ai-clipart/9074_gen_clipart_teapot-classic_1024x1536.sdr.png
9075	train	9000-lilith-ai-clipart	sdr	9000-lilith-ai-clipart/9075_gen_clipart_telescope-stars_1024x1536.sdr.png	https://codec-corpus.r2.imazen.org/imazen-26-png-v3/9000-lilith-ai-clipart/9075_gen_clipart_telescope-stars_1024x1536.sdr.png
9076	train	9000-lilith-ai-clipart	sdr	9000-lilith-ai-clipart/9076_gen_clipart_thumbs-up-hand_1024x1536.sdr.png	https://codec-corpus.r2.imazen.org/imazen-26-png-v3/9000-lilith-ai-clipart/9076_gen_clipart_thumbs-up-hand_1024x1536.sdr.png
9077	train	9000-lilith-ai-clipart	sdr	9000-lilith-ai-clipart/9077_gen_clipart_tiny-shiba-sticker_1024x1024.sdr.png	https://codec-corpus.r2.imazen.org/imazen-26-png-v3/9000-lilith-ai-clipart/9077_gen_clipart_tiny-shiba-sticker_1024x1024.sdr.png
9079	train	9000-lilith-ai-clipart	sdr	9000-lilith-ai-clipart/9079_gen_clipart_turtle-shell-pattern_1024x1536.sdr.png	https://codec-corpus.r2.imazen.org/imazen-26-png-v3/9000-lilith-ai-clipart/9079_gen_clipart_turtle-shell-pattern_1024x1536.sdr.png
9080	train	9000-lilith-ai-clipart	sdr	9000-lilith-ai-clipart/9080_gen_clipart_vintage-camera_1024x1024.sdr.png	https://codec-corpus.r2.imazen.org/imazen-26-png-v3/9000-lilith-ai-clipart/9080_gen_clipart_vintage-camera_1024x1024.sdr.png
9081	train	9000-lilith-ai-clipart	sdr	9000-lilith-ai-clipart/9081_gen_clipart_vinyl-record_1024x1536.sdr.png	https://codec-corpus.r2.imazen.org/imazen-26-png-v3/9000-lilith-ai-clipart/9081_gen_clipart_vinyl-record_1024x1536.sdr.png
9082	train	9000-lilith-ai-clipart	sdr	9000-lilith-ai-clipart/9082_gen_clipart_watermelon-slice-face_1024x1024.sdr.png	https://codec-corpus.r2.imazen.org/imazen-26-png-v3/9000-lilith-ai-clipart/9082_gen_clipart_watermelon-slice-face_1024x1024.sdr.png
9083	train	9000-lilith-ai-clipart	sdr	9000-lilith-ai-clipart/9083_gen_clipart_whale-spout_1024x1536.sdr.png	https://codec-corpus.r2.imazen.org/imazen-26-png-v3/9000-lilith-ai-clipart/9083_gen_clipart_whale-spout_1024x1536.sdr.png
9084	train	9000-lilith-ai-clipart	sdr	9000-lilith-ai-clipart/9084_gen_clipart_yoga-mat-roll_1024x1536.sdr.png	https://codec-corpus.r2.imazen.org/imazen-26-png-v3/9000-lilith-ai-clipart/9084_gen_clipart_yoga-mat-roll_1024x1536.sdr.png
9085	train	9000-lilith-ai-clipart	sdr	9000-lilith-ai-clipart/9085_gen_clipart_manga-chibi-mascot-wave_1024x1024.sdr.png	https://codec-corpus.r2.imazen.org/imazen-26-png-v3/9000-lilith-ai-clipart/9085_gen_clipart_manga-chibi-mascot-wave_1024x1024.sdr.png
9094	train	9094-lilith-ai-illustrations	sdr	9094-lilith-ai-illustrations/9094_gen_illustrations_abstract-floral-gouache_1024x1536.sdr.png	https://codec-corpus.r2.imazen.org/imazen-26-png-v3/9094-lilith-ai-illustrations/9094_gen_illustrations_abstract-floral-gouache_1024x1536.sdr.png
9095	train	9094-lilith-ai-illustrations	sdr	9094-lilith-ai-illustrations/9095_gen_illustrations_after-rain-street_1024x1536.sdr.png	https://codec-corpus.r2.imazen.org/imazen-26-png-v3/9094-lilith-ai-illustrations/9095_gen_illustrations_after-rain-street_1024x1536.sdr.png
9096	train	9094-lilith-ai-illustrations	sdr	9094-lilith-ai-illustrations/9096_gen_illustrations_alpine-meadow-summer_1024x1536.sdr.png	https://codec-corpus.r2.imazen.org/imazen-26-png-v3/9094-lilith-ai-illustrations/9096_gen_illustrations_alpine-meadow-summer_1024x1536.sdr.png
9097	train	9094-lilith-ai-illustrations	sdr	9094-lilith-ai-illustrations/9097_gen_illustrations_autumn-deciduous-path_1024x1536.sdr.png	https://codec-corpus.r2.imazen.org/imazen-26-png-v3/9094-lilith-ai-illustrations/9097_gen_illustrations_autumn-deciduous-path_1024x1536.sdr.png
9098	train	9094-lilith-ai-illustrations	sdr	9094-lilith-ai-illustrations/9098_gen_illustrations_baker-flour-dust-light_1024x1536.sdr.png	https://codec-corpus.r2.imazen.org/imazen-26-png-v3/9094-lilith-ai-illustrations/9098_gen_illustrations_baker-flour-dust-light_1024x1536.sdr.png
9099	train	9094-lilith-ai-illustrations	sdr	9094-lilith-ai-illustrations/9099_gen_illustrations_ballet-shoes-ribbon-flat-lay_1024x1536.sdr.png	https://codec-corpus.r2.imazen.org/imazen-26-png-v3/9094-lilith-ai-illustrations/9099_gen_illustrations_ballet-shoes-ribbon-flat-lay_1024x1536.sdr.png
9100	train	9094-lilith-ai-illustrations	sdr	9094-lilith-ai-illustrations/9100_gen_illustrations_bath-candles-evening_1024x1536.sdr.png	https://codec-corpus.r2.imazen.org/imazen-26-png-v3/9094-lilith-ai-illustrations/9100_gen_illustrations_bath-candles-evening_1024x1536.sdr.png
9101	train	9094-lilith-ai-illustrations	sdr	9094-lilith-ai-illustrations/9101_gen_illustrations_bear-walking-through-ferns_1024x1536.sdr.png	https://codec-corpus.r2.imazen.org/imazen-26-png-v3/9094-lilith-ai-illustrations/9101_gen_illustrations_bear-walking-through-ferns_1024x1536.sdr.png
9102	train	9094-lilith-ai-illustrations	sdr	9094-lilith-ai-illustrations/9102_gen_illustrations_bicycle-fruit-crates-wall_1024x1536.sdr.png	https://codec-corpus.r2.imazen.org/imazen-26-png-v3/9094-lilith-ai-illustrations/9102_gen_illustrations_bicycle-fruit-crates-wall_1024x1536.sdr.png
9105	train	9094-lilith-ai-illustrations	sdr	9094-lilith-ai-illustrations/9105_gen_illustrations_cheese-board-pears_1024x1536.sdr.png	https://codec-corpus.r2.imazen.org/imazen-26-png-v3/9094-lilith-ai-illustrations/9105_gen_illustrations_cheese-board-pears_1024x1536.sdr.png
9106	train	9094-lilith-ai-illustrations	sdr	9094-lilith-ai-illustrations/9106_gen_illustrations_child-fox-snowy-forest_1024x1536.sdr.png	https://codec-corpus.r2.imazen.org/imazen-26-png-v3/9094-lilith-ai-illustrations/9106_gen_illustrations_child-fox-snowy-forest_1024x1536.sdr.png
9108	train	9094-lilith-ai-illustrations	sdr	9094-lilith-ai-illustrations/9108_gen_illustrations_citrus-harvest-table_1024x1536.sdr.png	https://codec-corpus.r2.imazen.org/imazen-26-png-v3/9094-lilith-ai-illustrations/9108_gen_illustrations_citrus-harvest-table_1024x1536.sdr.png
9109	train	9094-lilith-ai-illustrations	sdr	9094-lilith-ai-illustrations/9109_gen_illustrations_coastal-cliff-seabirds_1024x1536.sdr.png	https://codec-corpus.r2.imazen.org/imazen-26-png-v3/9094-lilith-ai-illustrations/9109_gen_illustrations_coastal-cliff-seabirds_1024x1536.sdr.png
9110	train	9094-lilith-ai-illustrations	sdr	9094-lilith-ai-illustrations/9110_gen_illustrations_coffee-shop-dusk_1536x1024.sdr.png	https://codec-corpus.r2.imazen.org/imazen-26-png-v3/9094-lilith-ai-illustrations/9110_gen_illustrations_coffee-shop-dusk_1536x1024.sdr.png
9111	train	9094-lilith-ai-illustrations	sdr	9094-lilith-ai-illustrations/9111_gen_illustrations_constellation-myth-map_1024x1536.sdr.png	https://codec-corpus.r2.imazen.org/imazen-26-png-v3/9094-lilith-ai-illustrations/9111_gen_illustrations_constellation-myth-map_1024x1536.sdr.png
9113	train	9094-lilith-ai-illustrations	sdr	9094-lilith-ai-illustrations/9113_gen_illustrations_cyclist-bridge-golden-hour_1536x1024.sdr.png	https://codec-corpus.r2.imazen.org/imazen-26-png-v3/9094-lilith-ai-illustrations/9113_gen_illustrations_cyclist-bridge-golden-hour_1536x1024.sdr.png
9115	train	9094-lilith-ai-illustrations	sdr	9094-lilith-ai-illustrations/9115_gen_illustrations_dancer-mid-pose-studio_1024x1536.sdr.png	https://codec-corpus.r2.imazen.org/imazen-26-png-v3/9094-lilith-ai-illustrations/9115_gen_illustrations_dancer-mid-pose-studio_1024x1536.sdr.png
9116	train	9094-lilith-ai-illustrations	sdr	9094-lilith-ai-illustrations/9116_gen_illustrations_desert-twilight-saguaro_1024x1536.sdr.png	https://codec-corpus.r2.imazen.org/imazen-26-png-v3/9094-lilith-ai-illustrations/9116_gen_illustrations_desert-twilight-saguaro_1024x1536.sdr.png
9117	train	9094-lilith-ai-illustrations	sdr	9094-lilith-ai-illustrations/9117_gen_illustrations_evening-writing-desk_1024x1536.sdr.png	https://codec-corpus.r2.imazen.org/imazen-26-png-v3/9094-lilith-ai-illustrations/9117_gen_illustrations_evening-writing-desk_1024x1536.sdr.png
9118	train	9094-lilith-ai-illustrations	sdr	9094-lilith-ai-illustrations/9118_gen_illustrations_farmers-market-stall_1536x1024.sdr.png	https://codec-corpus.r2.imazen.org/imazen-26-png-v3/9094-lilith-ai-illustrations/9118_gen_illustrations_farmers-market-stall_1536x1024.sdr.png
9119	train	9094-lilith-ai-illustrations	sdr	9094-lilith-ai-illustrations/9119_gen_illustrations_figure-with-stars-shoulders_1024x1536.sdr.png	https://codec-corpus.r2.imazen.org/imazen-26-png-v3/9094-lilith-ai-illustrations/9119_gen_illustrations_figure-with-stars-shoulders_1024x1536.sdr.png
9120	train	9094-lilith-ai-illustrations	sdr	9094-lilith-ai-illustrations/9120_gen_illustrations_fog-bound-lake_1024x1536.sdr.png	https://codec-corpus.r2.imazen.org/imazen-26-png-v3/9094-lilith-ai-illustrations/9120_gen_illustrations_fog-bound-lake_1024x1536.sdr.png
9121	train	9094-lilith-ai-illustrations	sdr	9094-lilith-ai-illustrations/9121_gen_illustrations_fox-in-autumn-leaves_1024x1536.sdr.png	https://codec-corpus.r2.imazen.org/imazen-26-png-v3/9094-lilith-ai-illustrations/9121_gen_illustrations_fox-in-autumn-leaves_1024x1536.sdr.png
9122	train	9094-lilith-ai-illustrations	sdr	9094-lilith-ai-illustrations/9122_gen_illustrations_fox-resting-winter_1024x1536.sdr.png	https://codec-corpus.r2.imazen.org/imazen-26-png-v3/9094-lilith-ai-illustrations/9122_gen_illustrations_fox-resting-winter_1024x1536.sdr.png
9123	train	9094-lilith-ai-illustrations	sdr	9094-lilith-ai-illustrations/9123_gen_illustrations_gardener-pulling-carrots_1024x1536.sdr.png	https://codec-corpus.r2.imazen.org/imazen-26-png-v3/9094-lilith-ai-illustrations/9123_gen_illustrations_gardener-pulling-carrots_1024x1536.sdr.png
9125	train	9094-lilith-ai-illustrations	sdr	9094-lilith-ai-illustrations/9125_gen_illustrations_herb-garden-windowsill_1024x1536.sdr.png	https://codec-corpus.r2.imazen.org/imazen-26-png-v3/9094-lilith-ai-illustrations/9125_gen_illustrations_herb-garden-windowsill_1024x1536.sdr.png
9127	train	9094-lilith-ai-illustrations	sdr	9094-lilith-ai-illustrations/9127_gen_illustrations_hummingbird-at-flower_1024x1536.sdr.png	https://codec-corpus.r2.imazen.org/imazen-26-png-v3/9094-lilith-ai-illustrations/9127_gen_illustrations_hummingbird-at-flower_1024x1536.sdr.png
9128	train	9094-lilith-ai-illustrations	sdr	9094-lilith-ai-illustrations/9128_gen_illustrations_invented-tarot-card_1024x1536.sdr.png	https://codec-corpus.r2.imazen.org/imazen-26-png-v3/9094-lilith-ai-illustrations/9128_gen_illustrations_invented-tarot-card_1024x1536.sdr.png
9129	train	9094-lilith-ai-illustrations	sdr	9094-lilith-ai-illustrations/9129_gen_illustrations_jazz-bar-trio_1536x1024.sdr.png	https://codec-corpus.r2.imazen.org/imazen-26-png-v3/9094-lilith-ai-illustrations/9129_gen_illustrations_jazz-bar-trio_1536x1024.sdr.png
9130	train	9094-lilith-ai-illustrations	sdr	9094-lilith-ai-illustrations/9130_gen_illustrations_kitchen-dawn-kettle-steam_1024x1536.sdr.png	https://codec-corpus.r2.imazen.org/imazen-26-png-v3/9094-lilith-ai-illustrations/9130_gen_illustrations_kitchen-dawn-kettle-steam_1024x1536.sdr.png
9131	train	9094-lilith-ai-illustrations	sdr	9094-lilith-ai-illustrations/9131_gen_illustrations_knitting-basket-cat_1024x1536.sdr.png	https://codec-corpus.r2.imazen.org/imazen-26-png-v3/9094-lilith-ai-illustrations/9131_gen_illustrations_knitting-basket-cat_1024x1536.sdr.png
9132	train	9094-lilith-ai-illustrations	sdr	9094-lilith-ai-illustrations/9132_gen_illustrations_market-vegetable-basket_1024x1536.sdr.png	https://codec-corpus.r2.imazen.org/imazen-26-png-v3/9094-lilith-ai-illustrations/9132_gen_illustrations_market-vegetable-basket_1024x1536.sdr.png
9133	train	9094-lilith-ai-illustrations	sdr	9094-lilith-ai-illustrations/9133_gen_illustrations_mother-braiding-daughter-hair_1024x1536.sdr.png	https://codec-corpus.r2.imazen.org/imazen-26-png-v3/9094-lilith-ai-illustrations/9133_gen_illustrations_mother-braiding-daughter-hair_1024x1536.sdr.png
9134	train	9094-lilith-ai-illustrations	sdr	9094-lilith-ai-illustrations/9134_gen_illustrations_night-market-lanterns_1024x1536.sdr.png	https://codec-corpus.r2.imazen.org/imazen-26-png-v3/9094-lilith-ai-illustrations/9134_gen_illustrations_night-market-lanterns_1024x1536.sdr.png
9135	train	9094-lilith-ai-illustrations	sdr	9094-lilith-ai-illustrations/9135_gen_illustrations_old-fisherman-river_1024x1536.sdr.png	https://codec-corpus.r2.imazen.org/imazen-26-png-v3/9094-lilith-ai-illustrations/9135_gen_illustrations_old-fisherman-river_1024x1536.sdr.png
9136	train	9094-lilith-ai-illustrations	sdr	9094-lilith-ai-illustrations/9136_gen_illustrations_paper-lantern-festival_1024x1536.sdr.png	https://codec-corpus.r2.imazen.org/imazen-26-png-v3/9094-lilith-ai-illustrations/9136_gen_illustrations_paper-lantern-festival_1024x1536.sdr.png
9137	train	9094-lilith-ai-illustrations	sdr	9094-lilith-ai-illustrations/9137_gen_illustrations_perched-owl-portrait_1024x1536.sdr.png	https://codec-corpus.r2.imazen.org/imazen-26-png-v3/9094-lilith-ai-illustrations/9137_gen_illustrations_perched-owl-portrait_1024x1536.sdr.png
9138	train	9094-lilith-ai-illustrations	sdr	9094-lilith-ai-illustrations/9138_gen_illustrations_plant-watering-ritual_1024x1536.sdr.png	https://codec-corpus.r2.imazen.org/imazen-26-png-v3/9094-lilith-ai-illustrations/9138_gen_illustrations_plant-watering-ritual_1024x1536.sdr.png
9139	train	9094-lilith-ai-illustrations	sdr	9094-lilith-ai-illustrations/9139_gen_illustrations_rainy-cafe-from-outside_1024x1536.sdr.png	https://codec-corpus.r2.imazen.org/imazen-26-png-v3/9094-lilith-ai-illustrations/9139_gen_illustrations_rainy-cafe-from-outside_1024x1536.sdr.png
9140	train	9094-lilith-ai-illustrations	sdr	9094-lilith-ai-illustrations/9140_gen_illustrations_reading-nook-hot-chocolate_1024x1536.sdr.png	https://codec-corpus.r2.imazen.org/imazen-26-png-v3/9094-lilith-ai-illustrations/9140_gen_illustrations_reading-nook-hot-chocolate_1024x1536.sdr.png
9141	train	9094-lilith-ai-illustrations	sdr	9094-lilith-ai-illustrations/9141_gen_illustrations_river-fishing-bend_1024x1536.sdr.png	https://codec-corpus.r2.imazen.org/imazen-26-png-v3/9094-lilith-ai-illustrations/9141_gen_illustrations_river-fishing-bend_1024x1536.sdr.png
9143	train	9094-lilith-ai-illustrations	sdr	9094-lilith-ai-illustrations/9143_gen_illustrations_runner-golden-field_1024x1536.sdr.png	https://codec-corpus.r2.imazen.org/imazen-26-png-v3/9094-lilith-ai-illustrations/9143_gen_illustrations_runner-golden-field_1024x1536.sdr.png
9144	train	9094-lilith-ai-illustrations	sdr	9094-lilith-ai-illustrations/9144_gen_illustrations_runway-coat-figure_1024x1536.sdr.png	https://codec-corpus.r2.imazen.org/imazen-26-png-v3/9094-lilith-ai-illustrations/9144_gen_illustrations_runway-coat-figure_1024x1536.sdr.png
9146	train	9094-lilith-ai-illustrations	sdr	9094-lilith-ai-illustrations/9146_gen_illustrations_snowy-village-overhead_1024x1536.sdr.png	https://codec-corpus.r2.imazen.org/imazen-26-png-v3/9094-lilith-ai-illustrations/9146_gen_illustrations_snowy-village-overhead_1024x1536.sdr.png
9147	train	9094-lilith-ai-illustrations	sdr	9094-lilith-ai-illustrations/9147_gen_illustrations_street-style-modern-sketch_1024x1536.sdr.png	https://codec-corpus.r2.imazen.org/imazen-26-png-v3/9094-lilith-ai-illustrations/9147_gen_illustrations_street-style-modern-sketch_1024x1536.sdr.png
9148	train	9094-lilith-ai-illustrations	sdr	9094-lilith-ai-illustrations/9148_gen_illustrations_subway-commuter-sketch_1024x1536.sdr.png	https://codec-corpus.r2.imazen.org/imazen-26-png-v3/9094-lilith-ai-illustrations/9148_gen_illustrations_subway-commuter-sketch_1024x1536.sdr.png
9149	train	9094-lilith-ai-illustrations	sdr	9094-lilith-ai-illustrations/9149_gen_illustrations_summer-wheat-field_1024x1536.sdr.png	https://codec-corpus.r2.imazen.org/imazen-26-png-v3/9094-lilith-ai-illustrations/9149_gen_illustrations_summer-wheat-field_1024x1536.sdr.png
9151	train	9094-lilith-ai-illustrations	sdr	9094-lilith-ai-illustrations/9151_gen_illustrations_swimming-otter_1024x1536.sdr.png	https://codec-corpus.r2.imazen.org/imazen-26-png-v3/9094-lilith-ai-illustrations/9151_gen_illustrations_swimming-otter_1024x1536.sdr.png
9152	train	9094-lilith-ai-illustrations	sdr	9094-lilith-ai-illustrations/9152_gen_illustrations_taxi-rainy-evening_1024x1536.sdr.png	https://codec-corpus.r2.imazen.org/imazen-26-png-v3/9094-lilith-ai-illustrations/9152_gen_illustrations_taxi-rainy-evening_1024x1536.sdr.png
9153	train	9094-lilith-ai-illustrations	sdr	9094-lilith-ai-illustrations/9153_gen_illustrations_tea-ceremony-quiet_1024x1536.sdr.png	https://codec-corpus.r2.imazen.org/imazen-26-png-v3/9094-lilith-ai-illustrations/9153_gen_illustrations_tea-ceremony-quiet_1024x1536.sdr.png
9154	train	9094-lilith-ai-illustrations	sdr	9094-lilith-ai-illustrations/9154_gen_illustrations_tiny-mossy-friend_1024x1536.sdr.png	https://codec-corpus.r2.imazen.org/imazen-26-png-v3/9094-lilith-ai-illustrations/9154_gen_illustrations_tiny-mossy-friend_1024x1536.sdr.png
9155	train	9094-lilith-ai-illustrations	sdr	9094-lilith-ai-illustrations/9155_gen_illustrations_urban-garden-patio_1024x1536.sdr.png	https://codec-corpus.r2.imazen.org/imazen-26-png-v3/9094-lilith-ai-illustrations/9155_gen_illustrations_urban-garden-patio_1024x1536.sdr.png
9157	train	9094-lilith-ai-illustrations	sdr	9094-lilith-ai-illustrations/9157_gen_illustrations_vintage-travel-poster-mountain_1024x1536.sdr.png	https://codec-corpus.r2.imazen.org/imazen-26-png-v3/9094-lilith-ai-illustrations/9157_gen_illustrations_vintage-travel-poster-mountain_1024x1536.sdr.png
9159	train	9094-lilith-ai-illustrations	sdr	9094-lilith-ai-illustrations/9159_gen_illustrations_watercolor-fashion-summer-dress_1024x1536.sdr.png	https://codec-corpus.r2.imazen.org/imazen-26-png-v3/9094-lilith-ai-illustrations/9159_gen_illustrations_watercolor-fashion-summer-dress_1024x1536.sdr.png
9161	train	9094-lilith-ai-illustrations	sdr	9094-lilith-ai-illustrations/9161_gen_illustrations_woman-cat-lap-reading_1024x1536.sdr.png	https://codec-corpus.r2.imazen.org/imazen-26-png-v3/9094-lilith-ai-illustrations/9161_gen_illustrations_woman-cat-lap-reading_1024x1536.sdr.png
9163	train	9094-lilith-ai-illustrations	sdr	9094-lilith-ai-illustrations/9163_gen_illustrations_manga-after-battle-rest_1536x1024.sdr.png	https://codec-corpus.r2.imazen.org/imazen-26-png-v3/9094-lilith-ai-illustrations/9163_gen_illustrations_manga-after-battle-rest_1536x1024.sdr.png
9164	train	9094-lilith-ai-illustrations	sdr	9094-lilith-ai-illustrations/9164_gen_illustrations_manga-battle-shonen-whoosh_1024x1536.sdr.png	https://codec-corpus.r2.imazen.org/imazen-26-png-v3/9094-lilith-ai-illustrations/9164_gen_illustrations_manga-battle-shonen-whoosh_1024x1536.sdr.png
9165	train	9094-lilith-ai-illustrations	sdr	9094-lilith-ai-illustrations/9165_gen_illustrations_manga-heroine-catching-key_1024x1536.sdr.png	https://codec-corpus.r2.imazen.org/imazen-26-png-v3/9094-lilith-ai-illustrations/9165_gen_illustrations_manga-heroine-catching-key_1024x1536.sdr.png
9166	train	9094-lilith-ai-illustrations	sdr	9094-lilith-ai-illustrations/9166_gen_illustrations_manga-magical-girl-transformation_1024x1536.sdr.png	https://codec-corpus.r2.imazen.org/imazen-26-png-v3/9094-lilith-ai-illustrations/9166_gen_illustrations_manga-magical-girl-transformation_1024x1536.sdr.png
9168	train	9094-lilith-ai-illustrations	sdr	9094-lilith-ai-illustrations/9168_gen_illustrations_manga-yatai-noodles-slice-of-life_1536x1024.sdr.png	https://codec-corpus.r2.imazen.org/imazen-26-png-v3/9094-lilith-ai-illustrations/9168_gen_illustrations_manga-yatai-noodles-slice-of-life_1536x1024.sdr.png
9226	train	9226-lilith-ai-products	sdr	9226-lilith-ai-products/accessories/9226_gen_products-accessories_amethyst-slouchy-shoulder-bag_p0001_2160x3840.sdr.png	https://codec-corpus.r2.imazen.org/imazen-26-png-v3/9226-lilith-ai-products/accessories/9226_gen_products-accessories_amethyst-slouchy-shoulder-bag_p0001_2160x3840.sdr.png
9227	train	9226-lilith-ai-products	sdr	9226-lilith-ai-products/accessories/9227_gen_products-accessories_bucket-hat-checkerboard_p0002_1024x1536.sdr.png	https://codec-corpus.r2.imazen.org/imazen-26-png-v3/9226-lilith-ai-products/accessories/9227_gen_products-accessories_bucket-hat-checkerboard_p0002_1024x1536.sdr.png
9228	train	9226-lilith-ai-products	sdr	9226-lilith-ai-products/accessories/9228_gen_products-accessories_cateye-sunglasses_p0003_3840x2160.sdr.png	https://codec-corpus.r2.imazen.org/imazen-26-png-v3/9226-lilith-ai-products/accessories/9228_gen_products-accessories_cateye-sunglasses_p0003_3840x2160.sdr.png
9229	train	9226-lilith-ai-products	sdr	9226-lilith-ai-products/accessories/9229_gen_products-accessories_chunky-gold-statement-necklace_p0004_2880x2880.sdr.png	https://codec-corpus.r2.imazen.org/imazen-26-png-v3/9226-lilith-ai-products/accessories/9229_gen_products-accessories_chunky-gold-statement-necklace_p0004_2880x2880.sdr.png
9231	train	9226-lilith-ai-products	sdr	9226-lilith-ai-products/accessories/9231_gen_products-accessories_cognac-crossbody_p0006_1024x1536.sdr.png	https://codec-corpus.r2.imazen.org/imazen-26-png-v3/9226-lilith-ai-products/accessories/9231_gen_products-accessories_cognac-crossbody_p0006_1024x1536.sdr.png
9232	train	9226-lilith-ai-products	sdr	9226-lilith-ai-products/accessories/9232_gen_products-accessories_cognac-crossbody_detail_p0006_3840x2160.sdr.png	https://codec-corpus.r2.imazen.org/imazen-26-png-v3/9226-lilith-ai-products/accessories/9232_gen_products-accessories_cognac-crossbody_detail_p0006_3840x2160.sdr.png
9233	train	9226-lilith-ai-products	sdr	9226-lilith-ai-products/accessories/9233_gen_products-accessories_enamel-pin-set-product_p0007_1024x1024.sdr.png	https://codec-corpus.r2.imazen.org/imazen-26-png-v3/9226-lilith-ai-products/accessories/9233_gen_products-accessories_enamel-pin-set-product_p0007_1024x1024.sdr.png
9234	train	9226-lilith-ai-products	sdr	9226-lilith-ai-products/accessories/9234_gen_products-accessories_fuchsia-shoulder-bag_p0008_2160x3840.sdr.png	https://codec-corpus.r2.imazen.org/imazen-26-png-v3/9226-lilith-ai-products/accessories/9234_gen_products-accessories_fuchsia-shoulder-bag_p0008_2160x3840.sdr.png
9235	train	9226-lilith-ai-products	sdr	9226-lilith-ai-products/accessories/9235_gen_products-accessories_kelly-green-mini-tote_p0009_1024x1536.sdr.png	https://codec-corpus.r2.imazen.org/imazen-26-png-v3/9226-lilith-ai-products/accessories/9235_gen_products-accessories_kelly-green-mini-tote_p0009_1024x1536.sdr.png
9236	train	9226-lilith-ai-products	sdr	9226-lilith-ai-products/accessories/9236_gen_products-accessories_knit-beanie-strawberry_p0010_1024x1536.sdr.png	https://codec-corpus.r2.imazen.org/imazen-26-png-v3/9226-lilith-ai-products/accessories/9236_gen_products-accessories_knit-beanie-strawberry_p0010_1024x1536.sdr.png
9237	train	9226-lilith-ai-products	sdr	9226-lilith-ai-products/accessories/9237_gen_products-accessories_marigold-statement-belt_p0011_3840x2160.sdr.png	https://codec-corpus.r2.imazen.org/imazen-26-png-v3/9226-lilith-ai-products/accessories/9237_gen_products-accessories_marigold-statement-belt_p0011_3840x2160.sdr.png
9238	train	9226-lilith-ai-products	sdr	9226-lilith-ai-products/accessories/9238_gen_products-accessories_merch-canvas-tote_p0012_1152x2048.sdr.png	https://codec-corpus.r2.imazen.org/imazen-26-png-v3/9226-lilith-ai-products/accessories/9238_gen_products-accessories_merch-canvas-tote_p0012_1152x2048.sdr.png
9239	train	9226-lilith-ai-products	sdr	9226-lilith-ai-products/accessories/9239_gen_products-accessories_merch-enamel-pins_flat_p0013_2048x1152.sdr.png	https://codec-corpus.r2.imazen.org/imazen-26-png-v3/9226-lilith-ai-products/accessories/9239_gen_products-accessories_merch-enamel-pins_flat_p0013_2048x1152.sdr.png
9240	train	9226-lilith-ai-products	sdr	9226-lilith-ai-products/accessories/9240_gen_products-accessories_merch-sticker-sheet_flat_p0014_2048x2048.sdr.png	https://codec-corpus.r2.imazen.org/imazen-26-png-v3/9226-lilith-ai-products/accessories/9240_gen_products-accessories_merch-sticker-sheet_flat_p0014_2048x2048.sdr.png
9241	train	9226-lilith-ai-products	sdr	9226-lilith-ai-products/accessories/9241_gen_products-accessories_merch-tote-mug-set_flat_p0015_2048x1152.sdr.png	https://codec-corpus.r2.imazen.org/imazen-26-png-v3/9226-lilith-ai-products/accessories/9241_gen_products-accessories_merch-tote-mug-set_flat_p0015_2048x1152.sdr.png
9243	train	9226-lilith-ai-products	sdr	9226-lilith-ai-products/accessories/9243_gen_products-accessories_pearl-pendant-asymmetric_p0017_1024x1024.sdr.png	https://codec-corpus.r2.imazen.org/imazen-26-png-v3/9226-lilith-ai-products/accessories/9243_gen_products-accessories_pearl-pendant-asymmetric_p0017_1024x1024.sdr.png
9244	train	9226-lilith-ai-products	sdr	9226-lilith-ai-products/accessories/9244_gen_products-accessories_red-butterfly-shield-sunglasses_p0018_3840x2160.sdr.png	https://codec-corpus.r2.imazen.org/imazen-26-png-v3/9226-lilith-ai-products/accessories/9244_gen_products-accessories_red-butterfly-shield-sunglasses_p0018_3840x2160.sdr.png
9246	train	9226-lilith-ai-products	sdr	9226-lilith-ai-products/accessories/9246_gen_products-accessories_ruby-croc-bowler-bag_detail_p0019_3840x2160.sdr.png	https://codec-corpus.r2.imazen.org/imazen-26-png-v3/9226-lilith-ai-products/accessories/9246_gen_products-accessories_ruby-croc-bowler-bag_detail_p0019_3840x2160.sdr.png
9247	train	9226-lilith-ai-products	sdr	9226-lilith-ai-products/accessories/9247_gen_products-accessories_sculptural-gold-hoops_p0020_2880x2880.sdr.png	https://codec-corpus.r2.imazen.org/imazen-26-png-v3/9226-lilith-ai-products/accessories/9247_gen_products-accessories_sculptural-gold-hoops_p0020_2880x2880.sdr.png
9248	train	9226-lilith-ai-products	sdr	9226-lilith-ai-products/accessories/9248_gen_products-accessories_sticker-pack-flatlay_p0021_1024x1024.sdr.png	https://codec-corpus.r2.imazen.org/imazen-26-png-v3/9226-lilith-ai-products/accessories/9248_gen_products-accessories_sticker-pack-flatlay_p0021_1024x1024.sdr.png
9249	train	9226-lilith-ai-products	sdr	9226-lilith-ai-products/accessories/9249_gen_products-accessories_straw-sun-hat_p0022_2048x2048.sdr.png	https://codec-corpus.r2.imazen.org/imazen-26-png-v3/9226-lilith-ai-products/accessories/9249_gen_products-accessories_straw-sun-hat_p0022_2048x2048.sdr.png
9250	train	9226-lilith-ai-products	sdr	9226-lilith-ai-products/accessories/9250_gen_products-accessories_straw-sun-hat_p0022_2048x2048.sdr.png	https://codec-corpus.r2.imazen.org/imazen-26-png-v3/9226-lilith-ai-products/accessories/9250_gen_products-accessories_straw-sun-hat_p0022_2048x2048.sdr.png
9251	train	9226-lilith-ai-products	sdr	9226-lilith-ai-products/accessories/9251_gen_products-accessories_straw-tote-bag-natural_p0023_4096x4096.sdr.png	https://codec-corpus.r2.imazen.org/imazen-26-png-v3/9226-lilith-ai-products/accessories/9251_gen_products-accessories_straw-tote-bag-natural_p0023_4096x4096.sdr.png
9252	train	9226-lilith-ai-products	sdr	9226-lilith-ai-products/accessories/9252_gen_products-accessories_tomato-statement-earrings_p0024_1024x1024.sdr.png	https://codec-corpus.r2.imazen.org/imazen-26-png-v3/9226-lilith-ai-products/accessories/9252_gen_products-accessories_tomato-statement-earrings_p0024_1024x1024.sdr.png
9253	train	9226-lilith-ai-products	sdr	9226-lilith-ai-products/accessories/9253_gen_products-accessories_tortoiseshell-cat-eye-sunglasses_p0025_1536x1024.sdr.png	https://codec-corpus.r2.imazen.org/imazen-26-png-v3/9226-lilith-ai-products/accessories/9253_gen_products-accessories_tortoiseshell-cat-eye-sunglasses_p0025_1536x1024.sdr.png
9254	train	9226-lilith-ai-products	sdr	9226-lilith-ai-products/accessories/9254_gen_products-accessories_tote-bag-bookish-merch_p0026_1024x1536.sdr.png	https://codec-corpus.r2.imazen.org/imazen-26-png-v3/9226-lilith-ai-products/accessories/9254_gen_products-accessories_tote-bag-bookish-merch_p0026_1024x1536.sdr.png
9255	train	9226-lilith-ai-products	sdr	9226-lilith-ai-products/accessories/9255_gen_products-accessories_weekender-bag-canvas-product_p0027_1536x1024.sdr.png	https://codec-corpus.r2.imazen.org/imazen-26-png-v3/9226-lilith-ai-products/accessories/9255_gen_products-accessories_weekender-bag-canvas-product_p0027_1536x1024.sdr.png
9256	train	9226-lilith-ai-products	sdr	9226-lilith-ai-products/accessories/9256_gen_products-accessories_wide-brim-coral-felt-hat_p0028_1024x1536.sdr.png	https://codec-corpus.r2.imazen.org/imazen-26-png-v3/9226-lilith-ai-products/accessories/9256_gen_products-accessories_wide-brim-coral-felt-hat_p0028_1024x1536.sdr.png
9257	train	9226-lilith-ai-products	sdr	9226-lilith-ai-products/accessories/9257_gen_products-accessories_woven-beach-tote_p0029_1536x2816.sdr.png	https://codec-corpus.r2.imazen.org/imazen-26-png-v3/9226-lilith-ai-products/accessories/9257_gen_products-accessories_woven-beach-tote_p0029_1536x2816.sdr.png
9258	train	9226-lilith-ai-products	sdr	9226-lilith-ai-products/baby/9258_gen_products-baby_animal-bodysuit-3pack_flat_p0030_4096x4096.sdr.png	https://codec-corpus.r2.imazen.org/imazen-26-png-v3/9226-lilith-ai-products/baby/9258_gen_products-baby_animal-bodysuit-3pack_flat_p0030_4096x4096.sdr.png
9259	train	9226-lilith-ai-products	sdr	9226-lilith-ai-products/baby/9259_gen_products-baby_bib-multipack-six-prints_flat_p0031_1536x1024.sdr.png	https://codec-corpus.r2.imazen.org/imazen-26-png-v3/9226-lilith-ai-products/baby/9259_gen_products-baby_bib-multipack-six-prints_flat_p0031_1536x1024.sdr.png
9260	train	9226-lilith-ai-products	sdr	9226-lilith-ai-products/baby/9260_gen_products-baby_blanket-receiving-sun-print_flat_p0032_1024x1024.sdr.png	https://codec-corpus.r2.imazen.org/imazen-26-png-v3/9226-lilith-ai-products/baby/9260_gen_products-baby_blanket-receiving-sun-print_flat_p0032_1024x1024.sdr.png
9261	train	9226-lilith-ai-products	sdr	9226-lilith-ai-products/baby/9261_gen_products-baby_burp-cloth-set-four_flat_p0033_1536x1024.sdr.png	https://codec-corpus.r2.imazen.org/imazen-26-png-v3/9226-lilith-ai-products/baby/9261_gen_products-baby_burp-cloth-set-four_flat_p0033_1536x1024.sdr.png
9262	train	9226-lilith-ai-products	sdr	9226-lilith-ai-products/baby/9262_gen_products-baby_cardigan-cream-cable_flat_p0034_1024x1536.sdr.png	https://codec-corpus.r2.imazen.org/imazen-26-png-v3/9226-lilith-ai-products/baby/9262_gen_products-baby_cardigan-cream-cable_flat_p0034_1024x1536.sdr.png
9263	train	9226-lilith-ai-products	sdr	9226-lilith-ai-products/baby/9263_gen_products-baby_coverall-stripe-mustard_flat_p0035_1024x1536.sdr.png	https://codec-corpus.r2.imazen.org/imazen-26-png-v3/9226-lilith-ai-products/baby/9263_gen_products-baby_coverall-stripe-mustard_flat_p0035_1024x1536.sdr.png
9264	train	9226-lilith-ai-products	sdr	9226-lilith-ai-products/baby/9264_gen_products-baby_footed-sleeper-sky-blue_flat_p0036_3072x5504.sdr.png	https://codec-corpus.r2.imazen.org/imazen-26-png-v3/9226-lilith-ai-products/baby/9264_gen_products-baby_footed-sleeper-sky-blue_flat_p0036_3072x5504.sdr.png
9267	train	9226-lilith-ai-products	sdr	9226-lilith-ai-products/baby/9267_gen_products-baby_kimono-wrap-top-blush_flat_p0039_1024x1536.sdr.png	https://codec-corpus.r2.imazen.org/imazen-26-png-v3/9226-lilith-ai-products/baby/9267_gen_products-baby_kimono-wrap-top-blush_flat_p0039_1024x1536.sdr.png
9268	train	9226-lilith-ai-products	sdr	9226-lilith-ai-products/baby/9268_gen_products-baby_knit-hat-mitten-set-blush_flat_p0040_1024x1024.sdr.png	https://codec-corpus.r2.imazen.org/imazen-26-png-v3/9226-lilith-ai-products/baby/9268_gen_products-baby_knit-hat-mitten-set-blush_flat_p0040_1024x1024.sdr.png
9269	train	9226-lilith-ai-products	sdr	9226-lilith-ai-products/baby/9269_gen_products-baby_knit-romper-overalls-sage_flat_p0041_1024x1536.sdr.png	https://codec-corpus.r2.imazen.org/imazen-26-png-v3/9226-lilith-ai-products/baby/9269_gen_products-baby_knit-romper-overalls-sage_flat_p0041_1024x1536.sdr.png
9270	train	9226-lilith-ai-products	sdr	9226-lilith-ai-products/baby/9270_gen_products-baby_leggings-fivepack-prints_flat_p0042_1536x1024.sdr.png	https://codec-corpus.r2.imazen.org/imazen-26-png-v3/9226-lilith-ai-products/baby/9270_gen_products-baby_leggings-fivepack-prints_flat_p0042_1536x1024.sdr.png
9271	train	9226-lilith-ai-products	sdr	9226-lilith-ai-products/baby/9271_gen_products-baby_mustard-fleece-onesie_flat_p0043_1024x1536.sdr.png	https://codec-corpus.r2.imazen.org/imazen-26-png-v3/9226-lilith-ai-products/baby/9271_gen_products-baby_mustard-fleece-onesie_flat_p0043_1024x1536.sdr.png
9273	train	9226-lilith-ai-products	sdr	9226-lilith-ai-products/baby/9273_gen_products-baby_sleeper-zip-giggle_onmodel_p0045_1024x1536.sdr.png	https://codec-corpus.r2.imazen.org/imazen-26-png-v3/9226-lilith-ai-products/baby/9273_gen_products-baby_sleeper-zip-giggle_onmodel_p0045_1024x1536.sdr.png
9274	train	9226-lilith-ai-products	sdr	9226-lilith-ai-products/baby/9274_gen_products-baby_tutu-dress-twirl_onmodel_p0046_1024x1536.sdr.png	https://codec-corpus.r2.imazen.org/imazen-26-png-v3/9226-lilith-ai-products/baby/9274_gen_products-baby_tutu-dress-twirl_onmodel_p0046_1024x1536.sdr.png
9275	train	9226-lilith-ai-products	sdr	9226-lilith-ai-products/baby/9275_gen_products-baby_romper-yellow-gingham_flat_p0047_1024x1536.sdr.png	https://codec-corpus.r2.imazen.org/imazen-26-png-v3/9226-lilith-ai-products/baby/9275_gen_products-baby_romper-yellow-gingham_flat_p0047_1024x1536.sdr.png
9276	train	9226-lilith-ai-products	sdr	9226-lilith-ai-products/baby/9276_gen_products-baby_sleep-sack-sage-bunny_flat_p0048_1024x1536.sdr.png	https://codec-corpus.r2.imazen.org/imazen-26-png-v3/9226-lilith-ai-products/baby/9276_gen_products-baby_sleep-sack-sage-bunny_flat_p0048_1024x1536.sdr.png
9277	train	9226-lilith-ai-products	sdr	9226-lilith-ai-products/baby/9277_gen_products-baby_sun-hat-bucket-floral_flat_p0049_1024x1024.sdr.png	https://codec-corpus.r2.imazen.org/imazen-26-png-v3/9226-lilith-ai-products/baby/9277_gen_products-baby_sun-hat-bucket-floral_flat_p0049_1024x1024.sdr.png
9278	train	9226-lilith-ai-products	sdr	9226-lilith-ai-products/baby/9278_gen_products-baby_swaddle-set-dusty-blue-stars_flat_p0050_1024x1024.sdr.png	https://codec-corpus.r2.imazen.org/imazen-26-png-v3/9226-lilith-ai-products/baby/9278_gen_products-baby_swaddle-set-dusty-blue-stars_flat_p0050_1024x1024.sdr.png
9279	train	9226-lilith-ai-products	sdr	9226-lilith-ai-products/baby/9279_gen_products-baby_tee-stripe-three-pack_flat_p0051_1536x1024.sdr.png	https://codec-corpus.r2.imazen.org/imazen-26-png-v3/9226-lilith-ai-products/baby/9279_gen_products-baby_tee-stripe-three-pack_flat_p0051_1536x1024.sdr.png
9280	train	9226-lilith-ai-products	sdr	9226-lilith-ai-products/baby/9280_gen_products-baby_tutu-dress-coral-tulle_flat_p0052_1024x1536.sdr.png	https://codec-corpus.r2.imazen.org/imazen-26-png-v3/9226-lilith-ai-products/baby/9280_gen_products-baby_tutu-dress-coral-tulle_flat_p0052_1024x1536.sdr.png
9281	train	9226-lilith-ai-products	sdr	9226-lilith-ai-products/baby/9281_gen_products-baby_kids-rainbow-stripe-romper_flat_p0053_1024x1536.sdr.png	https://codec-corpus.r2.imazen.org/imazen-26-png-v3/9226-lilith-ai-products/baby/9281_gen_products-baby_kids-rainbow-stripe-romper_flat_p0053_1024x1536.sdr.png
9282	train	9226-lilith-ai-products	sdr	9226-lilith-ai-products/baby/9282_gen_products-baby_kids-ruffle-floral-dress-teal_flat_p0054_2880x2880.sdr.png	https://codec-corpus.r2.imazen.org/imazen-26-png-v3/9226-lilith-ai-products/baby/9282_gen_products-baby_kids-ruffle-floral-dress-teal_flat_p0054_2880x2880.sdr.png
9283	train	9226-lilith-ai-products	sdr	9226-lilith-ai-products/beauty/9283_gen_products-beauty_auremor_feature_p0055_1024x1536.sdr.png	https://codec-corpus.r2.imazen.org/imazen-26-png-v3/9226-lilith-ai-products/beauty/9283_gen_products-beauty_auremor_feature_p0055_1024x1536.sdr.png
9285	train	9226-lilith-ai-products	sdr	9226-lilith-ai-products/beauty/9285_gen_products-beauty_auremor-lip-oil_p0057_1024x1024.sdr.png	https://codec-corpus.r2.imazen.org/imazen-26-png-v3/9226-lilith-ai-products/beauty/9285_gen_products-beauty_auremor-lip-oil_p0057_1024x1024.sdr.png
9286	train	9226-lilith-ai-products	sdr	9226-lilith-ai-products/beauty/9286_gen_products-beauty_auremor-retinol-back_ingredients_p0058_1024x1536.sdr.png	https://codec-corpus.r2.imazen.org/imazen-26-png-v3/9226-lilith-ai-products/beauty/9286_gen_products-beauty_auremor-retinol-back_ingredients_p0058_1024x1536.sdr.png
9287	train	9226-lilith-ai-products	sdr	9226-lilith-ai-products/beauty/9287_gen_products-beauty_auremor-retinol-night-serum_p0059_1024x1536.sdr.png	https://codec-corpus.r2.imazen.org/imazen-26-png-v3/9226-lilith-ai-products/beauty/9287_gen_products-beauty_auremor-retinol-night-serum_p0059_1024x1536.sdr.png
9288	train	9226-lilith-ai-products	sdr	9226-lilith-ai-products/beauty/9288_gen_products-beauty_auremor-solid-perfume-compact_p0060_1024x1024.sdr.png	https://codec-corpus.r2.imazen.org/imazen-26-png-v3/9226-lilith-ai-products/beauty/9288_gen_products-beauty_auremor-solid-perfume-compact_p0060_1024x1024.sdr.png
9289	train	9226-lilith-ai-products	sdr	9226-lilith-ai-products/beauty/9289_gen_products-beauty_bryn-birch_feature_p0061_1024x1536.sdr.png	https://codec-corpus.r2.imazen.org/imazen-26-png-v3/9226-lilith-ai-products/beauty/9289_gen_products-beauty_bryn-birch_feature_p0061_1024x1536.sdr.png
9290	train	9226-lilith-ai-products	sdr	9226-lilith-ai-products/beauty/9290_gen_products-beauty_bryn-birch-beard-oil_p0062_1024x1536.sdr.png	https://codec-corpus.r2.imazen.org/imazen-26-png-v3/9226-lilith-ai-products/beauty/9290_gen_products-beauty_bryn-birch-beard-oil_p0062_1024x1536.sdr.png
9292	train	9226-lilith-ai-products	sdr	9226-lilith-ai-products/beauty/9292_gen_products-beauty_bryn-birch-brand-set_flat_p0063_1536x1024.sdr.png	https://codec-corpus.r2.imazen.org/imazen-26-png-v3/9226-lilith-ai-products/beauty/9292_gen_products-beauty_bryn-birch-brand-set_flat_p0063_1536x1024.sdr.png
9293	train	9226-lilith-ai-products	sdr	9226-lilith-ai-products/beauty/9293_gen_products-beauty_bryn-birch-charcoal-clay-mask_p0064_1024x1024.sdr.png	https://codec-corpus.r2.imazen.org/imazen-26-png-v3/9226-lilith-ai-products/beauty/9293_gen_products-beauty_bryn-birch-charcoal-clay-mask_p0064_1024x1024.sdr.png
9294	train	9226-lilith-ai-products	sdr	9226-lilith-ai-products/beauty/9294_gen_products-beauty_bryn-birch-scalp-hair-oil_p0065_1024x1536.sdr.png	https://codec-corpus.r2.imazen.org/imazen-26-png-v3/9226-lilith-ai-products/beauty/9294_gen_products-beauty_bryn-birch-scalp-hair-oil_p0065_1024x1536.sdr.png
9295	train	9226-lilith-ai-products	sdr	9226-lilith-ai-products/beauty/9295_gen_products-beauty_ceramic-cream-jar_spec_p0066_1024x1536.sdr.png	https://codec-corpus.r2.imazen.org/imazen-26-png-v3/9226-lilith-ai-products/beauty/9295_gen_products-beauty_ceramic-cream-jar_spec_p0066_1024x1536.sdr.png
9296	train	9226-lilith-ai-products	sdr	9226-lilith-ai-products/beauty/9296_gen_products-beauty_dewmark_feature_p0067_1024x1536.sdr.png	https://codec-corpus.r2.imazen.org/imazen-26-png-v3/9226-lilith-ai-products/beauty/9296_gen_products-beauty_dewmark_feature_p0067_1024x1536.sdr.png
9297	train	9226-lilith-ai-products	sdr	9226-lilith-ai-products/beauty/9297_gen_products-beauty_dewmark-aqua-peptide-back_ingredients_p0068_1024x1536.sdr.png	https://codec-corpus.r2.imazen.org/imazen-26-png-v3/9226-lilith-ai-products/beauty/9297_gen_products-beauty_dewmark-aqua-peptide-back_ingredients_p0068_1024x1536.sdr.png
9299	train	9226-lilith-ai-products	sdr	9226-lilith-ai-products/beauty/9299_gen_products-beauty_dewmark-brand-set_flat_p0070_1536x1024.sdr.png	https://codec-corpus.r2.imazen.org/imazen-26-png-v3/9226-lilith-ai-products/beauty/9299_gen_products-beauty_dewmark-brand-set_flat_p0070_1536x1024.sdr.png
9300	train	9226-lilith-ai-products	sdr	9226-lilith-ai-products/beauty/9300_gen_products-beauty_dewmark-glass-mist-setting-spray_p0071_1024x1536.sdr.png	https://codec-corpus.r2.imazen.org/imazen-26-png-v3/9226-lilith-ai-products/beauty/9300_gen_products-beauty_dewmark-glass-mist-setting-spray_p0071_1024x1536.sdr.png
9301	train	9226-lilith-ai-products	sdr	9226-lilith-ai-products/beauty/9301_gen_products-beauty_dewmark-micellar-cleansing-water_p0072_1024x1536.sdr.png	https://codec-corpus.r2.imazen.org/imazen-26-png-v3/9226-lilith-ai-products/beauty/9301_gen_products-beauty_dewmark-micellar-cleansing-water_p0072_1024x1536.sdr.png
9302	train	9226-lilith-ai-products	sdr	9226-lilith-ai-products/beauty/9302_gen_products-beauty_florwell_feature_p0073_1536x1024.sdr.png	https://codec-corpus.r2.imazen.org/imazen-26-png-v3/9226-lilith-ai-products/beauty/9302_gen_products-beauty_florwell_feature_p0073_1536x1024.sdr.png
9304	train	9226-lilith-ai-products	sdr	9226-lilith-ai-products/beauty/9304_gen_products-beauty_florwell-botanical-body-wash_p0075_1024x1536.sdr.png	https://codec-corpus.r2.imazen.org/imazen-26-png-v3/9226-lilith-ai-products/beauty/9304_gen_products-beauty_florwell-botanical-body-wash_p0075_1024x1536.sdr.png
9305	train	9226-lilith-ai-products	sdr	9226-lilith-ai-products/beauty/9305_gen_products-beauty_florwell-brand-set_flat_p0076_1536x1024.sdr.png	https://codec-corpus.r2.imazen.org/imazen-26-png-v3/9226-lilith-ai-products/beauty/9305_gen_products-beauty_florwell-brand-set_flat_p0076_1536x1024.sdr.png
9306	train	9226-lilith-ai-products	sdr	9226-lilith-ai-products/beauty/9306_gen_products-beauty_florwell-mineral-bath-soak_p0077_1024x1024.sdr.png	https://codec-corpus.r2.imazen.org/imazen-26-png-v3/9226-lilith-ai-products/beauty/9306_gen_products-beauty_florwell-mineral-bath-soak_p0077_1024x1024.sdr.png
9307	train	9226-lilith-ai-products	sdr	9226-lilith-ai-products/beauty/9307_gen_products-beauty_florwell-rose-oat-bar-soap_p0078_1024x1024.sdr.png	https://codec-corpus.r2.imazen.org/imazen-26-png-v3/9226-lilith-ai-products/beauty/9307_gen_products-beauty_florwell-rose-oat-bar-soap_p0078_1024x1024.sdr.png
9308	train	9226-lilith-ai-products	sdr	9226-lilith-ai-products/beauty/9308_gen_products-beauty_ingredients-back-rosehip-oil_ingredients_p0079_1024x1536.sdr.png	https://codec-corpus.r2.imazen.org/imazen-26-png-v3/9226-lilith-ai-products/beauty/9308_gen_products-beauty_ingredients-back-rosehip-oil_ingredients_p0079_1024x1536.sdr.png
9310	train	9226-lilith-ai-products	sdr	9226-lilith-ai-products/beauty/9310_gen_products-beauty_lip-mask-pot-overnight_p0081_1024x1024.sdr.png	https://codec-corpus.r2.imazen.org/imazen-26-png-v3/9226-lilith-ai-products/beauty/9310_gen_products-beauty_lip-mask-pot-overnight_p0081_1024x1024.sdr.png
9311	train	9226-lilith-ai-products	sdr	9226-lilith-ai-products/beauty/9311_gen_products-beauty_makeup-brush-set_flat_p0082_1536x1024.sdr.png	https://codec-corpus.r2.imazen.org/imazen-26-png-v3/9226-lilith-ai-products/beauty/9311_gen_products-beauty_makeup-brush-set_flat_p0082_1536x1024.sdr.png
9313	train	9226-lilith-ai-products	sdr	9226-lilith-ai-products/beauty/9313_gen_products-beauty_moisturizer-back-sage_ingredients_p0084_2048x2048.sdr.png	https://codec-corpus.r2.imazen.org/imazen-26-png-v3/9226-lilith-ai-products/beauty/9313_gen_products-beauty_moisturizer-back-sage_ingredients_p0084_2048x2048.sdr.png
9315	train	9226-lilith-ai-products	sdr	9226-lilith-ai-products/beauty/9315_gen_products-beauty_tintwell_feature_p0086_1024x1536.sdr.png	https://codec-corpus.r2.imazen.org/imazen-26-png-v3/9226-lilith-ai-products/beauty/9315_gen_products-beauty_tintwell_feature_p0086_1024x1536.sdr.png
9316	train	9226-lilith-ai-products	sdr	9226-lilith-ai-products/beauty/9316_gen_products-beauty_tintwell-brand-set_flat_p0087_1536x1024.sdr.png	https://codec-corpus.r2.imazen.org/imazen-26-png-v3/9226-lilith-ai-products/beauty/9316_gen_products-beauty_tintwell-brand-set_flat_p0087_1536x1024.sdr.png
9319	train	9226-lilith-ai-products	sdr	9226-lilith-ai-products/beauty/9319_gen_products-beauty_tintwell-nail-polish-duo_p0090_1536x1024.sdr.png	https://codec-corpus.r2.imazen.org/imazen-26-png-v3/9226-lilith-ai-products/beauty/9319_gen_products-beauty_tintwell-nail-polish-duo_p0090_1536x1024.sdr.png
9320	train	9226-lilith-ai-products	sdr	9226-lilith-ai-products/beauty/9320_gen_products-beauty_tintwell-tinted-brow-gel_p0091_1024x1024.sdr.png	https://codec-corpus.r2.imazen.org/imazen-26-png-v3/9226-lilith-ai-products/beauty/9320_gen_products-beauty_tintwell-tinted-brow-gel_p0091_1024x1024.sdr.png
9321	train	9226-lilith-ai-products	sdr	9226-lilith-ai-products/beauty/9321_gen_products-beauty_veraloe_feature_p0092_1024x1536.sdr.png	https://codec-corpus.r2.imazen.org/imazen-26-png-v3/9226-lilith-ai-products/beauty/9321_gen_products-beauty_veraloe_feature_p0092_1024x1536.sdr.png
9322	train	9226-lilith-ai-products	sdr	9226-lilith-ai-products/beauty/9322_gen_products-beauty_veraloe-after-sun-back_ingredients_p0093_1024x1536.sdr.png	https://codec-corpus.r2.imazen.org/imazen-26-png-v3/9226-lilith-ai-products/beauty/9322_gen_products-beauty_veraloe-after-sun-back_ingredients_p0093_1024x1536.sdr.png
9323	train	9226-lilith-ai-products	sdr	9226-lilith-ai-products/beauty/9323_gen_products-beauty_veraloe-after-sun-aloe-gel_p0094_1024x1536.sdr.png	https://codec-corpus.r2.imazen.org/imazen-26-png-v3/9226-lilith-ai-products/beauty/9323_gen_products-beauty_veraloe-after-sun-aloe-gel_p0094_1024x1536.sdr.png
9324	train	9226-lilith-ai-products	sdr	9226-lilith-ai-products/beauty/9324_gen_products-beauty_veraloe-brand-set_flat_p0095_1536x1024.sdr.png	https://codec-corpus.r2.imazen.org/imazen-26-png-v3/9226-lilith-ai-products/beauty/9324_gen_products-beauty_veraloe-brand-set_flat_p0095_1536x1024.sdr.png
9325	train	9226-lilith-ai-products	sdr	9226-lilith-ai-products/beauty/9325_gen_products-beauty_veraloe-nourishing-hand-cream_p0096_1024x1024.sdr.png	https://codec-corpus.r2.imazen.org/imazen-26-png-v3/9226-lilith-ai-products/beauty/9325_gen_products-beauty_veraloe-nourishing-hand-cream_p0096_1024x1024.sdr.png
9326	train	9226-lilith-ai-products	sdr	9226-lilith-ai-products/beauty/9326_gen_products-beauty_veraloe-whipped-body-butter_p0097_1024x1024.sdr.png	https://codec-corpus.r2.imazen.org/imazen-26-png-v3/9226-lilith-ai-products/beauty/9326_gen_products-beauty_veraloe-whipped-body-butter_p0097_1024x1024.sdr.png
9327	train	9226-lilith-ai-products	sdr	9226-lilith-ai-products/beverages/9327_gen_products-beverages_blackpine-cold-brew-can_p0098_1024x1536.sdr.png	https://codec-corpus.r2.imazen.org/imazen-26-png-v3/9226-lilith-ai-products/beverages/9327_gen_products-beverages_blackpine-cold-brew-can_p0098_1024x1536.sdr.png
9328	train	9226-lilith-ai-products	sdr	9226-lilith-ai-products/beverages/9328_gen_products-beverages_blackpine-vanilla-latte-canned-coffee_p0099_1024x1536.sdr.png	https://codec-corpus.r2.imazen.org/imazen-26-png-v3/9226-lilith-ai-products/beverages/9328_gen_products-beverages_blackpine-vanilla-latte-canned-coffee_p0099_1024x1536.sdr.png
9329	train	9226-lilith-ai-products	sdr	9226-lilith-ai-products/beverages/9329_gen_products-beverages_citrine-grapefruit-sparkling-water-can_p0100_1024x1536.sdr.png	https://codec-corpus.r2.imazen.org/imazen-26-png-v3/9226-lilith-ai-products/beverages/9329_gen_products-beverages_citrine-grapefruit-sparkling-water-can_p0100_1024x1536.sdr.png
9330	train	9226-lilith-ai-products	sdr	9226-lilith-ai-products/beverages/9330_gen_products-beverages_citrine-spring-water-bottle_p0101_1024x1536.sdr.png	https://codec-corpus.r2.imazen.org/imazen-26-png-v3/9226-lilith-ai-products/beverages/9330_gen_products-beverages_citrine-spring-water-bottle_p0101_1024x1536.sdr.png
9331	train	9226-lilith-ai-products	sdr	9226-lilith-ai-products/beverages/9331_gen_products-beverages_drypine-classic-tonic-water-bottle_p0102_1024x1536.sdr.png	https://codec-corpus.r2.imazen.org/imazen-26-png-v3/9226-lilith-ai-products/beverages/9331_gen_products-beverages_drypine-classic-tonic-water-bottle_p0102_1024x1536.sdr.png
9332	train	9226-lilith-ai-products	sdr	9226-lilith-ai-products/beverages/9332_gen_products-beverages_drypine-club-soda-mixer-can_p0103_1024x1536.sdr.png	https://codec-corpus.r2.imazen.org/imazen-26-png-v3/9226-lilith-ai-products/beverages/9332_gen_products-beverages_drypine-club-soda-mixer-can_p0103_1024x1536.sdr.png
9333	train	9226-lilith-ai-products	sdr	9226-lilith-ai-products/beverages/9333_gen_products-beverages_fieldfuel-blue-raspberry-sports-drink-bottle_p0104_1024x1536.sdr.png	https://codec-corpus.r2.imazen.org/imazen-26-png-v3/9226-lilith-ai-products/beverages/9333_gen_products-beverages_fieldfuel-blue-raspberry-sports-drink-bottle_p0104_1024x1536.sdr.png
9334	train	9226-lilith-ai-products	sdr	9226-lilith-ai-products/beverages/9334_gen_products-beverages_fizzwell-cola-soda-can_p0105_1024x1536.sdr.png	https://codec-corpus.r2.imazen.org/imazen-26-png-v3/9226-lilith-ai-products/beverages/9334_gen_products-beverages_fizzwell-cola-soda-can_p0105_1024x1536.sdr.png
9335	train	9226-lilith-ai-products	sdr	9226-lilith-ai-products/beverages/9335_gen_products-beverages_greenmeadow-mango-smoothie-bottle_p0106_1024x1536.sdr.png	https://codec-corpus.r2.imazen.org/imazen-26-png-v3/9226-lilith-ai-products/beverages/9335_gen_products-beverages_greenmeadow-mango-smoothie-bottle_p0106_1024x1536.sdr.png
9336	train	9226-lilith-ai-products	sdr	9226-lilith-ai-products/beverages/9336_gen_products-beverages_harvest-lane-black-cherry-hard-seltzer-can_p0107_1024x1536.sdr.png	https://codec-corpus.r2.imazen.org/imazen-26-png-v3/9226-lilith-ai-products/beverages/9336_gen_products-beverages_harvest-lane-black-cherry-hard-seltzer-can_p0107_1024x1536.sdr.png
9337	train	9226-lilith-ai-products	sdr	9226-lilith-ai-products/beverages/9337_gen_products-beverages_ironhart-amber-lager-bottle_p0108_1024x1536.sdr.png	https://codec-corpus.r2.imazen.org/imazen-26-png-v3/9226-lilith-ai-products/beverages/9337_gen_products-beverages_ironhart-amber-lager-bottle_p0108_1024x1536.sdr.png
9338	train	9226-lilith-ai-products	sdr	9226-lilith-ai-products/beverages/9338_gen_products-beverages_ironhart-citra-ipa-craft-beer-can_p0109_1024x1536.sdr.png	https://codec-corpus.r2.imazen.org/imazen-26-png-v3/9226-lilith-ai-products/beverages/9338_gen_products-beverages_ironhart-citra-ipa-craft-beer-can_p0109_1024x1536.sdr.png
9339	train	9226-lilith-ai-products	sdr	9226-lilith-ai-products/beverages/9339_gen_products-beverages_lumiera-prosecco-bottle_p0110_1024x1536.sdr.png	https://codec-corpus.r2.imazen.org/imazen-26-png-v3/9226-lilith-ai-products/beverages/9339_gen_products-beverages_lumiera-prosecco-bottle_p0110_1024x1536.sdr.png
9341	train	9226-lilith-ai-products	sdr	9226-lilith-ai-products/beverages/9341_gen_products-beverages_meadowmilk-oat-milk-carton_p0112_1024x1536.sdr.png	https://codec-corpus.r2.imazen.org/imazen-26-png-v3/9226-lilith-ai-products/beverages/9341_gen_products-beverages_meadowmilk-oat-milk-carton_p0112_1024x1536.sdr.png
9343	train	9226-lilith-ai-products	sdr	9226-lilith-ai-products/beverages/9343_gen_products-beverages_mossfield-peach-iced-tea-bottle_p0114_1024x1536.sdr.png	https://codec-corpus.r2.imazen.org/imazen-26-png-v3/9226-lilith-ai-products/beverages/9343_gen_products-beverages_mossfield-peach-iced-tea-bottle_p0114_1024x1536.sdr.png
9345	train	9226-lilith-ai-products	sdr	9226-lilith-ai-products/beverages/9345_gen_products-beverages_pulsewater-watermelon-electrolyte-bottle_p0116_1024x1536.sdr.png	https://codec-corpus.r2.imazen.org/imazen-26-png-v3/9226-lilith-ai-products/beverages/9345_gen_products-beverages_pulsewater-watermelon-electrolyte-bottle_p0116_1024x1536.sdr.png
9348	train	9226-lilith-ai-products	sdr	9226-lilith-ai-products/beverages/9348_gen_products-beverages_valdimora-sauvignon-blanc-white-wine-bottle_p0119_1024x1536.sdr.png	https://codec-corpus.r2.imazen.org/imazen-26-png-v3/9226-lilith-ai-products/beverages/9348_gen_products-beverages_valdimora-sauvignon-blanc-white-wine-bottle_p0119_1024x1536.sdr.png
9349	train	9226-lilith-ai-products	sdr	9226-lilith-ai-products/beverages/9349_gen_products-beverages_voltbeam-tropical-energy-drink-can_p0120_1024x1536.sdr.png	https://codec-corpus.r2.imazen.org/imazen-26-png-v3/9226-lilith-ai-products/beverages/9349_gen_products-beverages_voltbeam-tropical-energy-drink-can_p0120_1024x1536.sdr.png
9351	train	9226-lilith-ai-products	sdr	9226-lilith-ai-products/beverages/9351_gen_products-beverages_wildferment-ginger-kombucha-bottle_p0122_1024x1536.sdr.png	https://codec-corpus.r2.imazen.org/imazen-26-png-v3/9226-lilith-ai-products/beverages/9351_gen_products-beverages_wildferment-ginger-kombucha-bottle_p0122_1024x1536.sdr.png
9352	train	9226-lilith-ai-products	sdr	9226-lilith-ai-products/clothing/fabric-textures/9352_gen_products-clothing-fabric-textures_swatch-buffalo-check-flannel_p0123_2048x2048.sdr.png	https://codec-corpus.r2.imazen.org/imazen-26-png-v3/9226-lilith-ai-products/clothing/fabric-textures/9352_gen_products-clothing-fabric-textures_swatch-buffalo-check-flannel_p0123_2048x2048.sdr.png
9353	train	9226-lilith-ai-products	sdr	9226-lilith-ai-products/clothing/fabric-textures/9353_gen_products-clothing-fabric-textures_swatch-rust-ripstop-nylon_p0124_4096x4096.sdr.png	https://codec-corpus.r2.imazen.org/imazen-26-png-v3/9226-lilith-ai-products/clothing/fabric-textures/9353_gen_products-clothing-fabric-textures_swatch-rust-ripstop-nylon_p0124_4096x4096.sdr.png
9354	train	9226-lilith-ai-products	sdr	9226-lilith-ai-products/clothing/fabric-textures/9354_gen_products-clothing-fabric-textures_swatch-tan-full-grain-leather_p0125_4096x4096.sdr.png	https://codec-corpus.r2.imazen.org/imazen-26-png-v3/9226-lilith-ai-products/clothing/fabric-textures/9354_gen_products-clothing-fabric-textures_swatch-tan-full-grain-leather_p0125_4096x4096.sdr.png
9356	train	9226-lilith-ai-products	sdr	9226-lilith-ai-products/clothing/fabric-textures/9356_gen_products-clothing-fabric-textures_texture-emerald-velvet_detail_p0127_3840x2160.sdr.png	https://codec-corpus.r2.imazen.org/imazen-26-png-v3/9226-lilith-ai-products/clothing/fabric-textures/9356_gen_products-clothing-fabric-textures_texture-emerald-velvet_detail_p0127_3840x2160.sdr.png
9357	train	9226-lilith-ai-products	sdr	9226-lilith-ai-products/clothing/fabric-textures/9357_gen_products-clothing-fabric-textures_texture-magenta-leopard-sequin_detail_p0128_3840x2160.sdr.png	https://codec-corpus.r2.imazen.org/imazen-26-png-v3/9226-lilith-ai-products/clothing/fabric-textures/9357_gen_products-clothing-fabric-textures_texture-magenta-leopard-sequin_detail_p0128_3840x2160.sdr.png
9358	train	9226-lilith-ai-products	sdr	9226-lilith-ai-products/clothing/fabric-textures/9358_gen_products-clothing-fabric-textures_texture-white-faux-fur_detail_p0129_3840x2160.sdr.png	https://codec-corpus.r2.imazen.org/imazen-26-png-v3/9226-lilith-ai-products/clothing/fabric-textures/9358_gen_products-clothing-fabric-textures_texture-white-faux-fur_detail_p0129_3840x2160.sdr.png
9359	train	9226-lilith-ai-products	sdr	9226-lilith-ai-products/clothing/kids/9359_gen_products-clothing-kids_baby-onmodel-overalls-walking-smile_onmodel_p0130_1024x1536.sdr.png	https://codec-corpus.r2.imazen.org/imazen-26-png-v3/9226-lilith-ai-products/clothing/kids/9359_gen_products-clothing-kids_baby-onmodel-overalls-walking-smile_onmodel_p0130_1024x1536.sdr.png
9361	train	9226-lilith-ai-products	sdr	9226-lilith-ai-products/clothing/kids/9361_gen_products-clothing-kids_footwear-kids-velcro-sneaker-coral_p0132_1536x1024.sdr.png	https://codec-corpus.r2.imazen.org/imazen-26-png-v3/9226-lilith-ai-products/clothing/kids/9361_gen_products-clothing-kids_footwear-kids-velcro-sneaker-coral_p0132_1536x1024.sdr.png
9362	train	9226-lilith-ai-products	sdr	9226-lilith-ai-products/clothing/kids/9362_gen_products-clothing-kids_footwear-womens-ballet-flat-blush_p0133_1536x1024.sdr.png	https://codec-corpus.r2.imazen.org/imazen-26-png-v3/9226-lilith-ai-products/clothing/kids/9362_gen_products-clothing-kids_footwear-womens-ballet-flat-blush_p0133_1536x1024.sdr.png
9363	train	9226-lilith-ai-products	sdr	9226-lilith-ai-products/clothing/kids/9363_gen_products-clothing-kids_baby-romper_flat_p0134_1024x1024.sdr.png	https://codec-corpus.r2.imazen.org/imazen-26-png-v3/9226-lilith-ai-products/clothing/kids/9363_gen_products-clothing-kids_baby-romper_flat_p0134_1024x1024.sdr.png
9364	train	9226-lilith-ai-products	sdr	9226-lilith-ai-products/clothing/kids/9364_gen_products-clothing-kids_bomber-jacket-teal_ghost_p0135_1024x1536.sdr.png	https://codec-corpus.r2.imazen.org/imazen-26-png-v3/9226-lilith-ai-products/clothing/kids/9364_gen_products-clothing-kids_bomber-jacket-teal_ghost_p0135_1024x1536.sdr.png
9365	train	9226-lilith-ai-products	sdr	9226-lilith-ai-products/clothing/kids/9365_gen_products-clothing-kids_cardigan-blush_onmodel_p0136_1024x1536.sdr.png	https://codec-corpus.r2.imazen.org/imazen-26-png-v3/9226-lilith-ai-products/clothing/kids/9365_gen_products-clothing-kids_cardigan-blush_onmodel_p0136_1024x1536.sdr.png
9366	train	9226-lilith-ai-products	sdr	9226-lilith-ai-products/clothing/kids/9366_gen_products-clothing-kids_cherry-print-overalls_onmodel_p0137_1024x1536.sdr.png	https://codec-corpus.r2.imazen.org/imazen-26-png-v3/9226-lilith-ai-products/clothing/kids/9366_gen_products-clothing-kids_cherry-print-overalls_onmodel_p0137_1024x1536.sdr.png
9367	train	9226-lilith-ai-products	sdr	9226-lilith-ai-products/clothing/kids/9367_gen_products-clothing-kids_citrus-rain-jacket_ghost_p0138_1024x1536.sdr.png	https://codec-corpus.r2.imazen.org/imazen-26-png-v3/9226-lilith-ai-products/clothing/kids/9367_gen_products-clothing-kids_citrus-rain-jacket_ghost_p0138_1024x1536.sdr.png
9368	train	9226-lilith-ai-products	sdr	9226-lilith-ai-products/clothing/kids/9368_gen_products-clothing-kids_denim-overalls-mid-wash_onmodel_p0139_3072x5504.sdr.png	https://codec-corpus.r2.imazen.org/imazen-26-png-v3/9226-lilith-ai-products/clothing/kids/9368_gen_products-clothing-kids_denim-overalls-mid-wash_onmodel_p0139_3072x5504.sdr.png
9369	train	9226-lilith-ai-products	sdr	9226-lilith-ai-products/clothing/kids/9369_gen_products-clothing-kids_dino-pajama-set_flat_p0140_1536x1024.sdr.png	https://codec-corpus.r2.imazen.org/imazen-26-png-v3/9226-lilith-ai-products/clothing/kids/9369_gen_products-clothing-kids_dino-pajama-set_flat_p0140_1536x1024.sdr.png
9370	train	9226-lilith-ai-products	sdr	9226-lilith-ai-products/clothing/kids/9370_gen_products-clothing-kids_dress-corduroy_onmodel_p0141_1024x1536.sdr.png	https://codec-corpus.r2.imazen.org/imazen-26-png-v3/9226-lilith-ai-products/clothing/kids/9370_gen_products-clothing-kids_dress-corduroy_onmodel_p0141_1024x1536.sdr.png
9371	train	9226-lilith-ai-products	sdr	9226-lilith-ai-products/clothing/kids/9371_gen_products-clothing-kids_flannel-shirt_ghost_p0142_1024x1536.sdr.png	https://codec-corpus.r2.imazen.org/imazen-26-png-v3/9226-lilith-ai-products/clothing/kids/9371_gen_products-clothing-kids_flannel-shirt_ghost_p0142_1024x1536.sdr.png
9372	train	9226-lilith-ai-products	sdr	9226-lilith-ai-products/clothing/kids/9372_gen_products-clothing-kids_floral-dress_onmodel_p0143_1024x1536.sdr.png	https://codec-corpus.r2.imazen.org/imazen-26-png-v3/9226-lilith-ai-products/clothing/kids/9372_gen_products-clothing-kids_floral-dress_onmodel_p0143_1024x1536.sdr.png
9373	train	9226-lilith-ai-products	sdr	9226-lilith-ai-products/clothing/kids/9373_gen_products-clothing-kids_graphic-tee-space_p0144_1024x1024.sdr.png	https://codec-corpus.r2.imazen.org/imazen-26-png-v3/9226-lilith-ai-products/clothing/kids/9373_gen_products-clothing-kids_graphic-tee-space_p0144_1024x1024.sdr.png
9374	train	9226-lilith-ai-products	sdr	9226-lilith-ai-products/clothing/kids/9374_gen_products-clothing-kids_hoodie-zip-yellow_onmodel_p0145_1024x1536.sdr.png	https://codec-corpus.r2.imazen.org/imazen-26-png-v3/9226-lilith-ai-products/clothing/kids/9374_gen_products-clothing-kids_hoodie-zip-yellow_onmodel_p0145_1024x1536.sdr.png
9375	train	9226-lilith-ai-products	sdr	9226-lilith-ai-products/clothing/kids/9375_gen_products-clothing-kids_jeans_flat_p0146_1024x1536.sdr.png	https://codec-corpus.r2.imazen.org/imazen-26-png-v3/9226-lilith-ai-products/clothing/kids/9375_gen_products-clothing-kids_jeans_flat_p0146_1024x1536.sdr.png
9376	train	9226-lilith-ai-products	sdr	9226-lilith-ai-products/clothing/kids/9376_gen_products-clothing-kids_joggers-gray_flat_p0147_1024x1024.sdr.png	https://codec-corpus.r2.imazen.org/imazen-26-png-v3/9226-lilith-ai-products/clothing/kids/9376_gen_products-clothing-kids_joggers-gray_flat_p0147_1024x1024.sdr.png
9377	train	9226-lilith-ai-products	sdr	9226-lilith-ai-products/clothing/kids/9377_gen_products-clothing-kids_leggings-coral_flat_p0148_1024x1024.sdr.png	https://codec-corpus.r2.imazen.org/imazen-26-png-v3/9226-lilith-ai-products/clothing/kids/9377_gen_products-clothing-kids_leggings-coral_flat_p0148_1024x1024.sdr.png
9379	train	9226-lilith-ai-products	sdr	9226-lilith-ai-products/clothing/kids/9379_gen_products-clothing-kids_onesie-baby_flat_p0150_1024x1024.sdr.png	https://codec-corpus.r2.imazen.org/imazen-26-png-v3/9226-lilith-ai-products/clothing/kids/9379_gen_products-clothing-kids_onesie-baby_flat_p0150_1024x1024.sdr.png
9380	train	9226-lilith-ai-products	sdr	9226-lilith-ai-products/clothing/kids/9380_gen_products-clothing-kids_overall-toddler_ghost_p0151_1024x1536.sdr.png	https://codec-corpus.r2.imazen.org/imazen-26-png-v3/9226-lilith-ai-products/clothing/kids/9380_gen_products-clothing-kids_overall-toddler_ghost_p0151_1024x1536.sdr.png
9381	train	9226-lilith-ai-products	sdr	9226-lilith-ai-products/clothing/kids/9381_gen_products-clothing-kids_pajama-cloud_flat_p0152_1536x1024.sdr.png	https://codec-corpus.r2.imazen.org/imazen-26-png-v3/9226-lilith-ai-products/clothing/kids/9381_gen_products-clothing-kids_pajama-cloud_flat_p0152_1536x1024.sdr.png
9382	train	9226-lilith-ai-products	sdr	9226-lilith-ai-products/clothing/kids/9382_gen_products-clothing-kids_puffer-vest_ghost_p0153_1024x1536.sdr.png	https://codec-corpus.r2.imazen.org/imazen-26-png-v3/9226-lilith-ai-products/clothing/kids/9382_gen_products-clothing-kids_puffer-vest_ghost_p0153_1024x1536.sdr.png
9383	train	9226-lilith-ai-products	sdr	9226-lilith-ai-products/clothing/kids/9383_gen_products-clothing-kids_rainbow-graphic-tee-set_flat_p0154_4096x4096.sdr.png	https://codec-corpus.r2.imazen.org/imazen-26-png-v3/9226-lilith-ai-products/clothing/kids/9383_gen_products-clothing-kids_rainbow-graphic-tee-set_flat_p0154_4096x4096.sdr.png
9384	train	9226-lilith-ai-products	sdr	9226-lilith-ai-products/clothing/kids/9384_gen_products-clothing-kids_rainbow-tee_p0155_2160x3840.sdr.png	https://codec-corpus.r2.imazen.org/imazen-26-png-v3/9226-lilith-ai-products/clothing/kids/9384_gen_products-clothing-kids_rainbow-tee_p0155_2160x3840.sdr.png
9385	train	9226-lilith-ai-products	sdr	9226-lilith-ai-products/clothing/kids/9385_gen_products-clothing-kids_rainbow-tee-set_flat_p0156_1536x1024.sdr.png	https://codec-corpus.r2.imazen.org/imazen-26-png-v3/9226-lilith-ai-products/clothing/kids/9385_gen_products-clothing-kids_rainbow-tee-set_flat_p0156_1536x1024.sdr.png
9386	train	9226-lilith-ai-products	sdr	9226-lilith-ai-products/clothing/kids/9386_gen_products-clothing-kids_romper-summer_ghost_p0157_1024x1536.sdr.png	https://codec-corpus.r2.imazen.org/imazen-26-png-v3/9226-lilith-ai-products/clothing/kids/9386_gen_products-clothing-kids_romper-summer_ghost_p0157_1024x1536.sdr.png
9389	train	9226-lilith-ai-products	sdr	9226-lilith-ai-products/clothing/kids/9389_gen_products-clothing-kids_sneaker-canvas_flat_p0160_1024x1024.sdr.png	https://codec-corpus.r2.imazen.org/imazen-26-png-v3/9226-lilith-ai-products/clothing/kids/9389_gen_products-clothing-kids_sneaker-canvas_flat_p0160_1024x1024.sdr.png
9390	train	9226-lilith-ai-products	sdr	9226-lilith-ai-products/clothing/kids/9390_gen_products-clothing-kids_tee-graphic-truck_p0161_1024x1024.sdr.png	https://codec-corpus.r2.imazen.org/imazen-26-png-v3/9226-lilith-ai-products/clothing/kids/9390_gen_products-clothing-kids_tee-graphic-truck_p0161_1024x1024.sdr.png
9391	train	9226-lilith-ai-products	sdr	9226-lilith-ai-products/clothing/kids/9391_gen_products-clothing-kids_tshirt-stripe_onmodel_p0162_1024x1536.sdr.png	https://codec-corpus.r2.imazen.org/imazen-26-png-v3/9226-lilith-ai-products/clothing/kids/9391_gen_products-clothing-kids_tshirt-stripe_onmodel_p0162_1024x1536.sdr.png
9393	train	9226-lilith-ai-products	sdr	9226-lilith-ai-products/clothing/kids/9393_gen_products-clothing-kids_twopiece-set-stripe_flat_p0164_1536x1024.sdr.png	https://codec-corpus.r2.imazen.org/imazen-26-png-v3/9226-lilith-ai-products/clothing/kids/9393_gen_products-clothing-kids_twopiece-set-stripe_flat_p0164_1536x1024.sdr.png
9394	train	9226-lilith-ai-products	sdr	9226-lilith-ai-products/clothing/mens/9394_gen_products-clothing-mens_cobalt-satin-bomber_p0165_2160x3840.sdr.png	https://codec-corpus.r2.imazen.org/imazen-26-png-v3/9226-lilith-ai-products/clothing/mens/9394_gen_products-clothing-mens_cobalt-satin-bomber_p0165_2160x3840.sdr.png
9395	train	9226-lilith-ai-products	sdr	9226-lilith-ai-products/clothing/mens/9395_gen_products-clothing-mens_electric-purple-cargo-co-ord_onmodel_p0166_2160x3840.sdr.png	https://codec-corpus.r2.imazen.org/imazen-26-png-v3/9226-lilith-ai-products/clothing/mens/9395_gen_products-clothing-mens_electric-purple-cargo-co-ord_onmodel_p0166_2160x3840.sdr.png
9396	train	9226-lilith-ai-products	sdr	9226-lilith-ai-products/clothing/mens/9396_gen_products-clothing-mens_grid-fleece-quarter-zip_p0167_2160x3840.sdr.png	https://codec-corpus.r2.imazen.org/imazen-26-png-v3/9226-lilith-ai-products/clothing/mens/9396_gen_products-clothing-mens_grid-fleece-quarter-zip_p0167_2160x3840.sdr.png
9397	train	9226-lilith-ai-products	sdr	9226-lilith-ai-products/clothing/mens/9397_gen_products-clothing-mens_lime-satin-bomber-jacket_ghost_p0168_1024x1536.sdr.png	https://codec-corpus.r2.imazen.org/imazen-26-png-v3/9226-lilith-ai-products/clothing/mens/9397_gen_products-clothing-mens_lime-satin-bomber-jacket_ghost_p0168_1024x1536.sdr.png
9398	train	9226-lilith-ai-products	sdr	9226-lilith-ai-products/clothing/mens/9398_gen_products-clothing-mens_bomber-jacket_ghost_p0169_1024x1536.sdr.png	https://codec-corpus.r2.imazen.org/imazen-26-png-v3/9226-lilith-ai-products/clothing/mens/9398_gen_products-clothing-mens_bomber-jacket_ghost_p0169_1024x1536.sdr.png
9399	train	9226-lilith-ai-products	sdr	9226-lilith-ai-products/clothing/mens/9399_gen_products-clothing-mens_canvas-belt_flat_p0170_1536x1024.sdr.png	https://codec-corpus.r2.imazen.org/imazen-26-png-v3/9226-lilith-ai-products/clothing/mens/9399_gen_products-clothing-mens_canvas-belt_flat_p0170_1536x1024.sdr.png
9400	train	9226-lilith-ai-products	sdr	9226-lilith-ai-products/clothing/mens/9400_gen_products-clothing-mens_cap-five-panel_flat_p0171_1024x1024.sdr.png	https://codec-corpus.r2.imazen.org/imazen-26-png-v3/9226-lilith-ai-products/clothing/mens/9400_gen_products-clothing-mens_cap-five-panel_flat_p0171_1024x1024.sdr.png
9401	train	9226-lilith-ai-products	sdr	9226-lilith-ai-products/clothing/mens/9401_gen_products-clothing-mens_chambray-shirt_flat_p0172_1024x1024.sdr.png	https://codec-corpus.r2.imazen.org/imazen-26-png-v3/9226-lilith-ai-products/clothing/mens/9401_gen_products-clothing-mens_chambray-shirt_flat_p0172_1024x1024.sdr.png
9402	train	9226-lilith-ai-products	sdr	9226-lilith-ai-products/clothing/mens/9402_gen_products-clothing-mens_charcoal-pleated-trouser_ghost_p0173_1024x1536.sdr.png	https://codec-corpus.r2.imazen.org/imazen-26-png-v3/9226-lilith-ai-products/clothing/mens/9402_gen_products-clothing-mens_charcoal-pleated-trouser_ghost_p0173_1024x1536.sdr.png
9403	train	9226-lilith-ai-products	sdr	9226-lilith-ai-products/clothing/mens/9403_gen_products-clothing-mens_chino-pant_ghost_p0174_1024x1536.sdr.png	https://codec-corpus.r2.imazen.org/imazen-26-png-v3/9226-lilith-ai-products/clothing/mens/9403_gen_products-clothing-mens_chino-pant_ghost_p0174_1024x1536.sdr.png
9404	train	9226-lilith-ai-products	sdr	9226-lilith-ai-products/clothing/mens/9404_gen_products-clothing-mens_denim-jacket_ghost_p0175_1024x1536.sdr.png	https://codec-corpus.r2.imazen.org/imazen-26-png-v3/9226-lilith-ai-products/clothing/mens/9404_gen_products-clothing-mens_denim-jacket_ghost_p0175_1024x1536.sdr.png
9405	train	9226-lilith-ai-products	sdr	9226-lilith-ai-products/clothing/mens/9405_gen_products-clothing-mens_flannel-shirt_onmodel_p0176_1024x1536.sdr.png	https://codec-corpus.r2.imazen.org/imazen-26-png-v3/9226-lilith-ai-products/clothing/mens/9405_gen_products-clothing-mens_flannel-shirt_onmodel_p0176_1024x1536.sdr.png
9410	train	9226-lilith-ai-products	sdr	9226-lilith-ai-products/clothing/mens/9410_gen_products-clothing-mens_hoodie-sage_onmodel_p0181_1024x1536.sdr.png	https://codec-corpus.r2.imazen.org/imazen-26-png-v3/9226-lilith-ai-products/clothing/mens/9410_gen_products-clothing-mens_hoodie-sage_onmodel_p0181_1024x1536.sdr.png
9411	train	9226-lilith-ai-products	sdr	9226-lilith-ai-products/clothing/mens/9411_gen_products-clothing-mens_jogger-pant_flat_p0182_1536x1024.sdr.png	https://codec-corpus.r2.imazen.org/imazen-26-png-v3/9226-lilith-ai-products/clothing/mens/9411_gen_products-clothing-mens_jogger-pant_flat_p0182_1536x1024.sdr.png
9412	train	9226-lilith-ai-products	sdr	9226-lilith-ai-products/clothing/mens/9412_gen_products-clothing-mens_marled-merino-crewneck_ghost_p0183_1024x1536.sdr.png	https://codec-corpus.r2.imazen.org/imazen-26-png-v3/9226-lilith-ai-products/clothing/mens/9412_gen_products-clothing-mens_marled-merino-crewneck_ghost_p0183_1024x1536.sdr.png
9413	train	9226-lilith-ai-products	sdr	9226-lilith-ai-products/clothing/mens/9413_gen_products-clothing-mens_navy-pique-polo_flat_p0184_1024x1024.sdr.png	https://codec-corpus.r2.imazen.org/imazen-26-png-v3/9226-lilith-ai-products/clothing/mens/9413_gen_products-clothing-mens_navy-pique-polo_flat_p0184_1024x1024.sdr.png
9415	train	9226-lilith-ai-products	sdr	9226-lilith-ai-products/clothing/mens/9415_gen_products-clothing-mens_overshirt-olive_ghost_p0186_1024x1536.sdr.png	https://codec-corpus.r2.imazen.org/imazen-26-png-v3/9226-lilith-ai-products/clothing/mens/9415_gen_products-clothing-mens_overshirt-olive_ghost_p0186_1024x1536.sdr.png
9416	train	9226-lilith-ai-products	sdr	9226-lilith-ai-products/clothing/mens/9416_gen_products-clothing-mens_oxford-shirt_flat_p0187_1024x1024.sdr.png	https://codec-corpus.r2.imazen.org/imazen-26-png-v3/9226-lilith-ai-products/clothing/mens/9416_gen_products-clothing-mens_oxford-shirt_flat_p0187_1024x1024.sdr.png
9417	train	9226-lilith-ai-products	sdr	9226-lilith-ai-products/clothing/mens/9417_gen_products-clothing-mens_poppy-swim-trunks_flat_p0188_1024x1536.sdr.png	https://codec-corpus.r2.imazen.org/imazen-26-png-v3/9226-lilith-ai-products/clothing/mens/9417_gen_products-clothing-mens_poppy-swim-trunks_flat_p0188_1024x1536.sdr.png
9418	train	9226-lilith-ai-products	sdr	9226-lilith-ai-products/clothing/mens/9418_gen_products-clothing-mens_quarter-zip-pullover_onmodel_p0189_1024x1536.sdr.png	https://codec-corpus.r2.imazen.org/imazen-26-png-v3/9226-lilith-ai-products/clothing/mens/9418_gen_products-clothing-mens_quarter-zip-pullover_onmodel_p0189_1024x1536.sdr.png
9419	train	9226-lilith-ai-products	sdr	9226-lilith-ai-products/clothing/mens/9419_gen_products-clothing-mens_saffron-camp-shirt_onmodel_p0190_1024x1536.sdr.png	https://codec-corpus.r2.imazen.org/imazen-26-png-v3/9226-lilith-ai-products/clothing/mens/9419_gen_products-clothing-mens_saffron-camp-shirt_onmodel_p0190_1024x1536.sdr.png
9420	train	9226-lilith-ai-products	sdr	9226-lilith-ai-products/clothing/mens/9420_gen_products-clothing-mens_shorts-stripe_flat_p0191_1024x1024.sdr.png	https://codec-corpus.r2.imazen.org/imazen-26-png-v3/9226-lilith-ai-products/clothing/mens/9420_gen_products-clothing-mens_shorts-stripe_flat_p0191_1024x1024.sdr.png
9421	train	9226-lilith-ai-products	sdr	9226-lilith-ai-products/clothing/mens/9421_gen_products-clothing-mens_socks-stripe_flat_p0192_1024x1024.sdr.png	https://codec-corpus.r2.imazen.org/imazen-26-png-v3/9226-lilith-ai-products/clothing/mens/9421_gen_products-clothing-mens_socks-stripe_flat_p0192_1024x1024.sdr.png
9422	train	9226-lilith-ai-products	sdr	9226-lilith-ai-products/clothing/mens/9422_gen_products-clothing-mens_sweatshirt-crew_onmodel_p0193_1024x1536.sdr.png	https://codec-corpus.r2.imazen.org/imazen-26-png-v3/9226-lilith-ai-products/clothing/mens/9422_gen_products-clothing-mens_sweatshirt-crew_onmodel_p0193_1024x1536.sdr.png
9423	train	9226-lilith-ai-products	sdr	9226-lilith-ai-products/clothing/mens/9423_gen_products-clothing-mens_swim-trunk_flat_p0194_1536x1024.sdr.png	https://codec-corpus.r2.imazen.org/imazen-26-png-v3/9226-lilith-ai-products/clothing/mens/9423_gen_products-clothing-mens_swim-trunk_flat_p0194_1536x1024.sdr.png
9424	train	9226-lilith-ai-products	sdr	9226-lilith-ai-products/clothing/mens/9424_gen_products-clothing-mens_tee-baseball-raglan_flat_p0195_1024x1024.sdr.png	https://codec-corpus.r2.imazen.org/imazen-26-png-v3/9226-lilith-ai-products/clothing/mens/9424_gen_products-clothing-mens_tee-baseball-raglan_flat_p0195_1024x1024.sdr.png
9425	train	9226-lilith-ai-products	sdr	9226-lilith-ai-products/clothing/mens/9425_gen_products-clothing-mens_tee-pocket-cream_flat_p0196_1024x1024.sdr.png	https://codec-corpus.r2.imazen.org/imazen-26-png-v3/9226-lilith-ai-products/clothing/mens/9425_gen_products-clothing-mens_tee-pocket-cream_flat_p0196_1024x1024.sdr.png
9426	train	9226-lilith-ai-products	sdr	9226-lilith-ai-products/clothing/mens/9426_gen_products-clothing-mens_tee-summer-blue_onmodel_p0197_1024x1536.sdr.png	https://codec-corpus.r2.imazen.org/imazen-26-png-v3/9226-lilith-ai-products/clothing/mens/9426_gen_products-clothing-mens_tee-summer-blue_onmodel_p0197_1024x1536.sdr.png
9427	train	9226-lilith-ai-products	sdr	9226-lilith-ai-products/clothing/mens/9427_gen_products-clothing-mens_tobacco-leather-jacket_onmodel_p0198_1024x1536.sdr.png	https://codec-corpus.r2.imazen.org/imazen-26-png-v3/9226-lilith-ai-products/clothing/mens/9427_gen_products-clothing-mens_tobacco-leather-jacket_onmodel_p0198_1024x1536.sdr.png
9428	train	9226-lilith-ai-products	sdr	9226-lilith-ai-products/clothing/mens/9428_gen_products-clothing-mens_merino-wool-crew-socks-charcoal-teal_flat_p0199_2048x2048.sdr.png	https://codec-corpus.r2.imazen.org/imazen-26-png-v3/9226-lilith-ai-products/clothing/mens/9428_gen_products-clothing-mens_merino-wool-crew-socks-charcoal-teal_flat_p0199_2048x2048.sdr.png
9429	train	9226-lilith-ai-products	sdr	9226-lilith-ai-products/clothing/mens/9429_gen_products-clothing-mens_scarlet-mens-overshirt_onmodel_p0200_1024x1536.sdr.png	https://codec-corpus.r2.imazen.org/imazen-26-png-v3/9226-lilith-ai-products/clothing/mens/9429_gen_products-clothing-mens_scarlet-mens-overshirt_onmodel_p0200_1024x1536.sdr.png
9430	train	9226-lilith-ai-products	sdr	9226-lilith-ai-products/clothing/mens/9430_gen_products-clothing-mens_waxed-shacket_p0201_2160x3840.sdr.png	https://codec-corpus.r2.imazen.org/imazen-26-png-v3/9226-lilith-ai-products/clothing/mens/9430_gen_products-clothing-mens_waxed-shacket_p0201_2160x3840.sdr.png
9432	train	9226-lilith-ai-products	sdr	9226-lilith-ai-products/clothing/womens/activewear/9432_gen_products-clothing-womens-activewear_flare-leggings-crop-terracotta_flat_p0203_1024x1536.sdr.png	https://codec-corpus.r2.imazen.org/imazen-26-png-v3/9226-lilith-ai-products/clothing/womens/activewear/9432_gen_products-clothing-womens-activewear_flare-leggings-crop-terracotta_flat_p0203_1024x1536.sdr.png
9433	train	9226-lilith-ai-products	sdr	9226-lilith-ai-products/clothing/womens/activewear/9433_gen_products-clothing-womens-activewear_hoodie-jogger-set-dustyblue_flat_p0204_1536x1024.sdr.png	https://codec-corpus.r2.imazen.org/imazen-26-png-v3/9226-lilith-ai-products/clothing/womens/activewear/9433_gen_products-clothing-womens-activewear_hoodie-jogger-set-dustyblue_flat_p0204_1536x1024.sdr.png
9434	train	9226-lilith-ai-products	sdr	9226-lilith-ai-products/clothing/womens/activewear/9434_gen_products-clothing-womens-activewear_longsleeve-leggings-mustard_flat_p0205_1536x1024.sdr.png	https://codec-corpus.r2.imazen.org/imazen-26-png-v3/9226-lilith-ai-products/clothing/womens/activewear/9434_gen_products-clothing-womens-activewear_longsleeve-leggings-mustard_flat_p0205_1536x1024.sdr.png
9435	train	9226-lilith-ai-products	sdr	9226-lilith-ai-products/clothing/womens/activewear/9435_gen_products-clothing-womens-activewear_quarter-zip-leggings-teal_flat_p0206_1536x1024.sdr.png	https://codec-corpus.r2.imazen.org/imazen-26-png-v3/9226-lilith-ai-products/clothing/womens/activewear/9435_gen_products-clothing-womens-activewear_quarter-zip-leggings-teal_flat_p0206_1536x1024.sdr.png
9436	train	9226-lilith-ai-products	sdr	9226-lilith-ai-products/clothing/womens/activewear/9436_gen_products-clothing-womens-activewear_romper-active-sage_flat_p0207_1024x1536.sdr.png	https://codec-corpus.r2.imazen.org/imazen-26-png-v3/9226-lilith-ai-products/clothing/womens/activewear/9436_gen_products-clothing-womens-activewear_romper-active-sage_flat_p0207_1024x1536.sdr.png
9437	train	9226-lilith-ai-products	sdr	9226-lilith-ai-products/clothing/womens/activewear/9437_gen_products-clothing-womens-activewear_sportsbra-leggings-set-coral_flat_p0208_1536x1024.sdr.png	https://codec-corpus.r2.imazen.org/imazen-26-png-v3/9226-lilith-ai-products/clothing/womens/activewear/9437_gen_products-clothing-womens-activewear_sportsbra-leggings-set-coral_flat_p0208_1536x1024.sdr.png
9438	train	9226-lilith-ai-products	sdr	9226-lilith-ai-products/clothing/womens/activewear/9438_gen_products-clothing-womens-activewear_tennis-dress-cream_flat_p0209_1024x1536.sdr.png	https://codec-corpus.r2.imazen.org/imazen-26-png-v3/9226-lilith-ai-products/clothing/womens/activewear/9438_gen_products-clothing-womens-activewear_tennis-dress-cream_flat_p0209_1024x1536.sdr.png
9439	train	9226-lilith-ai-products	sdr	9226-lilith-ai-products/clothing/womens/activewear/9439_gen_products-clothing-womens-activewear_windbreaker-shorts-coral_flat_p0210_1536x1024.sdr.png	https://codec-corpus.r2.imazen.org/imazen-26-png-v3/9226-lilith-ai-products/clothing/womens/activewear/9439_gen_products-clothing-womens-activewear_windbreaker-shorts-coral_flat_p0210_1536x1024.sdr.png
9440	train	9226-lilith-ai-products	sdr	9226-lilith-ai-products/clothing/womens/activewear/9440_gen_products-clothing-womens-activewear_bike-shorts-bra-yellow_onmodel_p0202_1024x1536.sdr.png	https://codec-corpus.r2.imazen.org/imazen-26-png-v3/9226-lilith-ai-products/clothing/womens/activewear/9440_gen_products-clothing-womens-activewear_bike-shorts-bra-yellow_onmodel_p0202_1024x1536.sdr.png
9441	train	9226-lilith-ai-products	sdr	9226-lilith-ai-products/clothing/womens/activewear/9441_gen_products-clothing-womens-activewear_crop-hoodie-flare-cream_onmodel_p0212_1024x1536.sdr.png	https://codec-corpus.r2.imazen.org/imazen-26-png-v3/9226-lilith-ai-products/clothing/womens/activewear/9441_gen_products-clothing-womens-activewear_crop-hoodie-flare-cream_onmodel_p0212_1024x1536.sdr.png
9443	train	9226-lilith-ai-products	sdr	9226-lilith-ai-products/clothing/womens/activewear/9443_gen_products-clothing-womens-activewear_hoodie-jogger-dustyblue_onmodel_p0204_1024x1536.sdr.png	https://codec-corpus.r2.imazen.org/imazen-26-png-v3/9226-lilith-ai-products/clothing/womens/activewear/9443_gen_products-clothing-womens-activewear_hoodie-jogger-dustyblue_onmodel_p0204_1024x1536.sdr.png
9444	train	9226-lilith-ai-products	sdr	9226-lilith-ai-products/clothing/womens/activewear/9444_gen_products-clothing-womens-activewear_longsleeve-tee-leggings-mustard_onmodel_p0205_1024x1536.sdr.png	https://codec-corpus.r2.imazen.org/imazen-26-png-v3/9226-lilith-ai-products/clothing/womens/activewear/9444_gen_products-clothing-womens-activewear_longsleeve-tee-leggings-mustard_onmodel_p0205_1024x1536.sdr.png
9445	train	9226-lilith-ai-products	sdr	9226-lilith-ai-products/clothing/womens/activewear/9445_gen_products-clothing-womens-activewear_quarter-zip-leggings-teal_onmodel_p0206_1024x1536.sdr.png	https://codec-corpus.r2.imazen.org/imazen-26-png-v3/9226-lilith-ai-products/clothing/womens/activewear/9445_gen_products-clothing-womens-activewear_quarter-zip-leggings-teal_onmodel_p0206_1024x1536.sdr.png
9446	train	9226-lilith-ai-products	sdr	9226-lilith-ai-products/clothing/womens/activewear/9446_gen_products-clothing-womens-activewear_romper-active-sage_onmodel_p0207_1024x1536.sdr.png	https://codec-corpus.r2.imazen.org/imazen-26-png-v3/9226-lilith-ai-products/clothing/womens/activewear/9446_gen_products-clothing-womens-activewear_romper-active-sage_onmodel_p0207_1024x1536.sdr.png
9447	train	9226-lilith-ai-products	sdr	9226-lilith-ai-products/clothing/womens/activewear/9447_gen_products-clothing-womens-activewear_sportsbra-leggings-coral_onmodel_p0208_1024x1536.sdr.png	https://codec-corpus.r2.imazen.org/imazen-26-png-v3/9226-lilith-ai-products/clothing/womens/activewear/9447_gen_products-clothing-womens-activewear_sportsbra-leggings-coral_onmodel_p0208_1024x1536.sdr.png
9448	train	9226-lilith-ai-products	sdr	9226-lilith-ai-products/clothing/womens/activewear/9448_gen_products-clothing-womens-activewear_tank-shorts-sage_onmodel_p0219_1024x1536.sdr.png	https://codec-corpus.r2.imazen.org/imazen-26-png-v3/9226-lilith-ai-products/clothing/womens/activewear/9448_gen_products-clothing-womens-activewear_tank-shorts-sage_onmodel_p0219_1024x1536.sdr.png
9449	train	9226-lilith-ai-products	sdr	9226-lilith-ai-products/clothing/womens/activewear/9449_gen_products-clothing-womens-activewear_tennis-dress-cream_onmodel_p0209_1024x1536.sdr.png	https://codec-corpus.r2.imazen.org/imazen-26-png-v3/9226-lilith-ai-products/clothing/womens/activewear/9449_gen_products-clothing-womens-activewear_tennis-dress-cream_onmodel_p0209_1024x1536.sdr.png
9450	train	9226-lilith-ai-products	sdr	9226-lilith-ai-products/clothing/womens/activewear/9450_gen_products-clothing-womens-activewear_windbreaker-shorts-coral_onmodel_p0210_1024x1536.sdr.png	https://codec-corpus.r2.imazen.org/imazen-26-png-v3/9226-lilith-ai-products/clothing/womens/activewear/9450_gen_products-clothing-womens-activewear_windbreaker-shorts-coral_onmodel_p0210_1024x1536.sdr.png
9451	train	9226-lilith-ai-products	sdr	9226-lilith-ai-products/clothing/womens/activewear/9451_gen_products-clothing-womens-activewear_leggings-pack-two_p0222_1536x1024.sdr.png	https://codec-corpus.r2.imazen.org/imazen-26-png-v3/9226-lilith-ai-products/clothing/womens/activewear/9451_gen_products-clothing-womens-activewear_leggings-pack-two_p0222_1536x1024.sdr.png
9452	train	9226-lilith-ai-products	sdr	9226-lilith-ai-products/clothing/womens/activewear/9452_gen_products-clothing-womens-activewear_oversized-tee-trio_p0223_1536x1024.sdr.png	https://codec-corpus.r2.imazen.org/imazen-26-png-v3/9226-lilith-ai-products/clothing/womens/activewear/9452_gen_products-clothing-womens-activewear_oversized-tee-trio_p0223_1536x1024.sdr.png
9454	train	9226-lilith-ai-products	sdr	9226-lilith-ai-products/clothing/womens/activewear/9454_gen_products-clothing-womens-activewear_cherry-red-short-set_onmodel_p0225_2160x3840.sdr.png	https://codec-corpus.r2.imazen.org/imazen-26-png-v3/9226-lilith-ai-products/clothing/womens/activewear/9454_gen_products-clothing-womens-activewear_cherry-red-short-set_onmodel_p0225_2160x3840.sdr.png
9456	train	9226-lilith-ai-products	sdr	9226-lilith-ai-products/clothing/womens/activewear/9456_gen_products-clothing-womens-activewear_electric-bike-shorts_p0226_2160x3840.sdr.png	https://codec-corpus.r2.imazen.org/imazen-26-png-v3/9226-lilith-ai-products/clothing/womens/activewear/9456_gen_products-clothing-womens-activewear_electric-bike-shorts_p0226_2160x3840.sdr.png
9458	train	9226-lilith-ai-products	sdr	9226-lilith-ai-products/clothing/womens/activewear/9458_gen_products-clothing-womens-activewear_tennis-skirt-jewel_onmodel_p0228_1024x1536.sdr.png	https://codec-corpus.r2.imazen.org/imazen-26-png-v3/9226-lilith-ai-products/clothing/womens/activewear/9458_gen_products-clothing-womens-activewear_tennis-skirt-jewel_onmodel_p0228_1024x1536.sdr.png
9459	train	9226-lilith-ai-products	sdr	9226-lilith-ai-products/clothing/womens/activewear/9459_gen_products-clothing-womens-activewear_high-waist-pocket-leggings-cobalt_onmodel_p0229_3072x5504.sdr.png	https://codec-corpus.r2.imazen.org/imazen-26-png-v3/9226-lilith-ai-products/clothing/womens/activewear/9459_gen_products-clothing-womens-activewear_high-waist-pocket-leggings-cobalt_onmodel_p0229_3072x5504.sdr.png
9460	train	9226-lilith-ai-products	sdr	9226-lilith-ai-products/clothing/womens/activewear/9460_gen_products-clothing-womens-activewear_highwaist-leggings-sage_onmodel_p0230_3072x5504.sdr.png	https://codec-corpus.r2.imazen.org/imazen-26-png-v3/9226-lilith-ai-products/clothing/womens/activewear/9460_gen_products-clothing-womens-activewear_highwaist-leggings-sage_onmodel_p0230_3072x5504.sdr.png
9461	train	9226-lilith-ai-products	sdr	9226-lilith-ai-products/clothing/womens/activewear/9461_gen_products-clothing-womens-activewear_packable-down-jacket-teal_onmodel_p0231_3072x5504.sdr.png	https://codec-corpus.r2.imazen.org/imazen-26-png-v3/9226-lilith-ai-products/clothing/womens/activewear/9461_gen_products-clothing-womens-activewear_packable-down-jacket-teal_onmodel_p0231_3072x5504.sdr.png
9462	train	9226-lilith-ai-products	sdr	9226-lilith-ai-products/clothing/womens/activewear/9462_gen_products-clothing-womens-activewear_softshell-jacket-slate_onmodel_p0232_3072x5504.sdr.png	https://codec-corpus.r2.imazen.org/imazen-26-png-v3/9226-lilith-ai-products/clothing/womens/activewear/9462_gen_products-clothing-womens-activewear_softshell-jacket-slate_onmodel_p0232_3072x5504.sdr.png
9463	train	9226-lilith-ai-products	sdr	9226-lilith-ai-products/clothing/womens/activewear/9463_gen_products-clothing-womens-activewear_swim-onepiece_flat_p0233_1024x1024.sdr.png	https://codec-corpus.r2.imazen.org/imazen-26-png-v3/9226-lilith-ai-products/clothing/womens/activewear/9463_gen_products-clothing-womens-activewear_swim-onepiece_flat_p0233_1024x1024.sdr.png
9464	train	9226-lilith-ai-products	sdr	9226-lilith-ai-products/clothing/womens/activewear/9464_gen_products-clothing-womens-activewear_trail-leggings-set-teal-charcoal_flat_p0234_2048x2048.sdr.png	https://codec-corpus.r2.imazen.org/imazen-26-png-v3/9226-lilith-ai-products/clothing/womens/activewear/9464_gen_products-clothing-womens-activewear_trail-leggings-set-teal-charcoal_flat_p0234_2048x2048.sdr.png
9465	train	9226-lilith-ai-products	sdr	9226-lilith-ai-products/clothing/womens/dark-bg/9465_gen_products-clothing-womens-dark-bg_acid-lime-trench_p0235_2160x3840.sdr.png	https://codec-corpus.r2.imazen.org/imazen-26-png-v3/9226-lilith-ai-products/clothing/womens/dark-bg/9465_gen_products-clothing-womens-dark-bg_acid-lime-trench_p0235_2160x3840.sdr.png
9466	train	9226-lilith-ai-products	sdr	9226-lilith-ai-products/clothing/womens/dark-bg/9466_gen_products-clothing-womens-dark-bg_chartreuse-fringe-mini-dress_onmodel_p0236_2160x3840.sdr.png	https://codec-corpus.r2.imazen.org/imazen-26-png-v3/9226-lilith-ai-products/clothing/womens/dark-bg/9466_gen_products-clothing-womens-dark-bg_chartreuse-fringe-mini-dress_onmodel_p0236_2160x3840.sdr.png
9467	train	9226-lilith-ai-products	sdr	9226-lilith-ai-products/clothing/womens/dark-bg/9467_gen_products-clothing-womens-dark-bg_chartreuse-pleated-midi-skirt_onmodel_p0237_1024x1536.sdr.png	https://codec-corpus.r2.imazen.org/imazen-26-png-v3/9226-lilith-ai-products/clothing/womens/dark-bg/9467_gen_products-clothing-womens-dark-bg_chartreuse-pleated-midi-skirt_onmodel_p0237_1024x1536.sdr.png
9468	train	9226-lilith-ai-products	sdr	9226-lilith-ai-products/clothing/womens/dark-bg/9468_gen_products-clothing-womens-dark-bg_cobalt-one-shoulder-dress_p0238_2160x3840.sdr.png	https://codec-corpus.r2.imazen.org/imazen-26-png-v3/9226-lilith-ai-products/clothing/womens/dark-bg/9468_gen_products-clothing-womens-dark-bg_cobalt-one-shoulder-dress_p0238_2160x3840.sdr.png
9469	train	9226-lilith-ai-products	sdr	9226-lilith-ai-products/clothing/womens/dark-bg/9469_gen_products-clothing-womens-dark-bg_cobalt-trailing-hem-slip-dress_onmodel_p0239_2160x3840.sdr.png	https://codec-corpus.r2.imazen.org/imazen-26-png-v3/9226-lilith-ai-products/clothing/womens/dark-bg/9469_gen_products-clothing-womens-dark-bg_cobalt-trailing-hem-slip-dress_onmodel_p0239_2160x3840.sdr.png
9472	train	9226-lilith-ai-products	sdr	9226-lilith-ai-products/clothing/womens/dark-bg/9472_gen_products-clothing-womens-dark-bg_emerald-velvet-bow-mini_onmodel_p0241_2160x3840.sdr.png	https://codec-corpus.r2.imazen.org/imazen-26-png-v3/9226-lilith-ai-products/clothing/womens/dark-bg/9472_gen_products-clothing-womens-dark-bg_emerald-velvet-bow-mini_onmodel_p0241_2160x3840.sdr.png
9473	train	9226-lilith-ai-products	sdr	9226-lilith-ai-products/clothing/womens/dark-bg/9473_gen_products-clothing-womens-dark-bg_fuchsia-faux-fur-cropped-coat_onmodel_p0242_2160x3840.sdr.png	https://codec-corpus.r2.imazen.org/imazen-26-png-v3/9226-lilith-ai-products/clothing/womens/dark-bg/9473_gen_products-clothing-womens-dark-bg_fuchsia-faux-fur-cropped-coat_onmodel_p0242_2160x3840.sdr.png
9475	train	9226-lilith-ai-products	sdr	9226-lilith-ai-products/clothing/womens/dark-bg/9475_gen_products-clothing-womens-dark-bg_magenta-sequin-mini_p0244_2160x3840.sdr.png	https://codec-corpus.r2.imazen.org/imazen-26-png-v3/9226-lilith-ai-products/clothing/womens/dark-bg/9475_gen_products-clothing-womens-dark-bg_magenta-sequin-mini_p0244_2160x3840.sdr.png
9478	train	9226-lilith-ai-products	sdr	9226-lilith-ai-products/clothing/womens/dark-bg/9478_gen_products-clothing-womens-dark-bg_silver-sequin-suit_p0247_2160x3840.sdr.png	https://codec-corpus.r2.imazen.org/imazen-26-png-v3/9226-lilith-ai-products/clothing/womens/dark-bg/9478_gen_products-clothing-womens-dark-bg_silver-sequin-suit_p0247_2160x3840.sdr.png
9479	train	9226-lilith-ai-products	sdr	9226-lilith-ai-products/clothing/womens/dark-bg/9479_gen_products-clothing-womens-dark-bg_swim-onepiece-onmodel-pool_onmodel_p0248_1024x1536.sdr.png	https://codec-corpus.r2.imazen.org/imazen-26-png-v3/9226-lilith-ai-products/clothing/womens/dark-bg/9479_gen_products-clothing-womens-dark-bg_swim-onepiece-onmodel-pool_onmodel_p0248_1024x1536.sdr.png
9481	train	9226-lilith-ai-products	sdr	9226-lilith-ai-products/clothing/womens/dark-bg/9481_gen_products-clothing-womens-dark-bg_ultraviolet-knit-coord_p0250_2160x3840.sdr.png	https://codec-corpus.r2.imazen.org/imazen-26-png-v3/9226-lilith-ai-products/clothing/womens/dark-bg/9481_gen_products-clothing-womens-dark-bg_ultraviolet-knit-coord_p0250_2160x3840.sdr.png
9482	train	9226-lilith-ai-products	sdr	9226-lilith-ai-products/clothing/womens/dark-bg/9482_gen_products-clothing-womens-dark-bg_wedding-guest-onmodel-editorial_onmodel_p0251_1024x1536.sdr.png	https://codec-corpus.r2.imazen.org/imazen-26-png-v3/9226-lilith-ai-products/clothing/womens/dark-bg/9482_gen_products-clothing-womens-dark-bg_wedding-guest-onmodel-editorial_onmodel_p0251_1024x1536.sdr.png
9483	train	9226-lilith-ai-products	sdr	9226-lilith-ai-products/clothing/womens/general/9483_gen_products-clothing-womens-general_abstract-print-silk-shirt_p0252_2160x3840.sdr.png	https://codec-corpus.r2.imazen.org/imazen-26-png-v3/9226-lilith-ai-products/clothing/womens/general/9483_gen_products-clothing-womens-general_abstract-print-silk-shirt_p0252_2160x3840.sdr.png
9484	train	9226-lilith-ai-products	sdr	9226-lilith-ai-products/clothing/womens/general/9484_gen_products-clothing-womens-general_acid-green-oversized-graphic-tee_onmodel_p0253_2160x3840.sdr.png	https://codec-corpus.r2.imazen.org/imazen-26-png-v3/9226-lilith-ai-products/clothing/womens/general/9484_gen_products-clothing-womens-general_acid-green-oversized-graphic-tee_onmodel_p0253_2160x3840.sdr.png
9485	train	9226-lilith-ai-products	sdr	9226-lilith-ai-products/clothing/womens/general/9485_gen_products-clothing-womens-general_blush-trench-coat_onmodel_p0254_1024x1536.sdr.png	https://codec-corpus.r2.imazen.org/imazen-26-png-v3/9226-lilith-ai-products/clothing/womens/general/9485_gen_products-clothing-womens-general_blush-trench-coat_onmodel_p0254_1024x1536.sdr.png
9486	train	9226-lilith-ai-products	sdr	9226-lilith-ai-products/clothing/womens/general/9486_gen_products-clothing-womens-general_burgundy-tee-pomegranate_p0255_1024x1536.sdr.png	https://codec-corpus.r2.imazen.org/imazen-26-png-v3/9226-lilith-ai-products/clothing/womens/general/9486_gen_products-clothing-womens-general_burgundy-tee-pomegranate_p0255_1024x1536.sdr.png
9487	train	9226-lilith-ai-products	sdr	9226-lilith-ai-products/clothing/womens/general/9487_gen_products-clothing-womens-general_cherry-retro-ski-intarsia-sweater_onmodel_p0256_2160x3840.sdr.png	https://codec-corpus.r2.imazen.org/imazen-26-png-v3/9226-lilith-ai-products/clothing/womens/general/9487_gen_products-clothing-womens-general_cherry-retro-ski-intarsia-sweater_onmodel_p0256_2160x3840.sdr.png
9489	train	9226-lilith-ai-products	sdr	9226-lilith-ai-products/clothing/womens/general/9489_gen_products-clothing-womens-general_cobalt-faux-leather-pants_p0258_2160x3840.sdr.png	https://codec-corpus.r2.imazen.org/imazen-26-png-v3/9226-lilith-ai-products/clothing/womens/general/9489_gen_products-clothing-womens-general_cobalt-faux-leather-pants_p0258_2160x3840.sdr.png
9490	train	9226-lilith-ai-products	sdr	9226-lilith-ai-products/clothing/womens/general/9490_gen_products-clothing-womens-general_cobalt-puff-sleeve-mini_onmodel_p0259_1024x1536.sdr.png	https://codec-corpus.r2.imazen.org/imazen-26-png-v3/9226-lilith-ai-products/clothing/womens/general/9490_gen_products-clothing-womens-general_cobalt-puff-sleeve-mini_onmodel_p0259_1024x1536.sdr.png
9491	train	9226-lilith-ai-products	sdr	9226-lilith-ai-products/clothing/womens/general/9491_gen_products-clothing-womens-general_colorblock-fleece-half-zip_onmodel_p0260_2160x3840.sdr.png	https://codec-corpus.r2.imazen.org/imazen-26-png-v3/9226-lilith-ai-products/clothing/womens/general/9491_gen_products-clothing-womens-general_colorblock-fleece-half-zip_onmodel_p0260_2160x3840.sdr.png
9493	train	9226-lilith-ai-products	sdr	9226-lilith-ai-products/clothing/womens/general/9493_gen_products-clothing-womens-general_cream-mohair-cardigan_onmodel_p0262_1024x1536.sdr.png	https://codec-corpus.r2.imazen.org/imazen-26-png-v3/9226-lilith-ai-products/clothing/womens/general/9493_gen_products-clothing-womens-general_cream-mohair-cardigan_onmodel_p0262_1024x1536.sdr.png
9494	train	9226-lilith-ai-products	sdr	9226-lilith-ai-products/clothing/womens/general/9494_gen_products-clothing-womens-general_denim-jacket-women-flat_detail_p0263_1024x1024.sdr.png	https://codec-corpus.r2.imazen.org/imazen-26-png-v3/9226-lilith-ai-products/clothing/womens/general/9494_gen_products-clothing-womens-general_denim-jacket-women-flat_detail_p0263_1024x1024.sdr.png
9495	train	9226-lilith-ai-products	sdr	9226-lilith-ai-products/clothing/womens/general/9495_gen_products-clothing-womens-general_denim-jumpsuit-flat-lifestyle_flat_p0264_1024x1536.sdr.png	https://codec-corpus.r2.imazen.org/imazen-26-png-v3/9226-lilith-ai-products/clothing/womens/general/9495_gen_products-clothing-womens-general_denim-jumpsuit-flat-lifestyle_flat_p0264_1024x1536.sdr.png
9496	train	9226-lilith-ai-products	sdr	9226-lilith-ai-products/clothing/womens/general/9496_gen_products-clothing-womens-general_emerald-cutout-knit-dress_onmodel_p0240_2160x3840.sdr.png	https://codec-corpus.r2.imazen.org/imazen-26-png-v3/9226-lilith-ai-products/clothing/womens/general/9496_gen_products-clothing-womens-general_emerald-cutout-knit-dress_onmodel_p0240_2160x3840.sdr.png
9497	train	9226-lilith-ai-products	sdr	9226-lilith-ai-products/clothing/womens/general/9497_gen_products-clothing-womens-general_emerald-velvet-tuxedo-trouser_flat_p0265_1024x1536.sdr.png	https://codec-corpus.r2.imazen.org/imazen-26-png-v3/9226-lilith-ai-products/clothing/womens/general/9497_gen_products-clothing-womens-general_emerald-velvet-tuxedo-trouser_flat_p0265_1024x1536.sdr.png
9498	train	9226-lilith-ai-products	sdr	9226-lilith-ai-products/clothing/womens/general/9498_gen_products-clothing-womens-general_fuchsia-blazer_onmodel_p0266_1024x1536.sdr.png	https://codec-corpus.r2.imazen.org/imazen-26-png-v3/9226-lilith-ai-products/clothing/womens/general/9498_gen_products-clothing-womens-general_fuchsia-blazer_onmodel_p0266_1024x1536.sdr.png
9500	train	9226-lilith-ai-products	sdr	9226-lilith-ai-products/clothing/womens/general/9500_gen_products-clothing-womens-general_garnet-navy-tartan-tea-dress_onmodel_p0268_2160x3840.sdr.png	https://codec-corpus.r2.imazen.org/imazen-26-png-v3/9226-lilith-ai-products/clothing/womens/general/9500_gen_products-clothing-womens-general_garnet-navy-tartan-tea-dress_onmodel_p0268_2160x3840.sdr.png
9501	train	9226-lilith-ai-products	sdr	9226-lilith-ai-products/clothing/womens/general/9501_gen_products-clothing-womens-general_graphic-tee-girls-band-flat_p0269_1024x1536.sdr.png	https://codec-corpus.r2.imazen.org/imazen-26-png-v3/9226-lilith-ai-products/clothing/womens/general/9501_gen_products-clothing-womens-general_graphic-tee-girls-band-flat_p0269_1024x1536.sdr.png
9502	train	9226-lilith-ai-products	sdr	9226-lilith-ai-products/clothing/womens/general/9502_gen_products-clothing-womens-general_indigo-utility-jumpsuit_onmodel_p0270_1024x1536.sdr.png	https://codec-corpus.r2.imazen.org/imazen-26-png-v3/9226-lilith-ai-products/clothing/womens/general/9502_gen_products-clothing-womens-general_indigo-utility-jumpsuit_onmodel_p0270_1024x1536.sdr.png
9503	train	9226-lilith-ai-products	sdr	9226-lilith-ai-products/clothing/womens/general/9503_gen_products-clothing-womens-general_ivory-cable-knit-cardigan_ghost_p0271_1024x1536.sdr.png	https://codec-corpus.r2.imazen.org/imazen-26-png-v3/9226-lilith-ai-products/clothing/womens/general/9503_gen_products-clothing-womens-general_ivory-cable-knit-cardigan_ghost_p0271_1024x1536.sdr.png
9504	train	9226-lilith-ai-products	sdr	9226-lilith-ai-products/clothing/womens/general/9504_gen_products-clothing-womens-general_lemon-tank-shirt-set_onmodel_p0272_1024x1536.sdr.png	https://codec-corpus.r2.imazen.org/imazen-26-png-v3/9226-lilith-ai-products/clothing/womens/general/9504_gen_products-clothing-womens-general_lemon-tank-shirt-set_onmodel_p0272_1024x1536.sdr.png
9505	train	9226-lilith-ai-products	sdr	9226-lilith-ai-products/clothing/womens/general/9505_gen_products-clothing-womens-general_marigold-corduroy-overalls_onmodel_p0273_1024x1536.sdr.png	https://codec-corpus.r2.imazen.org/imazen-26-png-v3/9226-lilith-ai-products/clothing/womens/general/9505_gen_products-clothing-womens-general_marigold-corduroy-overalls_onmodel_p0273_1024x1536.sdr.png
9506	train	9226-lilith-ai-products	sdr	9226-lilith-ai-products/clothing/womens/general/9506_gen_products-clothing-womens-general_marigold-funnel-neck-volume-top_onmodel_p0274_2160x3840.sdr.png	https://codec-corpus.r2.imazen.org/imazen-26-png-v3/9226-lilith-ai-products/clothing/womens/general/9506_gen_products-clothing-womens-general_marigold-funnel-neck-volume-top_onmodel_p0274_2160x3840.sdr.png
9507	train	9226-lilith-ai-products	sdr	9226-lilith-ai-products/clothing/womens/general/9507_gen_products-clothing-womens-general_marigold-palazzo-trousers_p0275_2160x3840.sdr.png	https://codec-corpus.r2.imazen.org/imazen-26-png-v3/9226-lilith-ai-products/clothing/womens/general/9507_gen_products-clothing-womens-general_marigold-palazzo-trousers_p0275_2160x3840.sdr.png
9508	train	9226-lilith-ai-products	sdr	9226-lilith-ai-products/clothing/womens/general/9508_gen_products-clothing-womens-general_marigold-palazzo-trousers_onmodel_p0275_2160x3840.sdr.png	https://codec-corpus.r2.imazen.org/imazen-26-png-v3/9226-lilith-ai-products/clothing/womens/general/9508_gen_products-clothing-womens-general_marigold-palazzo-trousers_onmodel_p0275_2160x3840.sdr.png
9510	train	9226-lilith-ai-products	sdr	9226-lilith-ai-products/clothing/womens/general/9510_gen_products-clothing-womens-general_mens-oxford-button-down-dusty-blue_onmodel_p0277_3072x5504.sdr.png	https://codec-corpus.r2.imazen.org/imazen-26-png-v3/9226-lilith-ai-products/clothing/womens/general/9510_gen_products-clothing-womens-general_mens-oxford-button-down-dusty-blue_onmodel_p0277_3072x5504.sdr.png
9511	train	9226-lilith-ai-products	sdr	9226-lilith-ai-products/clothing/womens/general/9511_gen_products-clothing-womens-general_ochre-wide-leg-jeans_flat_p0278_1024x1536.sdr.png	https://codec-corpus.r2.imazen.org/imazen-26-png-v3/9226-lilith-ai-products/clothing/womens/general/9511_gen_products-clothing-womens-general_ochre-wide-leg-jeans_flat_p0278_1024x1536.sdr.png
9512	train	9226-lilith-ai-products	sdr	9226-lilith-ai-products/clothing/womens/general/9512_gen_products-clothing-womens-general_plisse-metallic-skirt_p0279_2160x3840.sdr.png	https://codec-corpus.r2.imazen.org/imazen-26-png-v3/9226-lilith-ai-products/clothing/womens/general/9512_gen_products-clothing-womens-general_plisse-metallic-skirt_p0279_2160x3840.sdr.png
9514	train	9226-lilith-ai-products	sdr	9226-lilith-ai-products/clothing/womens/general/9514_gen_products-clothing-womens-general_red-skyblue-colorblock-shirtdress_onmodel_p0281_2160x3840.sdr.png	https://codec-corpus.r2.imazen.org/imazen-26-png-v3/9226-lilith-ai-products/clothing/womens/general/9514_gen_products-clothing-womens-general_red-skyblue-colorblock-shirtdress_onmodel_p0281_2160x3840.sdr.png
9516	train	9226-lilith-ai-products	sdr	9226-lilith-ai-products/clothing/womens/general/9516_gen_products-clothing-womens-general_scarlet-puff-blouse_p0283_2160x3840.sdr.png	https://codec-corpus.r2.imazen.org/imazen-26-png-v3/9226-lilith-ai-products/clothing/womens/general/9516_gen_products-clothing-womens-general_scarlet-puff-blouse_p0283_2160x3840.sdr.png
9517	train	9226-lilith-ai-products	sdr	9226-lilith-ai-products/clothing/womens/general/9517_gen_products-clothing-womens-general_scarlet-puff-blouse_onmodel_p0283_2160x3840.sdr.png	https://codec-corpus.r2.imazen.org/imazen-26-png-v3/9226-lilith-ai-products/clothing/womens/general/9517_gen_products-clothing-womens-general_scarlet-puff-blouse_onmodel_p0283_2160x3840.sdr.png
9518	train	9226-lilith-ai-products	sdr	9226-lilith-ai-products/clothing/womens/general/9518_gen_products-clothing-womens-general_silver-metallic-statement-puffer_ghost_p0284_2160x3840.sdr.png	https://codec-corpus.r2.imazen.org/imazen-26-png-v3/9226-lilith-ai-products/clothing/womens/general/9518_gen_products-clothing-womens-general_silver-metallic-statement-puffer_ghost_p0284_2160x3840.sdr.png
9519	train	9226-lilith-ai-products	sdr	9226-lilith-ai-products/clothing/womens/general/9519_gen_products-clothing-womens-general_silver-metallic-statement-puffer_onmodel_p0284_2160x3840.sdr.png	https://codec-corpus.r2.imazen.org/imazen-26-png-v3/9226-lilith-ai-products/clothing/womens/general/9519_gen_products-clothing-womens-general_silver-metallic-statement-puffer_onmodel_p0284_2160x3840.sdr.png
9520	train	9226-lilith-ai-products	sdr	9226-lilith-ai-products/clothing/womens/general/9520_gen_products-clothing-womens-general_slogan-out-of-office-tee_p0285_2880x2880.sdr.png	https://codec-corpus.r2.imazen.org/imazen-26-png-v3/9226-lilith-ai-products/clothing/womens/general/9520_gen_products-clothing-womens-general_slogan-out-of-office-tee_p0285_2880x2880.sdr.png
9521	train	9226-lilith-ai-products	sdr	9226-lilith-ai-products/clothing/womens/general/9521_gen_products-clothing-womens-general_tangerine-power-blazer_p0286_2160x3840.sdr.png	https://codec-corpus.r2.imazen.org/imazen-26-png-v3/9226-lilith-ai-products/clothing/womens/general/9521_gen_products-clothing-womens-general_tangerine-power-blazer_p0286_2160x3840.sdr.png
9522	train	9226-lilith-ai-products	sdr	9226-lilith-ai-products/clothing/womens/general/9522_gen_products-clothing-womens-general_tomato-mock-neck-knit_onmodel_p0287_1024x1536.sdr.png	https://codec-corpus.r2.imazen.org/imazen-26-png-v3/9226-lilith-ai-products/clothing/womens/general/9522_gen_products-clothing-womens-general_tomato-mock-neck-knit_onmodel_p0287_1024x1536.sdr.png
9523	train	9226-lilith-ai-products	sdr	9226-lilith-ai-products/clothing/womens/general/9523_gen_products-clothing-womens-general_turquoise-ruffle-bralette-slip_onmodel_p0288_2160x3840.sdr.png	https://codec-corpus.r2.imazen.org/imazen-26-png-v3/9226-lilith-ai-products/clothing/womens/general/9523_gen_products-clothing-womens-general_turquoise-ruffle-bralette-slip_onmodel_p0288_2160x3840.sdr.png
9525	train	9226-lilith-ai-products	sdr	9226-lilith-ai-products/clothing/womens/general/9525_gen_products-clothing-womens-general_cream-knit-cardigan_onmodel_p0290_1024x1536.sdr.png	https://codec-corpus.r2.imazen.org/imazen-26-png-v3/9226-lilith-ai-products/clothing/womens/general/9525_gen_products-clothing-womens-general_cream-knit-cardigan_onmodel_p0290_1024x1536.sdr.png
9526	train	9226-lilith-ai-products	sdr	9226-lilith-ai-products/clothing/womens/general/9526_gen_products-clothing-womens-general_denim-jacket_flat_p0291_1024x1024.sdr.png	https://codec-corpus.r2.imazen.org/imazen-26-png-v3/9226-lilith-ai-products/clothing/womens/general/9526_gen_products-clothing-womens-general_denim-jacket_flat_p0291_1024x1024.sdr.png
9527	train	9226-lilith-ai-products	sdr	9226-lilith-ai-products/clothing/womens/general/9527_gen_products-clothing-womens-general_ditsy-floral-sundress_onmodel_p0292_1024x1536.sdr.png	https://codec-corpus.r2.imazen.org/imazen-26-png-v3/9226-lilith-ai-products/clothing/womens/general/9527_gen_products-clothing-womens-general_ditsy-floral-sundress_onmodel_p0292_1024x1536.sdr.png
9528	train	9226-lilith-ai-products	sdr	9226-lilith-ai-products/clothing/womens/general/9528_gen_products-clothing-womens-general_dusty-blue-blouse_onmodel_p0293_1024x1536.sdr.png	https://codec-corpus.r2.imazen.org/imazen-26-png-v3/9226-lilith-ai-products/clothing/womens/general/9528_gen_products-clothing-womens-general_dusty-blue-blouse_onmodel_p0293_1024x1536.sdr.png
9529	train	9226-lilith-ai-products	sdr	9226-lilith-ai-products/clothing/womens/general/9529_gen_products-clothing-womens-general_everyday-tshirt-dress-dusty-teal_onmodel_p0294_3072x5504.sdr.png	https://codec-corpus.r2.imazen.org/imazen-26-png-v3/9226-lilith-ai-products/clothing/womens/general/9529_gen_products-clothing-womens-general_everyday-tshirt-dress-dusty-teal_onmodel_p0294_3072x5504.sdr.png
9530	train	9226-lilith-ai-products	sdr	9226-lilith-ai-products/clothing/womens/general/9530_gen_products-clothing-womens-general_floral-midi-sundress-blush_onmodel_p0295_3072x5504.sdr.png	https://codec-corpus.r2.imazen.org/imazen-26-png-v3/9226-lilith-ai-products/clothing/womens/general/9530_gen_products-clothing-womens-general_floral-midi-sundress-blush_onmodel_p0295_3072x5504.sdr.png
9531	train	9226-lilith-ai-products	sdr	9226-lilith-ai-products/clothing/womens/general/9531_gen_products-clothing-womens-general_floral-wrap-dress_onmodel_p0296_1024x1536.sdr.png	https://codec-corpus.r2.imazen.org/imazen-26-png-v3/9226-lilith-ai-products/clothing/womens/general/9531_gen_products-clothing-womens-general_floral-wrap-dress_onmodel_p0296_1024x1536.sdr.png
9532	train	9226-lilith-ai-products	sdr	9226-lilith-ai-products/clothing/womens/general/9532_gen_products-clothing-womens-general_gingham-shirt-dress_ghost_p0297_1024x1536.sdr.png	https://codec-corpus.r2.imazen.org/imazen-26-png-v3/9226-lilith-ai-products/clothing/womens/general/9532_gen_products-clothing-womens-general_gingham-shirt-dress_ghost_p0297_1024x1536.sdr.png
9533	train	9226-lilith-ai-products	sdr	9226-lilith-ai-products/clothing/womens/general/9533_gen_products-clothing-womens-general_graphic-sweatshirt_p0298_1024x1536.sdr.png	https://codec-corpus.r2.imazen.org/imazen-26-png-v3/9226-lilith-ai-products/clothing/womens/general/9533_gen_products-clothing-womens-general_graphic-sweatshirt_p0298_1024x1536.sdr.png
9535	train	9226-lilith-ai-products	sdr	9226-lilith-ai-products/clothing/womens/general/9535_gen_products-clothing-womens-general_linen-button-shirt_flat_p0300_1024x1024.sdr.png	https://codec-corpus.r2.imazen.org/imazen-26-png-v3/9226-lilith-ai-products/clothing/womens/general/9535_gen_products-clothing-womens-general_linen-button-shirt_flat_p0300_1024x1024.sdr.png
9536	train	9226-lilith-ai-products	sdr	9226-lilith-ai-products/clothing/womens/general/9536_gen_products-clothing-womens-general_olive-cargo-pant_ghost_p0301_1024x1536.sdr.png	https://codec-corpus.r2.imazen.org/imazen-26-png-v3/9226-lilith-ai-products/clothing/womens/general/9536_gen_products-clothing-womens-general_olive-cargo-pant_ghost_p0301_1024x1536.sdr.png
9537	train	9226-lilith-ai-products	sdr	9226-lilith-ai-products/clothing/womens/general/9537_gen_products-clothing-womens-general_plus-jumpsuit_onmodel_p0302_1024x1536.sdr.png	https://codec-corpus.r2.imazen.org/imazen-26-png-v3/9226-lilith-ai-products/clothing/womens/general/9537_gen_products-clothing-womens-general_plus-jumpsuit_onmodel_p0302_1024x1536.sdr.png
9538	train	9226-lilith-ai-products	sdr	9226-lilith-ai-products/clothing/womens/general/9538_gen_products-clothing-womens-general_puff-sleeve-blouse_flat_p0303_1024x1024.sdr.png	https://codec-corpus.r2.imazen.org/imazen-26-png-v3/9226-lilith-ai-products/clothing/womens/general/9538_gen_products-clothing-womens-general_puff-sleeve-blouse_flat_p0303_1024x1024.sdr.png
9539	train	9226-lilith-ai-products	sdr	9226-lilith-ai-products/clothing/womens/general/9539_gen_products-clothing-womens-general_ribbed-tank_flat_p0304_1024x1024.sdr.png	https://codec-corpus.r2.imazen.org/imazen-26-png-v3/9226-lilith-ai-products/clothing/womens/general/9539_gen_products-clothing-womens-general_ribbed-tank_flat_p0304_1024x1024.sdr.png
9540	train	9226-lilith-ai-products	sdr	9226-lilith-ai-products/clothing/womens/general/9540_gen_products-clothing-womens-general_rust-corduroy-skirt_ghost_p0305_1024x1536.sdr.png	https://codec-corpus.r2.imazen.org/imazen-26-png-v3/9226-lilith-ai-products/clothing/womens/general/9540_gen_products-clothing-womens-general_rust-corduroy-skirt_ghost_p0305_1024x1536.sdr.png
9541	train	9226-lilith-ai-products	sdr	9226-lilith-ai-products/clothing/womens/general/9541_gen_products-clothing-womens-general_sage-cardigan_flat_p0306_1024x1024.sdr.png	https://codec-corpus.r2.imazen.org/imazen-26-png-v3/9226-lilith-ai-products/clothing/womens/general/9541_gen_products-clothing-womens-general_sage-cardigan_flat_p0306_1024x1024.sdr.png
9542	train	9226-lilith-ai-products	sdr	9226-lilith-ai-products/clothing/womens/general/9542_gen_products-clothing-womens-general_stripe-tee-dress_onmodel_p0307_1024x1536.sdr.png	https://codec-corpus.r2.imazen.org/imazen-26-png-v3/9226-lilith-ai-products/clothing/womens/general/9542_gen_products-clothing-womens-general_stripe-tee-dress_onmodel_p0307_1024x1536.sdr.png
9543	train	9226-lilith-ai-products	sdr	9226-lilith-ai-products/clothing/womens/general/9543_gen_products-clothing-womens-general_teal-graphic-tee_p0308_1024x1536.sdr.png	https://codec-corpus.r2.imazen.org/imazen-26-png-v3/9226-lilith-ai-products/clothing/womens/general/9543_gen_products-clothing-womens-general_teal-graphic-tee_p0308_1024x1536.sdr.png
9544	train	9226-lilith-ai-products	sdr	9226-lilith-ai-products/clothing/womens/general/9544_gen_products-clothing-womens-general_terracotta-knit-dress_onmodel_p0309_1024x1536.sdr.png	https://codec-corpus.r2.imazen.org/imazen-26-png-v3/9226-lilith-ai-products/clothing/womens/general/9544_gen_products-clothing-womens-general_terracotta-knit-dress_onmodel_p0309_1024x1536.sdr.png
9545	train	9226-lilith-ai-products	sdr	9226-lilith-ai-products/clothing/womens/general/9545_gen_products-clothing-womens-general_wide-leg-jean_ghost_p0310_1024x1536.sdr.png	https://codec-corpus.r2.imazen.org/imazen-26-png-v3/9226-lilith-ai-products/clothing/womens/general/9545_gen_products-clothing-womens-general_wide-leg-jean_ghost_p0310_1024x1536.sdr.png
9546	train	9226-lilith-ai-products	sdr	9226-lilith-ai-products/clothing/womens/general/9546_gen_products-clothing-womens-general_yellow-cropped-cardigan_onmodel_p0311_1024x1536.sdr.png	https://codec-corpus.r2.imazen.org/imazen-26-png-v3/9226-lilith-ai-products/clothing/womens/general/9546_gen_products-clothing-womens-general_yellow-cropped-cardigan_onmodel_p0311_1024x1536.sdr.png
9547	train	9226-lilith-ai-products	sdr	9226-lilith-ai-products/clothing/womens/general/9547_gen_products-clothing-womens-general_wordmark-bloom-minimal-tee_p0312_2048x2048.sdr.png	https://codec-corpus.r2.imazen.org/imazen-26-png-v3/9226-lilith-ai-products/clothing/womens/general/9547_gen_products-clothing-womens-general_wordmark-bloom-minimal-tee_p0312_2048x2048.sdr.png
9548	train	9226-lilith-ai-products	sdr	9226-lilith-ai-products/clothing/womens/general/9548_gen_products-clothing-womens-general_wordmark-sundaze-tee_p0313_2880x2880.sdr.png	https://codec-corpus.r2.imazen.org/imazen-26-png-v3/9226-lilith-ai-products/clothing/womens/general/9548_gen_products-clothing-womens-general_wordmark-sundaze-tee_p0313_2880x2880.sdr.png
9549	train	9226-lilith-ai-products	sdr	9226-lilith-ai-products/clothing/womens/loungewear/9549_gen_products-clothing-womens-loungewear_blush-floral-pajama-set_flat_p0314_1024x1536.sdr.png	https://codec-corpus.r2.imazen.org/imazen-26-png-v3/9226-lilith-ai-products/clothing/womens/loungewear/9549_gen_products-clothing-womens-loungewear_blush-floral-pajama-set_flat_p0314_1024x1536.sdr.png
9550	train	9226-lilith-ai-products	sdr	9226-lilith-ai-products/clothing/womens/loungewear/9550_gen_products-clothing-womens-loungewear_blush-fuzzy-slippers_flat_p0315_1536x1024.sdr.png	https://codec-corpus.r2.imazen.org/imazen-26-png-v3/9226-lilith-ai-products/clothing/womens/loungewear/9550_gen_products-clothing-womens-loungewear_blush-fuzzy-slippers_flat_p0315_1536x1024.sdr.png
9551	train	9226-lilith-ai-products	sdr	9226-lilith-ai-products/clothing/womens/loungewear/9551_gen_products-clothing-womens-loungewear_blush-robe_onmodel_p0316_1024x1536.sdr.png	https://codec-corpus.r2.imazen.org/imazen-26-png-v3/9226-lilith-ai-products/clothing/womens/loungewear/9551_gen_products-clothing-womens-loungewear_blush-robe_onmodel_p0316_1024x1536.sdr.png
9552	train	9226-lilith-ai-products	sdr	9226-lilith-ai-products/clothing/womens/loungewear/9552_gen_products-clothing-womens-loungewear_blush-satin-robe_flat_p0317_1024x1536.sdr.png	https://codec-corpus.r2.imazen.org/imazen-26-png-v3/9226-lilith-ai-products/clothing/womens/loungewear/9552_gen_products-clothing-womens-loungewear_blush-satin-robe_flat_p0317_1024x1536.sdr.png
9553	train	9226-lilith-ai-products	sdr	9226-lilith-ai-products/clothing/womens/loungewear/9553_gen_products-clothing-womens-loungewear_buttery-yellow-tank-short-set_flat_p0318_1024x1024.sdr.png	https://codec-corpus.r2.imazen.org/imazen-26-png-v3/9226-lilith-ai-products/clothing/womens/loungewear/9553_gen_products-clothing-womens-loungewear_buttery-yellow-tank-short-set_flat_p0318_1024x1024.sdr.png
9554	train	9226-lilith-ai-products	sdr	9226-lilith-ai-products/clothing/womens/loungewear/9554_gen_products-clothing-womens-loungewear_coral-lounge-shorts_flat_p0319_1536x1024.sdr.png	https://codec-corpus.r2.imazen.org/imazen-26-png-v3/9226-lilith-ai-products/clothing/womens/loungewear/9554_gen_products-clothing-womens-loungewear_coral-lounge-shorts_flat_p0319_1536x1024.sdr.png
9555	train	9226-lilith-ai-products	sdr	9226-lilith-ai-products/clothing/womens/loungewear/9555_gen_products-clothing-womens-loungewear_coral-pajama-set_onmodel_p0320_1024x1536.sdr.png	https://codec-corpus.r2.imazen.org/imazen-26-png-v3/9226-lilith-ai-products/clothing/womens/loungewear/9555_gen_products-clothing-womens-loungewear_coral-pajama-set_onmodel_p0320_1024x1536.sdr.png
9556	train	9226-lilith-ai-products	sdr	9226-lilith-ai-products/clothing/womens/loungewear/9556_gen_products-clothing-womens-loungewear_coral-ribbed-bralette_flat_p0321_1024x1024.sdr.png	https://codec-corpus.r2.imazen.org/imazen-26-png-v3/9226-lilith-ai-products/clothing/womens/loungewear/9556_gen_products-clothing-womens-loungewear_coral-ribbed-bralette_flat_p0321_1024x1024.sdr.png
9557	train	9226-lilith-ai-products	sdr	9226-lilith-ai-products/clothing/womens/loungewear/9557_gen_products-clothing-womens-loungewear_cream-thermal-henley-pants_flat_p0322_1024x1536.sdr.png	https://codec-corpus.r2.imazen.org/imazen-26-png-v3/9226-lilith-ai-products/clothing/womens/loungewear/9557_gen_products-clothing-womens-loungewear_cream-thermal-henley-pants_flat_p0322_1024x1536.sdr.png
9558	train	9226-lilith-ai-products	sdr	9226-lilith-ai-products/clothing/womens/loungewear/9558_gen_products-clothing-womens-loungewear_cream-thermal-set_onmodel_p0323_1024x1536.sdr.png	https://codec-corpus.r2.imazen.org/imazen-26-png-v3/9226-lilith-ai-products/clothing/womens/loungewear/9558_gen_products-clothing-womens-loungewear_cream-thermal-set_onmodel_p0323_1024x1536.sdr.png
9560	train	9226-lilith-ai-products	sdr	9226-lilith-ai-products/clothing/womens/loungewear/9560_gen_products-clothing-womens-loungewear_dusty-blue-modal-robe_flat_p0325_1024x1536.sdr.png	https://codec-corpus.r2.imazen.org/imazen-26-png-v3/9226-lilith-ai-products/clothing/womens/loungewear/9560_gen_products-clothing-womens-loungewear_dusty-blue-modal-robe_flat_p0325_1024x1536.sdr.png
9561	train	9226-lilith-ai-products	sdr	9226-lilith-ai-products/clothing/womens/loungewear/9561_gen_products-clothing-womens-loungewear_dusty-blue-pajama-set_flat_p0326_1024x1536.sdr.png	https://codec-corpus.r2.imazen.org/imazen-26-png-v3/9226-lilith-ai-products/clothing/womens/loungewear/9561_gen_products-clothing-womens-loungewear_dusty-blue-pajama-set_flat_p0326_1024x1536.sdr.png
9563	train	9226-lilith-ai-products	sdr	9226-lilith-ai-products/clothing/womens/loungewear/9563_gen_products-clothing-womens-loungewear_ivory-lounge-set_onmodel_p0328_1024x1536.sdr.png	https://codec-corpus.r2.imazen.org/imazen-26-png-v3/9226-lilith-ai-products/clothing/womens/loungewear/9563_gen_products-clothing-womens-loungewear_ivory-lounge-set_onmodel_p0328_1024x1536.sdr.png
9564	train	9226-lilith-ai-products	sdr	9226-lilith-ai-products/clothing/womens/loungewear/9564_gen_products-clothing-womens-loungewear_ivory-wireless-bralette_flat_p0329_1024x1024.sdr.png	https://codec-corpus.r2.imazen.org/imazen-26-png-v3/9226-lilith-ai-products/clothing/womens/loungewear/9564_gen_products-clothing-womens-loungewear_ivory-wireless-bralette_flat_p0329_1024x1024.sdr.png
9565	train	9226-lilith-ai-products	sdr	9226-lilith-ai-products/clothing/womens/loungewear/9565_gen_products-clothing-womens-loungewear_lavender-modal-cami-set_flat_p0330_1024x1024.sdr.png	https://codec-corpus.r2.imazen.org/imazen-26-png-v3/9226-lilith-ai-products/clothing/womens/loungewear/9565_gen_products-clothing-womens-loungewear_lavender-modal-cami-set_flat_p0330_1024x1024.sdr.png
9566	train	9226-lilith-ai-products	sdr	9226-lilith-ai-products/clothing/womens/loungewear/9566_gen_products-clothing-womens-loungewear_set-tonal-flatlay_flat_p0331_1024x1024.sdr.png	https://codec-corpus.r2.imazen.org/imazen-26-png-v3/9226-lilith-ai-products/clothing/womens/loungewear/9566_gen_products-clothing-womens-loungewear_set-tonal-flatlay_flat_p0331_1024x1024.sdr.png
9567	train	9226-lilith-ai-products	sdr	9226-lilith-ai-products/clothing/womens/loungewear/9567_gen_products-clothing-womens-loungewear_navy-stripe-pajama-set_flat_p0332_1024x1536.sdr.png	https://codec-corpus.r2.imazen.org/imazen-26-png-v3/9226-lilith-ai-products/clothing/womens/loungewear/9567_gen_products-clothing-womens-loungewear_navy-stripe-pajama-set_flat_p0332_1024x1536.sdr.png
9568	train	9226-lilith-ai-products	sdr	9226-lilith-ai-products/clothing/womens/loungewear/9568_gen_products-clothing-womens-loungewear_sage-bralette-brief-set_flat_p0333_1024x1024.sdr.png	https://codec-corpus.r2.imazen.org/imazen-26-png-v3/9226-lilith-ai-products/clothing/womens/loungewear/9568_gen_products-clothing-womens-loungewear_sage-bralette-brief-set_flat_p0333_1024x1024.sdr.png
9569	train	9226-lilith-ai-products	sdr	9226-lilith-ai-products/clothing/womens/loungewear/9569_gen_products-clothing-womens-loungewear_sage-ribbed-lounge-set_flat_p0334_1024x1024.sdr.png	https://codec-corpus.r2.imazen.org/imazen-26-png-v3/9226-lilith-ai-products/clothing/womens/loungewear/9569_gen_products-clothing-womens-loungewear_sage-ribbed-lounge-set_flat_p0334_1024x1024.sdr.png
9571	train	9226-lilith-ai-products	sdr	9226-lilith-ai-products/clothing/womens/loungewear/9571_gen_products-clothing-womens-loungewear_teal-waffle-robe_flat_p0336_1024x1536.sdr.png	https://codec-corpus.r2.imazen.org/imazen-26-png-v3/9226-lilith-ai-products/clothing/womens/loungewear/9571_gen_products-clothing-womens-loungewear_teal-waffle-robe_flat_p0336_1024x1536.sdr.png
9572	train	9226-lilith-ai-products	sdr	9226-lilith-ai-products/clothing/womens/loungewear/9572_gen_products-clothing-womens-loungewear_terracotta-french-terry_onmodel_p0337_1024x1536.sdr.png	https://codec-corpus.r2.imazen.org/imazen-26-png-v3/9226-lilith-ai-products/clothing/womens/loungewear/9572_gen_products-clothing-womens-loungewear_terracotta-french-terry_onmodel_p0337_1024x1536.sdr.png
9573	train	9226-lilith-ai-products	sdr	9226-lilith-ai-products/clothing/womens/loungewear/9573_gen_products-clothing-womens-loungewear_terracotta-lounge-set_flat_p0338_1024x1024.sdr.png	https://codec-corpus.r2.imazen.org/imazen-26-png-v3/9226-lilith-ai-products/clothing/womens/loungewear/9573_gen_products-clothing-womens-loungewear_terracotta-lounge-set_flat_p0338_1024x1024.sdr.png
9574	train	9226-lilith-ai-products	sdr	9226-lilith-ai-products/clothing/womens/loungewear/9574_gen_products-clothing-womens-loungewear_white-faux-fur-apres-coat_onmodel_p0339_2160x3840.sdr.png	https://codec-corpus.r2.imazen.org/imazen-26-png-v3/9226-lilith-ai-products/clothing/womens/loungewear/9574_gen_products-clothing-womens-loungewear_white-faux-fur-apres-coat_onmodel_p0339_2160x3840.sdr.png
9575	train	9226-lilith-ai-products	sdr	9226-lilith-ai-products/clothing/womens/loungewear/9575_gen_products-clothing-womens-loungewear_blush-pajama-set_flat_p0340_1536x1024.sdr.png	https://codec-corpus.r2.imazen.org/imazen-26-png-v3/9226-lilith-ai-products/clothing/womens/loungewear/9575_gen_products-clothing-womens-loungewear_blush-pajama-set_flat_p0340_1536x1024.sdr.png
9576	train	9226-lilith-ai-products	sdr	9226-lilith-ai-products/clothing/womens/loungewear/9576_gen_products-clothing-womens-loungewear_bralette_flat_p0341_1024x1024.sdr.png	https://codec-corpus.r2.imazen.org/imazen-26-png-v3/9226-lilith-ai-products/clothing/womens/loungewear/9576_gen_products-clothing-womens-loungewear_bralette_flat_p0341_1024x1024.sdr.png
9577	train	9226-lilith-ai-products	sdr	9226-lilith-ai-products/clothing/womens/loungewear/9577_gen_products-clothing-womens-loungewear_knit-tank-set_flat_p0342_1536x1024.sdr.png	https://codec-corpus.r2.imazen.org/imazen-26-png-v3/9226-lilith-ai-products/clothing/womens/loungewear/9577_gen_products-clothing-womens-loungewear_knit-tank-set_flat_p0342_1536x1024.sdr.png
9578	train	9226-lilith-ai-products	sdr	9226-lilith-ai-products/clothing/womens/loungewear/9578_gen_products-clothing-womens-loungewear_lounge-set-blush_onmodel_p0343_3072x5504.sdr.png	https://codec-corpus.r2.imazen.org/imazen-26-png-v3/9226-lilith-ai-products/clothing/womens/loungewear/9578_gen_products-clothing-womens-loungewear_lounge-set-blush_onmodel_p0343_3072x5504.sdr.png
9580	train	9226-lilith-ai-products	sdr	9226-lilith-ai-products/electronics/9580_gen_products-electronics_axion-laptop-closed_p0345_1536x1024.sdr.png	https://codec-corpus.r2.imazen.org/imazen-26-png-v3/9226-lilith-ai-products/electronics/9580_gen_products-electronics_axion-laptop-closed_p0345_1536x1024.sdr.png
9581	train	9226-lilith-ai-products	sdr	9226-lilith-ai-products/electronics/9581_gen_products-electronics_axion-laptop-open_p0345_1536x1024.sdr.png	https://codec-corpus.r2.imazen.org/imazen-26-png-v3/9226-lilith-ai-products/electronics/9581_gen_products-electronics_axion-laptop-open_p0345_1536x1024.sdr.png
9582	train	9226-lilith-ai-products	sdr	9226-lilith-ai-products/electronics/9582_gen_products-electronics_axion-monitor_p0346_1536x1024.sdr.png	https://codec-corpus.r2.imazen.org/imazen-26-png-v3/9226-lilith-ai-products/electronics/9582_gen_products-electronics_axion-monitor_p0346_1536x1024.sdr.png
9583	train	9226-lilith-ai-products	sdr	9226-lilith-ai-products/electronics/9583_gen_products-electronics_axion-mouse-pad_p0347_1536x1024.sdr.png	https://codec-corpus.r2.imazen.org/imazen-26-png-v3/9226-lilith-ai-products/electronics/9583_gen_products-electronics_axion-mouse-pad_p0347_1536x1024.sdr.png
9584	train	9226-lilith-ai-products	sdr	9226-lilith-ai-products/electronics/9584_gen_products-electronics_axion-smart-speaker_p0348_1024x1536.sdr.png	https://codec-corpus.r2.imazen.org/imazen-26-png-v3/9226-lilith-ai-products/electronics/9584_gen_products-electronics_axion-smart-speaker_p0348_1024x1536.sdr.png
9585	train	9226-lilith-ai-products	sdr	9226-lilith-ai-products/electronics/9585_gen_products-electronics_axion-usbc-dock_p0349_1536x1024.sdr.png	https://codec-corpus.r2.imazen.org/imazen-26-png-v3/9226-lilith-ai-products/electronics/9585_gen_products-electronics_axion-usbc-dock_p0349_1536x1024.sdr.png
9586	train	9226-lilith-ai-products	sdr	9226-lilith-ai-products/electronics/9586_gen_products-electronics_axion-webcam_p0350_1536x1024.sdr.png	https://codec-corpus.r2.imazen.org/imazen-26-png-v3/9226-lilith-ai-products/electronics/9586_gen_products-electronics_axion-webcam_p0350_1536x1024.sdr.png
9587	train	9226-lilith-ai-products	sdr	9226-lilith-ai-products/electronics/9587_gen_products-electronics_axion-wireless-mouse_p0351_1024x1024.sdr.png	https://codec-corpus.r2.imazen.org/imazen-26-png-v3/9226-lilith-ai-products/electronics/9587_gen_products-electronics_axion-wireless-mouse_p0351_1024x1024.sdr.png
9588	train	9226-lilith-ai-products	sdr	9226-lilith-ai-products/electronics/9588_gen_products-electronics_halcyon-phone-case_p0352_1024x1536.sdr.png	https://codec-corpus.r2.imazen.org/imazen-26-png-v3/9226-lilith-ai-products/electronics/9588_gen_products-electronics_halcyon-phone-case_p0352_1024x1536.sdr.png
9589	train	9226-lilith-ai-products	sdr	9226-lilith-ai-products/electronics/9589_gen_products-electronics_halcyon-phone-holder_p0353_1024x1024.sdr.png	https://codec-corpus.r2.imazen.org/imazen-26-png-v3/9226-lilith-ai-products/electronics/9589_gen_products-electronics_halcyon-phone-holder_p0353_1024x1024.sdr.png
9591	train	9226-lilith-ai-products	sdr	9226-lilith-ai-products/electronics/9591_gen_products-electronics_harmonix-av-receiver_p0355_1536x1024.sdr.png	https://codec-corpus.r2.imazen.org/imazen-26-png-v3/9226-lilith-ai-products/electronics/9591_gen_products-electronics_harmonix-av-receiver_p0355_1536x1024.sdr.png
9592	train	9226-lilith-ai-products	sdr	9226-lilith-ai-products/electronics/9592_gen_products-electronics_harmonix-bluetooth-speaker_p0356_1024x1024.sdr.png	https://codec-corpus.r2.imazen.org/imazen-26-png-v3/9226-lilith-ai-products/electronics/9592_gen_products-electronics_harmonix-bluetooth-speaker_p0356_1024x1024.sdr.png
9593	train	9226-lilith-ai-products	sdr	9226-lilith-ai-products/electronics/9593_gen_products-electronics_harmonix-bookshelf-speakers_p0357_1536x1024.sdr.png	https://codec-corpus.r2.imazen.org/imazen-26-png-v3/9226-lilith-ai-products/electronics/9593_gen_products-electronics_harmonix-bookshelf-speakers_p0357_1536x1024.sdr.png
9594	train	9226-lilith-ai-products	sdr	9226-lilith-ai-products/electronics/9594_gen_products-electronics_harmonix-gaming-headset_p0358_1024x1536.sdr.png	https://codec-corpus.r2.imazen.org/imazen-26-png-v3/9226-lilith-ai-products/electronics/9594_gen_products-electronics_harmonix-gaming-headset_p0358_1024x1536.sdr.png
9596	train	9226-lilith-ai-products	sdr	9226-lilith-ai-products/electronics/9596_gen_products-electronics_harmonix-soundbar_p0360_1536x1024.sdr.png	https://codec-corpus.r2.imazen.org/imazen-26-png-v3/9226-lilith-ai-products/electronics/9596_gen_products-electronics_harmonix-soundbar_p0360_1536x1024.sdr.png
9597	train	9226-lilith-ai-products	sdr	9226-lilith-ai-products/electronics/9597_gen_products-electronics_harmonix-studio-monitors_p0361_1536x1024.sdr.png	https://codec-corpus.r2.imazen.org/imazen-26-png-v3/9226-lilith-ai-products/electronics/9597_gen_products-electronics_harmonix-studio-monitors_p0361_1536x1024.sdr.png
9598	train	9226-lilith-ai-products	sdr	9226-lilith-ai-products/electronics/9598_gen_products-electronics_harmonix-turntable_p0362_1024x1024.sdr.png	https://codec-corpus.r2.imazen.org/imazen-26-png-v3/9226-lilith-ai-products/electronics/9598_gen_products-electronics_harmonix-turntable_p0362_1024x1024.sdr.png
9599	train	9226-lilith-ai-products	sdr	9226-lilith-ai-products/electronics/9599_gen_products-electronics_harmonix-usb-microphone_p0363_1024x1536.sdr.png	https://codec-corpus.r2.imazen.org/imazen-26-png-v3/9226-lilith-ai-products/electronics/9599_gen_products-electronics_harmonix-usb-microphone_p0363_1024x1536.sdr.png
9600	train	9226-lilith-ai-products	sdr	9226-lilith-ai-products/electronics/9600_gen_products-electronics_kestrel-gps-sport-watch_p0364_1024x1024.sdr.png	https://codec-corpus.r2.imazen.org/imazen-26-png-v3/9226-lilith-ai-products/electronics/9600_gen_products-electronics_kestrel-gps-sport-watch_p0364_1024x1024.sdr.png
9601	train	9226-lilith-ai-products	sdr	9226-lilith-ai-products/electronics/9601_gen_products-electronics_kestrel-phone-tripod_p0365_1024x1536.sdr.png	https://codec-corpus.r2.imazen.org/imazen-26-png-v3/9226-lilith-ai-products/electronics/9601_gen_products-electronics_kestrel-phone-tripod_p0365_1024x1536.sdr.png
9602	train	9226-lilith-ai-products	sdr	9226-lilith-ai-products/electronics/9602_gen_products-electronics_lumen-ereader_p0366_1024x1536.sdr.png	https://codec-corpus.r2.imazen.org/imazen-26-png-v3/9226-lilith-ai-products/electronics/9602_gen_products-electronics_lumen-ereader_p0366_1024x1536.sdr.png
9604	train	9226-lilith-ai-products	sdr	9226-lilith-ai-products/electronics/9604_gen_products-electronics_lumen-mini-projector_p0368_1536x1024.sdr.png	https://codec-corpus.r2.imazen.org/imazen-26-png-v3/9226-lilith-ai-products/electronics/9604_gen_products-electronics_lumen-mini-projector_p0368_1536x1024.sdr.png
9605	train	9226-lilith-ai-products	sdr	9226-lilith-ai-products/electronics/9605_gen_products-electronics_lumen-ring-light_p0369_1024x1024.sdr.png	https://codec-corpus.r2.imazen.org/imazen-26-png-v3/9226-lilith-ai-products/electronics/9605_gen_products-electronics_lumen-ring-light_p0369_1024x1024.sdr.png
9606	train	9226-lilith-ai-products	sdr	9226-lilith-ai-products/electronics/9606_gen_products-electronics_lumen-stylus_p0370_1536x1024.sdr.png	https://codec-corpus.r2.imazen.org/imazen-26-png-v3/9226-lilith-ai-products/electronics/9606_gen_products-electronics_lumen-stylus_p0370_1536x1024.sdr.png
9607	train	9226-lilith-ai-products	sdr	9226-lilith-ai-products/electronics/9607_gen_products-electronics_meridian-earbuds-case-open_p0371_1536x1024.sdr.png	https://codec-corpus.r2.imazen.org/imazen-26-png-v3/9226-lilith-ai-products/electronics/9607_gen_products-electronics_meridian-earbuds-case-open_p0371_1536x1024.sdr.png
9609	train	9226-lilith-ai-products	sdr	9226-lilith-ai-products/electronics/9609_gen_products-electronics_meridian-smartphone-back_p0373_1024x1536.sdr.png	https://codec-corpus.r2.imazen.org/imazen-26-png-v3/9226-lilith-ai-products/electronics/9609_gen_products-electronics_meridian-smartphone-back_p0373_1024x1536.sdr.png
9610	train	9226-lilith-ai-products	sdr	9226-lilith-ai-products/electronics/9610_gen_products-electronics_meridian-smartphone-front_p0373_1024x1536.sdr.png	https://codec-corpus.r2.imazen.org/imazen-26-png-v3/9226-lilith-ai-products/electronics/9610_gen_products-electronics_meridian-smartphone-front_p0373_1024x1536.sdr.png
9611	train	9226-lilith-ai-products	sdr	9226-lilith-ai-products/electronics/9611_gen_products-electronics_meridian-tablet-front_p0374_1536x1024.sdr.png	https://codec-corpus.r2.imazen.org/imazen-26-png-v3/9226-lilith-ai-products/electronics/9611_gen_products-electronics_meridian-tablet-front_p0374_1536x1024.sdr.png
9612	train	9226-lilith-ai-products	sdr	9226-lilith-ai-products/electronics/9612_gen_products-electronics_meridian-tablet-side_p0374_1536x1024.sdr.png	https://codec-corpus.r2.imazen.org/imazen-26-png-v3/9226-lilith-ai-products/electronics/9612_gen_products-electronics_meridian-tablet-side_p0374_1536x1024.sdr.png
9613	train	9226-lilith-ai-products	sdr	9226-lilith-ai-products/electronics/9613_gen_products-electronics_meridian-wireless-charger_p0375_1024x1024.sdr.png	https://codec-corpus.r2.imazen.org/imazen-26-png-v3/9226-lilith-ai-products/electronics/9613_gen_products-electronics_meridian-wireless-charger_p0375_1024x1024.sdr.png
9614	train	9226-lilith-ai-products	sdr	9226-lilith-ai-products/electronics/9614_gen_products-electronics_northkey-mechanical-keyboard_p0376_1536x1024.sdr.png	https://codec-corpus.r2.imazen.org/imazen-26-png-v3/9226-lilith-ai-products/electronics/9614_gen_products-electronics_northkey-mechanical-keyboard_p0376_1536x1024.sdr.png
9615	train	9226-lilith-ai-products	sdr	9226-lilith-ai-products/electronics/9615_gen_products-electronics_orbit-smart-ring_p0377_1024x1024.sdr.png	https://codec-corpus.r2.imazen.org/imazen-26-png-v3/9226-lilith-ai-products/electronics/9615_gen_products-electronics_orbit-smart-ring_p0377_1024x1024.sdr.png
9616	train	9226-lilith-ai-products	sdr	9226-lilith-ai-products/electronics/9616_gen_products-electronics_orbit-smartwatch_p0378_1024x1024.sdr.png	https://codec-corpus.r2.imazen.org/imazen-26-png-v3/9226-lilith-ai-products/electronics/9616_gen_products-electronics_orbit-smartwatch_p0378_1024x1024.sdr.png
9617	train	9226-lilith-ai-products	sdr	9226-lilith-ai-products/electronics/9617_gen_products-electronics_pixelforge-gaming-controller_p0379_1536x1024.sdr.png	https://codec-corpus.r2.imazen.org/imazen-26-png-v3/9226-lilith-ai-products/electronics/9617_gen_products-electronics_pixelforge-gaming-controller_p0379_1536x1024.sdr.png
9618	train	9226-lilith-ai-products	sdr	9226-lilith-ai-products/electronics/9618_gen_products-electronics_pixelforge-handheld-console_p0380_1536x1024.sdr.png	https://codec-corpus.r2.imazen.org/imazen-26-png-v3/9226-lilith-ai-products/electronics/9618_gen_products-electronics_pixelforge-handheld-console_p0380_1536x1024.sdr.png
9619	train	9226-lilith-ai-products	sdr	9226-lilith-ai-products/electronics/9619_gen_products-electronics_pixelforge-retro-mini-console_p0381_1536x1024.sdr.png	https://codec-corpus.r2.imazen.org/imazen-26-png-v3/9226-lilith-ai-products/electronics/9619_gen_products-electronics_pixelforge-retro-mini-console_p0381_1536x1024.sdr.png
9620	train	9226-lilith-ai-products	sdr	9226-lilith-ai-products/electronics/9620_gen_products-electronics_pulse-fitness-band_p0382_1536x1024.sdr.png	https://codec-corpus.r2.imazen.org/imazen-26-png-v3/9226-lilith-ai-products/electronics/9620_gen_products-electronics_pulse-fitness-band_p0382_1536x1024.sdr.png
9621	train	9226-lilith-ai-products	sdr	9226-lilith-ai-products/electronics/9621_gen_products-electronics_skylark-compact-drone_p0383_1536x1024.sdr.png	https://codec-corpus.r2.imazen.org/imazen-26-png-v3/9226-lilith-ai-products/electronics/9621_gen_products-electronics_skylark-compact-drone_p0383_1536x1024.sdr.png
9623	train	9226-lilith-ai-products	sdr	9226-lilith-ai-products/electronics/9623_gen_products-electronics_voltflux-dashcam_p0385_1536x1024.sdr.png	https://codec-corpus.r2.imazen.org/imazen-26-png-v3/9226-lilith-ai-products/electronics/9623_gen_products-electronics_voltflux-dashcam_p0385_1536x1024.sdr.png
9624	train	9226-lilith-ai-products	sdr	9226-lilith-ai-products/electronics/9624_gen_products-electronics_voltflux-external-hdd_p0386_1536x1024.sdr.png	https://codec-corpus.r2.imazen.org/imazen-26-png-v3/9226-lilith-ai-products/electronics/9624_gen_products-electronics_voltflux-external-hdd_p0386_1536x1024.sdr.png
9627	train	9226-lilith-ai-products	sdr	9226-lilith-ai-products/electronics/9627_gen_products-electronics_voltflux-mobile-printer_p0389_1536x1024.sdr.png	https://codec-corpus.r2.imazen.org/imazen-26-png-v3/9226-lilith-ai-products/electronics/9627_gen_products-electronics_voltflux-mobile-printer_p0389_1536x1024.sdr.png
9628	train	9226-lilith-ai-products	sdr	9226-lilith-ai-products/electronics/9628_gen_products-electronics_voltflux-power-bank_p0390_1536x1024.sdr.png	https://codec-corpus.r2.imazen.org/imazen-26-png-v3/9226-lilith-ai-products/electronics/9628_gen_products-electronics_voltflux-power-bank_p0390_1536x1024.sdr.png
9629	train	9226-lilith-ai-products	sdr	9226-lilith-ai-products/electronics/9629_gen_products-electronics_voltflux-streaming-stick_p0391_1536x1024.sdr.png	https://codec-corpus.r2.imazen.org/imazen-26-png-v3/9226-lilith-ai-products/electronics/9629_gen_products-electronics_voltflux-streaming-stick_p0391_1536x1024.sdr.png
9630	train	9226-lilith-ai-products	sdr	9226-lilith-ai-products/footwear/9630_gen_products-footwear_amber-canvas-skate-sneaker_p0392_1536x1024.sdr.png	https://codec-corpus.r2.imazen.org/imazen-26-png-v3/9226-lilith-ai-products/footwear/9630_gen_products-footwear_amber-canvas-skate-sneaker_p0392_1536x1024.sdr.png
9632	train	9226-lilith-ai-products	sdr	9226-lilith-ai-products/footwear/9632_gen_products-footwear_chartreuse-strappy-stilettos_p0394_3840x2160.sdr.png	https://codec-corpus.r2.imazen.org/imazen-26-png-v3/9226-lilith-ai-products/footwear/9632_gen_products-footwear_chartreuse-strappy-stilettos_p0394_3840x2160.sdr.png
9633	train	9226-lilith-ai-products	sdr	9226-lilith-ai-products/footwear/9633_gen_products-footwear_chartreuse-trail-runner_p0395_1536x1024.sdr.png	https://codec-corpus.r2.imazen.org/imazen-26-png-v3/9226-lilith-ai-products/footwear/9633_gen_products-footwear_chartreuse-trail-runner_p0395_1536x1024.sdr.png
9634	train	9226-lilith-ai-products	sdr	9226-lilith-ai-products/footwear/9634_gen_products-footwear_chunky-dad-sneakers_p0396_3840x2160.sdr.png	https://codec-corpus.r2.imazen.org/imazen-26-png-v3/9226-lilith-ai-products/footwear/9634_gen_products-footwear_chunky-dad-sneakers_p0396_3840x2160.sdr.png
9635	train	9226-lilith-ai-products	sdr	9226-lilith-ai-products/footwear/9635_gen_products-footwear_chunky-dad-sneakers_detail_p0396_3840x2160.sdr.png	https://codec-corpus.r2.imazen.org/imazen-26-png-v3/9226-lilith-ai-products/footwear/9635_gen_products-footwear_chunky-dad-sneakers_detail_p0396_3840x2160.sdr.png
9637	train	9226-lilith-ai-products	sdr	9226-lilith-ai-products/footwear/9637_gen_products-footwear_cobalt-star-western-boots_p0398_3840x2160.sdr.png	https://codec-corpus.r2.imazen.org/imazen-26-png-v3/9226-lilith-ai-products/footwear/9637_gen_products-footwear_cobalt-star-western-boots_p0398_3840x2160.sdr.png
9638	train	9226-lilith-ai-products	sdr	9226-lilith-ai-products/footwear/9638_gen_products-footwear_cobalt-suede-cowboy-boot_p0399_1024x1536.sdr.png	https://codec-corpus.r2.imazen.org/imazen-26-png-v3/9226-lilith-ai-products/footwear/9638_gen_products-footwear_cobalt-suede-cowboy-boot_p0399_1024x1536.sdr.png
9639	train	9226-lilith-ai-products	sdr	9226-lilith-ai-products/footwear/9639_gen_products-footwear_cobalt-western-boots_p0400_3840x2160.sdr.png	https://codec-corpus.r2.imazen.org/imazen-26-png-v3/9226-lilith-ai-products/footwear/9639_gen_products-footwear_cobalt-western-boots_p0400_3840x2160.sdr.png
9640	train	9226-lilith-ai-products	sdr	9226-lilith-ai-products/footwear/9640_gen_products-footwear_coral-black-daily-trainer_p0401_2816x1536.sdr.png	https://codec-corpus.r2.imazen.org/imazen-26-png-v3/9226-lilith-ai-products/footwear/9640_gen_products-footwear_coral-black-daily-trainer_p0401_2816x1536.sdr.png
9641	train	9226-lilith-ai-products	sdr	9226-lilith-ai-products/footwear/9641_gen_products-footwear_kids-rain-boot-rainbow_p0402_1536x1024.sdr.png	https://codec-corpus.r2.imazen.org/imazen-26-png-v3/9226-lilith-ai-products/footwear/9641_gen_products-footwear_kids-rain-boot-rainbow_p0402_1536x1024.sdr.png
9642	train	9226-lilith-ai-products	sdr	9226-lilith-ai-products/footwear/9642_gen_products-footwear_kids-sandal-closed-toe-sage_p0403_1536x1024.sdr.png	https://codec-corpus.r2.imazen.org/imazen-26-png-v3/9226-lilith-ai-products/footwear/9642_gen_products-footwear_kids-sandal-closed-toe-sage_p0403_1536x1024.sdr.png
9644	train	9226-lilith-ai-products	sdr	9226-lilith-ai-products/footwear/9644_gen_products-footwear_mens-flip-flop-olive_p0405_1536x1024.sdr.png	https://codec-corpus.r2.imazen.org/imazen-26-png-v3/9226-lilith-ai-products/footwear/9644_gen_products-footwear_mens-flip-flop-olive_p0405_1536x1024.sdr.png
9645	train	9226-lilith-ai-products	sdr	9226-lilith-ai-products/footwear/9645_gen_products-footwear_mens-loafer-penny-brown_p0406_1536x1024.sdr.png	https://codec-corpus.r2.imazen.org/imazen-26-png-v3/9226-lilith-ai-products/footwear/9645_gen_products-footwear_mens-loafer-penny-brown_p0406_1536x1024.sdr.png
9646	train	9226-lilith-ai-products	sdr	9226-lilith-ai-products/footwear/9646_gen_products-footwear_mens-slide-sport-charcoal_p0407_1536x1024.sdr.png	https://codec-corpus.r2.imazen.org/imazen-26-png-v3/9226-lilith-ai-products/footwear/9646_gen_products-footwear_mens-slide-sport-charcoal_p0407_1536x1024.sdr.png
9648	train	9226-lilith-ai-products	sdr	9226-lilith-ai-products/footwear/9648_gen_products-footwear_womens-espadrille-terracotta_p0409_1536x1024.sdr.png	https://codec-corpus.r2.imazen.org/imazen-26-png-v3/9226-lilith-ai-products/footwear/9648_gen_products-footwear_womens-espadrille-terracotta_p0409_1536x1024.sdr.png
9650	train	9226-lilith-ai-products	sdr	9226-lilith-ai-products/footwear/9650_gen_products-footwear_womens-mule-loafer-sage_p0411_1536x1024.sdr.png	https://codec-corpus.r2.imazen.org/imazen-26-png-v3/9226-lilith-ai-products/footwear/9650_gen_products-footwear_womens-mule-loafer-sage_p0411_1536x1024.sdr.png
9651	train	9226-lilith-ai-products	sdr	9226-lilith-ai-products/footwear/9651_gen_products-footwear_womens-rain-boot-short-yellow_p0412_1536x1024.sdr.png	https://codec-corpus.r2.imazen.org/imazen-26-png-v3/9226-lilith-ai-products/footwear/9651_gen_products-footwear_womens-rain-boot-short-yellow_p0412_1536x1024.sdr.png
9652	train	9226-lilith-ai-products	sdr	9226-lilith-ai-products/footwear/9652_gen_products-footwear_womens-slide-sandal-coral_p0413_1536x1024.sdr.png	https://codec-corpus.r2.imazen.org/imazen-26-png-v3/9226-lilith-ai-products/footwear/9652_gen_products-footwear_womens-slide-sandal-coral_p0413_1536x1024.sdr.png
9653	train	9226-lilith-ai-products	sdr	9226-lilith-ai-products/footwear/9653_gen_products-footwear_womens-strappy-sandal-teal_p0414_1536x1024.sdr.png	https://codec-corpus.r2.imazen.org/imazen-26-png-v3/9226-lilith-ai-products/footwear/9653_gen_products-footwear_womens-strappy-sandal-teal_p0414_1536x1024.sdr.png
9654	train	9226-lilith-ai-products	sdr	9226-lilith-ai-products/footwear/9654_gen_products-footwear_womens-wedge-sandal-cream_p0415_1536x1024.sdr.png	https://codec-corpus.r2.imazen.org/imazen-26-png-v3/9226-lilith-ai-products/footwear/9654_gen_products-footwear_womens-wedge-sandal-cream_p0415_1536x1024.sdr.png
9656	train	9226-lilith-ai-products	sdr	9226-lilith-ai-products/footwear/9656_gen_products-footwear_ivory-snow-puffer-boot_p0417_1024x1536.sdr.png	https://codec-corpus.r2.imazen.org/imazen-26-png-v3/9226-lilith-ai-products/footwear/9656_gen_products-footwear_ivory-snow-puffer-boot_p0417_1024x1536.sdr.png
9657	train	9226-lilith-ai-products	sdr	9226-lilith-ai-products/footwear/9657_gen_products-footwear_kids-hiking-shoes-navy-orange_p0418_2816x1536.sdr.png	https://codec-corpus.r2.imazen.org/imazen-26-png-v3/9226-lilith-ai-products/footwear/9657_gen_products-footwear_kids-hiking-shoes-navy-orange_p0418_2816x1536.sdr.png
9659	train	9226-lilith-ai-products	sdr	9226-lilith-ai-products/footwear/9659_gen_products-footwear_mens-casual-canvas-sneakers-tan_p0420_2816x1536.sdr.png	https://codec-corpus.r2.imazen.org/imazen-26-png-v3/9226-lilith-ai-products/footwear/9659_gen_products-footwear_mens-casual-canvas-sneakers-tan_p0420_2816x1536.sdr.png
9660	train	9226-lilith-ai-products	sdr	9226-lilith-ai-products/footwear/9660_gen_products-footwear_mens-sport-sandals-olive_p0421_2816x1536.sdr.png	https://codec-corpus.r2.imazen.org/imazen-26-png-v3/9226-lilith-ai-products/footwear/9660_gen_products-footwear_mens-sport-sandals-olive_p0421_2816x1536.sdr.png
9661	train	9226-lilith-ai-products	sdr	9226-lilith-ai-products/footwear/9661_gen_products-footwear_mens-waterproof-hiking-boots-brown_p0422_2816x1536.sdr.png	https://codec-corpus.r2.imazen.org/imazen-26-png-v3/9226-lilith-ai-products/footwear/9661_gen_products-footwear_mens-waterproof-hiking-boots-brown_p0422_2816x1536.sdr.png
9662	train	9226-lilith-ai-products	sdr	9226-lilith-ai-products/footwear/9662_gen_products-footwear_metallic-block-sandals_p0423_3840x2160.sdr.png	https://codec-corpus.r2.imazen.org/imazen-26-png-v3/9226-lilith-ai-products/footwear/9662_gen_products-footwear_metallic-block-sandals_p0423_3840x2160.sdr.png
9663	train	9226-lilith-ai-products	sdr	9226-lilith-ai-products/footwear/9663_gen_products-footwear_midnight-glitter-pump_p0424_1024x1536.sdr.png	https://codec-corpus.r2.imazen.org/imazen-26-png-v3/9226-lilith-ai-products/footwear/9663_gen_products-footwear_midnight-glitter-pump_p0424_1024x1536.sdr.png
9664	train	9226-lilith-ai-products	sdr	9226-lilith-ai-products/footwear/9664_gen_products-footwear_neon-coral-clog-mule_p0425_1024x1536.sdr.png	https://codec-corpus.r2.imazen.org/imazen-26-png-v3/9226-lilith-ai-products/footwear/9664_gen_products-footwear_neon-coral-clog-mule_p0425_1024x1536.sdr.png
9666	train	9226-lilith-ai-products	sdr	9226-lilith-ai-products/footwear/9666_gen_products-footwear_red-mary-jane-ballet-sneakers_p0427_3840x2160.sdr.png	https://codec-corpus.r2.imazen.org/imazen-26-png-v3/9226-lilith-ai-products/footwear/9666_gen_products-footwear_red-mary-jane-ballet-sneakers_p0427_3840x2160.sdr.png
9667	train	9226-lilith-ai-products	sdr	9226-lilith-ai-products/footwear/9667_gen_products-footwear_rose-quartz-strappy-sandal_p0428_1024x1536.sdr.png	https://codec-corpus.r2.imazen.org/imazen-26-png-v3/9226-lilith-ai-products/footwear/9667_gen_products-footwear_rose-quartz-strappy-sandal_p0428_1024x1536.sdr.png
9668	train	9226-lilith-ai-products	sdr	9226-lilith-ai-products/footwear/9668_gen_products-footwear_scarlet-patent-pumps_p0429_3840x2160.sdr.png	https://codec-corpus.r2.imazen.org/imazen-26-png-v3/9226-lilith-ai-products/footwear/9668_gen_products-footwear_scarlet-patent-pumps_p0429_3840x2160.sdr.png
9669	train	9226-lilith-ai-products	sdr	9226-lilith-ai-products/footwear/9669_gen_products-footwear_silver-fringe-party-flats_p0430_3840x2160.sdr.png	https://codec-corpus.r2.imazen.org/imazen-26-png-v3/9226-lilith-ai-products/footwear/9669_gen_products-footwear_silver-fringe-party-flats_p0430_3840x2160.sdr.png
9670	train	9226-lilith-ai-products	sdr	9226-lilith-ai-products/footwear/9670_gen_products-footwear_tomato-leather-platform-loafer_p0431_1024x1536.sdr.png	https://codec-corpus.r2.imazen.org/imazen-26-png-v3/9226-lilith-ai-products/footwear/9670_gen_products-footwear_tomato-leather-platform-loafer_p0431_1024x1536.sdr.png
9671	train	9226-lilith-ai-products	sdr	9226-lilith-ai-products/footwear/9671_gen_products-footwear_womens-canvas-sneakers-white_p0432_5504x3072.sdr.png	https://codec-corpus.r2.imazen.org/imazen-26-png-v3/9226-lilith-ai-products/footwear/9671_gen_products-footwear_womens-canvas-sneakers-white_p0432_5504x3072.sdr.png
9672	train	9226-lilith-ai-products	sdr	9226-lilith-ai-products/footwear/9672_gen_products-footwear_womens-insulated-snow-boots-charcoal_p0433_2816x1536.sdr.png	https://codec-corpus.r2.imazen.org/imazen-26-png-v3/9226-lilith-ai-products/footwear/9672_gen_products-footwear_womens-insulated-snow-boots-charcoal_p0433_2816x1536.sdr.png
9673	train	9226-lilith-ai-products	sdr	9226-lilith-ai-products/footwear/9673_gen_products-footwear_womens-slide-sandals-tan_p0434_5504x3072.sdr.png	https://codec-corpus.r2.imazen.org/imazen-26-png-v3/9226-lilith-ai-products/footwear/9673_gen_products-footwear_womens-slide-sandals-tan_p0434_5504x3072.sdr.png
9674	train	9226-lilith-ai-products	sdr	9226-lilith-ai-products/footwear/9674_gen_products-footwear_womens-trail-running-shoes-teal_p0435_2816x1536.sdr.png	https://codec-corpus.r2.imazen.org/imazen-26-png-v3/9226-lilith-ai-products/footwear/9674_gen_products-footwear_womens-trail-running-shoes-teal_p0435_2816x1536.sdr.png
9675	train	9226-lilith-ai-products	sdr	9226-lilith-ai-products/grocery/9675_gen_products-grocery_blackpine-french-roast-whole-bean-coffee-bag_p0436_1024x1536.sdr.png	https://codec-corpus.r2.imazen.org/imazen-26-png-v3/9226-lilith-ai-products/grocery/9675_gen_products-grocery_blackpine-french-roast-whole-bean-coffee-bag_p0436_1024x1536.sdr.png
9676	train	9226-lilith-ai-products	sdr	9226-lilith-ai-products/grocery/9676_gen_products-grocery_cocoavera-72-dark-chocolate-bar_p0437_1024x1536.sdr.png	https://codec-corpus.r2.imazen.org/imazen-26-png-v3/9226-lilith-ai-products/grocery/9676_gen_products-grocery_cocoavera-72-dark-chocolate-bar_p0437_1024x1536.sdr.png
9677	train	9226-lilith-ai-products	sdr	9226-lilith-ai-products/grocery/9677_gen_products-grocery_emberlane-chipotle-hot-sauce-bottle_p0438_1024x1536.sdr.png	https://codec-corpus.r2.imazen.org/imazen-26-png-v3/9226-lilith-ai-products/grocery/9677_gen_products-grocery_emberlane-chipotle-hot-sauce-bottle_p0438_1024x1536.sdr.png
9678	train	9226-lilith-ai-products	sdr	9226-lilith-ai-products/grocery/9678_gen_products-grocery_cereal-box-coral_p0439_1024x1536.sdr.png	https://codec-corpus.r2.imazen.org/imazen-26-png-v3/9226-lilith-ai-products/grocery/9678_gen_products-grocery_cereal-box-coral_p0439_1024x1536.sdr.png
9679	train	9226-lilith-ai-products	sdr	9226-lilith-ai-products/grocery/9679_gen_products-grocery_harborhouse-chicken-rice-frozen-meal-box_p0440_1536x1024.sdr.png	https://codec-corpus.r2.imazen.org/imazen-26-png-v3/9226-lilith-ai-products/grocery/9679_gen_products-grocery_harborhouse-chicken-rice-frozen-meal-box_p0440_1536x1024.sdr.png
9681	train	9226-lilith-ai-products	sdr	9226-lilith-ai-products/grocery/9681_gen_products-grocery_hearthrow-sea-salt-crackers-box_p0442_1536x1024.sdr.png	https://codec-corpus.r2.imazen.org/imazen-26-png-v3/9226-lilith-ai-products/grocery/9681_gen_products-grocery_hearthrow-sea-salt-crackers-box_p0442_1536x1024.sdr.png
9682	train	9226-lilith-ai-products	sdr	9226-lilith-ai-products/grocery/9682_gen_products-grocery_honeyrun-creamy-peanut-butter-jar_p0443_1024x1536.sdr.png	https://codec-corpus.r2.imazen.org/imazen-26-png-v3/9226-lilith-ai-products/grocery/9682_gen_products-grocery_honeyrun-creamy-peanut-butter-jar_p0443_1024x1536.sdr.png
9683	train	9226-lilith-ai-products	sdr	9226-lilith-ai-products/grocery/9683_gen_products-grocery_honeyrun-wildflower-honey-jar_p0444_1024x1536.sdr.png	https://codec-corpus.r2.imazen.org/imazen-26-png-v3/9226-lilith-ai-products/grocery/9683_gen_products-grocery_honeyrun-wildflower-honey-jar_p0444_1024x1536.sdr.png
9684	train	9226-lilith-ai-products	sdr	9226-lilith-ai-products/grocery/9684_gen_products-grocery_kettlebloom-white-cheddar-popcorn-bag_p0445_1024x1536.sdr.png	https://codec-corpus.r2.imazen.org/imazen-26-png-v3/9226-lilith-ai-products/grocery/9684_gen_products-grocery_kettlebloom-white-cheddar-popcorn-bag_p0445_1024x1536.sdr.png
9686	train	9226-lilith-ai-products	sdr	9226-lilith-ai-products/grocery/9686_gen_products-grocery_mossfield-earl-grey-tea-box_p0447_1024x1536.sdr.png	https://codec-corpus.r2.imazen.org/imazen-26-png-v3/9226-lilith-ai-products/grocery/9686_gen_products-grocery_mossfield-earl-grey-tea-box_p0447_1024x1536.sdr.png
9687	train	9226-lilith-ai-products	sdr	9226-lilith-ai-products/grocery/9687_gen_products-grocery_northvale-almond-honey-snack-bars-multipack_p0448_1536x1024.sdr.png	https://codec-corpus.r2.imazen.org/imazen-26-png-v3/9226-lilith-ai-products/grocery/9687_gen_products-grocery_northvale-almond-honey-snack-bars-multipack_p0448_1536x1024.sdr.png
9688	train	9226-lilith-ai-products	sdr	9226-lilith-ai-products/grocery/9688_gen_products-grocery_olivetto-extra-virgin-olive-oil-bottle_p0449_1024x1536.sdr.png	https://codec-corpus.r2.imazen.org/imazen-26-png-v3/9226-lilith-ai-products/grocery/9688_gen_products-grocery_olivetto-extra-virgin-olive-oil-bottle_p0449_1024x1536.sdr.png
9690	train	9226-lilith-ai-products	sdr	9226-lilith-ai-products/grocery/9690_gen_products-grocery_porto-fino-bronze-cut-penne-box_p0451_1024x1536.sdr.png	https://codec-corpus.r2.imazen.org/imazen-26-png-v3/9226-lilith-ai-products/grocery/9690_gen_products-grocery_porto-fino-bronze-cut-penne-box_p0451_1024x1536.sdr.png
9691	train	9226-lilith-ai-products	sdr	9226-lilith-ai-products/grocery/9691_gen_products-grocery_portofino-spaghetti-dried-pasta-box_p0452_1024x1536.sdr.png	https://codec-corpus.r2.imazen.org/imazen-26-png-v3/9226-lilith-ai-products/grocery/9691_gen_products-grocery_portofino-spaghetti-dried-pasta-box_p0452_1024x1536.sdr.png
9693	train	9226-lilith-ai-products	sdr	9226-lilith-ai-products/grocery/9693_gen_products-grocery_saltcellar-tellicherry-pepper-grinder_p0454_1024x1536.sdr.png	https://codec-corpus.r2.imazen.org/imazen-26-png-v3/9226-lilith-ai-products/grocery/9693_gen_products-grocery_saltcellar-tellicherry-pepper-grinder_p0454_1024x1536.sdr.png
9694	train	9226-lilith-ai-products	sdr	9226-lilith-ai-products/grocery/9694_gen_products-grocery_shoyumaru-naturally-brewed-soy-sauce-bottle_p0455_1024x1536.sdr.png	https://codec-corpus.r2.imazen.org/imazen-26-png-v3/9226-lilith-ai-products/grocery/9694_gen_products-grocery_shoyumaru-naturally-brewed-soy-sauce-bottle_p0455_1024x1536.sdr.png
9695	train	9226-lilith-ai-products	sdr	9226-lilith-ai-products/grocery/9695_gen_products-grocery_smokybluff-avocado-cooking-spray-can_p0456_1024x1536.sdr.png	https://codec-corpus.r2.imazen.org/imazen-26-png-v3/9226-lilith-ai-products/grocery/9695_gen_products-grocery_smokybluff-avocado-cooking-spray-can_p0456_1024x1536.sdr.png
9696	train	9226-lilith-ai-products	sdr	9226-lilith-ai-products/grocery/9696_gen_products-grocery_smokybluff-classic-yellow-mustard-squeeze-bottle_p0457_1024x1536.sdr.png	https://codec-corpus.r2.imazen.org/imazen-26-png-v3/9226-lilith-ai-products/grocery/9696_gen_products-grocery_smokybluff-classic-yellow-mustard-squeeze-bottle_p0457_1024x1536.sdr.png
9698	train	9226-lilith-ai-products	sdr	9226-lilith-ai-products/grocery/9698_gen_products-grocery_wildoak-honey-oat-cereal-box_p0459_1024x1536.sdr.png	https://codec-corpus.r2.imazen.org/imazen-26-png-v3/9226-lilith-ai-products/grocery/9698_gen_products-grocery_wildoak-honey-oat-cereal-box_p0459_1024x1536.sdr.png
9699	train	9226-lilith-ai-products	sdr	9226-lilith-ai-products/grocery/9699_gen_products-grocery_wildoak-maple-pecan-granola-bag_p0460_1024x1536.sdr.png	https://codec-corpus.r2.imazen.org/imazen-26-png-v3/9226-lilith-ai-products/grocery/9699_gen_products-grocery_wildoak-maple-pecan-granola-bag_p0460_1024x1536.sdr.png
9700	train	9226-lilith-ai-products	sdr	9226-lilith-ai-products/grocery/9700_gen_products-grocery_wildoak-old-fashioned-oats-canister_p0461_1024x1536.sdr.png	https://codec-corpus.r2.imazen.org/imazen-26-png-v3/9226-lilith-ai-products/grocery/9700_gen_products-grocery_wildoak-old-fashioned-oats-canister_p0461_1024x1536.sdr.png
9701	train	9226-lilith-ai-products	sdr	9226-lilith-ai-products/grocery/whitelabel/9701_gen_products-grocery-whitelabel_coffee-bag-whole-bean_p0462_1024x1536.sdr.png	https://codec-corpus.r2.imazen.org/imazen-26-png-v3/9226-lilith-ai-products/grocery/whitelabel/9701_gen_products-grocery-whitelabel_coffee-bag-whole-bean_p0462_1024x1536.sdr.png
9702	train	9226-lilith-ai-products	sdr	9226-lilith-ai-products/grocery/whitelabel/9702_gen_products-grocery-whitelabel_condiment-squeeze-bottle_p0463_1024x1536.sdr.png	https://codec-corpus.r2.imazen.org/imazen-26-png-v3/9226-lilith-ai-products/grocery/whitelabel/9702_gen_products-grocery-whitelabel_condiment-squeeze-bottle_p0463_1024x1536.sdr.png
9703	train	9226-lilith-ai-products	sdr	9226-lilith-ai-products/grocery/whitelabel/9703_gen_products-grocery-whitelabel_cooking-spray-can_p0464_1024x1536.sdr.png	https://codec-corpus.r2.imazen.org/imazen-26-png-v3/9226-lilith-ai-products/grocery/whitelabel/9703_gen_products-grocery-whitelabel_cooking-spray-can_p0464_1024x1536.sdr.png
9704	train	9226-lilith-ai-products	sdr	9226-lilith-ai-products/grocery/whitelabel/9704_gen_products-grocery-whitelabel_crackers-box-sage_p0465_1536x1024.sdr.png	https://codec-corpus.r2.imazen.org/imazen-26-png-v3/9226-lilith-ai-products/grocery/whitelabel/9704_gen_products-grocery-whitelabel_crackers-box-sage_p0465_1536x1024.sdr.png
9705	train	9226-lilith-ai-products	sdr	9226-lilith-ai-products/grocery/whitelabel/9705_gen_products-grocery-whitelabel_dark-chocolate-bar_p0466_1024x1536.sdr.png	https://codec-corpus.r2.imazen.org/imazen-26-png-v3/9226-lilith-ai-products/grocery/whitelabel/9705_gen_products-grocery-whitelabel_dark-chocolate-bar_p0466_1024x1536.sdr.png
9706	train	9226-lilith-ai-products	sdr	9226-lilith-ai-products/grocery/whitelabel/9706_gen_products-grocery-whitelabel_dried-pasta-spaghetti_p0467_1024x1536.sdr.png	https://codec-corpus.r2.imazen.org/imazen-26-png-v3/9226-lilith-ai-products/grocery/whitelabel/9706_gen_products-grocery-whitelabel_dried-pasta-spaghetti_p0467_1024x1536.sdr.png
9707	train	9226-lilith-ai-products	sdr	9226-lilith-ai-products/grocery/whitelabel/9707_gen_products-grocery-whitelabel_frozen-meal-box_p0468_1536x1024.sdr.png	https://codec-corpus.r2.imazen.org/imazen-26-png-v3/9226-lilith-ai-products/grocery/whitelabel/9707_gen_products-grocery-whitelabel_frozen-meal-box_p0468_1536x1024.sdr.png
9708	train	9226-lilith-ai-products	sdr	9226-lilith-ai-products/grocery/whitelabel/9708_gen_products-grocery-whitelabel_granola-bag-kraft_p0469_1024x1536.sdr.png	https://codec-corpus.r2.imazen.org/imazen-26-png-v3/9226-lilith-ai-products/grocery/whitelabel/9708_gen_products-grocery-whitelabel_granola-bag-kraft_p0469_1024x1536.sdr.png
9709	train	9226-lilith-ai-products	sdr	9226-lilith-ai-products/grocery/whitelabel/9709_gen_products-grocery-whitelabel_honey-jar-hex_p0470_1024x1536.sdr.png	https://codec-corpus.r2.imazen.org/imazen-26-png-v3/9226-lilith-ai-products/grocery/whitelabel/9709_gen_products-grocery-whitelabel_honey-jar-hex_p0470_1024x1536.sdr.png
9710	train	9226-lilith-ai-products	sdr	9226-lilith-ai-products/grocery/whitelabel/9710_gen_products-grocery-whitelabel_hot-sauce-bottle_p0471_1024x1536.sdr.png	https://codec-corpus.r2.imazen.org/imazen-26-png-v3/9226-lilith-ai-products/grocery/whitelabel/9710_gen_products-grocery-whitelabel_hot-sauce-bottle_p0471_1024x1536.sdr.png
9711	train	9226-lilith-ai-products	sdr	9226-lilith-ai-products/grocery/whitelabel/9711_gen_products-grocery-whitelabel_jam-jar-strawberry_p0472_1024x1536.sdr.png	https://codec-corpus.r2.imazen.org/imazen-26-png-v3/9226-lilith-ai-products/grocery/whitelabel/9711_gen_products-grocery-whitelabel_jam-jar-strawberry_p0472_1024x1536.sdr.png
9712	train	9226-lilith-ai-products	sdr	9226-lilith-ai-products/grocery/whitelabel/9712_gen_products-grocery-whitelabel_oatmeal-canister_p0473_1024x1536.sdr.png	https://codec-corpus.r2.imazen.org/imazen-26-png-v3/9226-lilith-ai-products/grocery/whitelabel/9712_gen_products-grocery-whitelabel_oatmeal-canister_p0473_1024x1536.sdr.png
9714	train	9226-lilith-ai-products	sdr	9226-lilith-ai-products/grocery/whitelabel/9714_gen_products-grocery-whitelabel_peanut-butter-jar_p0475_1024x1536.sdr.png	https://codec-corpus.r2.imazen.org/imazen-26-png-v3/9226-lilith-ai-products/grocery/whitelabel/9714_gen_products-grocery-whitelabel_peanut-butter-jar_p0475_1024x1536.sdr.png
9716	train	9226-lilith-ai-products	sdr	9226-lilith-ai-products/grocery/whitelabel/9716_gen_products-grocery-whitelabel_popcorn-bag-blush_p0477_1024x1536.sdr.png	https://codec-corpus.r2.imazen.org/imazen-26-png-v3/9226-lilith-ai-products/grocery/whitelabel/9716_gen_products-grocery-whitelabel_popcorn-bag-blush_p0477_1024x1536.sdr.png
9717	train	9226-lilith-ai-products	sdr	9226-lilith-ai-products/grocery/whitelabel/9717_gen_products-grocery-whitelabel_salsa-jar-medium_p0478_1024x1536.sdr.png	https://codec-corpus.r2.imazen.org/imazen-26-png-v3/9226-lilith-ai-products/grocery/whitelabel/9717_gen_products-grocery-whitelabel_salsa-jar-medium_p0478_1024x1536.sdr.png
9718	train	9226-lilith-ai-products	sdr	9226-lilith-ai-products/grocery/whitelabel/9718_gen_products-grocery-whitelabel_salt-grinder_p0479_1024x1536.sdr.png	https://codec-corpus.r2.imazen.org/imazen-26-png-v3/9226-lilith-ai-products/grocery/whitelabel/9718_gen_products-grocery-whitelabel_salt-grinder_p0479_1024x1536.sdr.png
9719	train	9226-lilith-ai-products	sdr	9226-lilith-ai-products/grocery/whitelabel/9719_gen_products-grocery-whitelabel_snack-bar-multipack-teal_p0480_1024x1536.sdr.png	https://codec-corpus.r2.imazen.org/imazen-26-png-v3/9226-lilith-ai-products/grocery/whitelabel/9719_gen_products-grocery-whitelabel_snack-bar-multipack-teal_p0480_1024x1536.sdr.png
9720	train	9226-lilith-ai-products	sdr	9226-lilith-ai-products/grocery/whitelabel/9720_gen_products-grocery-whitelabel_snack-bar-single-yellow_p0481_1536x1024.sdr.png	https://codec-corpus.r2.imazen.org/imazen-26-png-v3/9226-lilith-ai-products/grocery/whitelabel/9720_gen_products-grocery-whitelabel_snack-bar-single-yellow_p0481_1536x1024.sdr.png
9722	train	9226-lilith-ai-products	sdr	9226-lilith-ai-products/grocery/whitelabel/9722_gen_products-grocery-whitelabel_soy-sauce-bottle_p0483_1024x1536.sdr.png	https://codec-corpus.r2.imazen.org/imazen-26-png-v3/9226-lilith-ai-products/grocery/whitelabel/9722_gen_products-grocery-whitelabel_soy-sauce-bottle_p0483_1024x1536.sdr.png
9724	train	9226-lilith-ai-products	sdr	9226-lilith-ai-products/grocery/whitelabel/9724_gen_products-grocery-whitelabel_tortilla-chips-bag_p0485_1024x1536.sdr.png	https://codec-corpus.r2.imazen.org/imazen-26-png-v3/9226-lilith-ai-products/grocery/whitelabel/9724_gen_products-grocery-whitelabel_tortilla-chips-bag_p0485_1024x1536.sdr.png
9725	train	9226-lilith-ai-products	sdr	9226-lilith-ai-products/home/decor/9725_gen_products-home-decor_abstract-resin-sculpture_p0486_1024x1536.sdr.png	https://codec-corpus.r2.imazen.org/imazen-26-png-v3/9226-lilith-ai-products/home/decor/9725_gen_products-home-decor_abstract-resin-sculpture_p0486_1024x1536.sdr.png
9726	train	9226-lilith-ai-products	sdr	9226-lilith-ai-products/home/decor/9726_gen_products-home-decor_amber-glass-bud-vase-trio_flat_p0487_1536x1024.sdr.png	https://codec-corpus.r2.imazen.org/imazen-26-png-v3/9226-lilith-ai-products/home/decor/9726_gen_products-home-decor_amber-glass-bud-vase-trio_flat_p0487_1536x1024.sdr.png
9727	train	9226-lilith-ai-products	sdr	9226-lilith-ai-products/home/decor/9727_gen_products-home-decor_art-print-citrus-poster_p0488_1024x1536.sdr.png	https://codec-corpus.r2.imazen.org/imazen-26-png-v3/9226-lilith-ai-products/home/decor/9727_gen_products-home-decor_art-print-citrus-poster_p0488_1024x1536.sdr.png
9728	train	9226-lilith-ai-products	sdr	9226-lilith-ai-products/home/decor/9728_gen_products-home-decor_bedding-flatlay-warm_detail_p0489_1024x1024.sdr.png	https://codec-corpus.r2.imazen.org/imazen-26-png-v3/9226-lilith-ai-products/home/decor/9728_gen_products-home-decor_bedding-flatlay-warm_detail_p0489_1024x1024.sdr.png
9729	train	9226-lilith-ai-products	sdr	9226-lilith-ai-products/home/decor/9729_gen_products-home-decor_beveled-table-mirror_p0490_1024x1536.sdr.png	https://codec-corpus.r2.imazen.org/imazen-26-png-v3/9226-lilith-ai-products/home/decor/9729_gen_products-home-decor_beveled-table-mirror_p0490_1024x1536.sdr.png
9730	train	9226-lilith-ai-products	sdr	9226-lilith-ai-products/home/decor/9730_gen_products-home-decor_blush-glass-jar-candle_p0491_1024x1536.sdr.png	https://codec-corpus.r2.imazen.org/imazen-26-png-v3/9226-lilith-ai-products/home/decor/9730_gen_products-home-decor_blush-glass-jar-candle_p0491_1024x1536.sdr.png
9731	train	9226-lilith-ai-products	sdr	9226-lilith-ai-products/home/decor/9731_gen_products-home-decor_blush-pink-throw-pillow-tassel_p0492_1024x1024.sdr.png	https://codec-corpus.r2.imazen.org/imazen-26-png-v3/9226-lilith-ai-products/home/decor/9731_gen_products-home-decor_blush-pink-throw-pillow-tassel_p0492_1024x1024.sdr.png
9732	train	9226-lilith-ai-products	sdr	9226-lilith-ai-products/home/decor/9732_gen_products-home-decor_boho-throw-pillow-terracotta_p0493_4096x4096.sdr.png	https://codec-corpus.r2.imazen.org/imazen-26-png-v3/9226-lilith-ai-products/home/decor/9732_gen_products-home-decor_boho-throw-pillow-terracotta_p0493_4096x4096.sdr.png
9734	train	9226-lilith-ai-products	sdr	9226-lilith-ai-products/home/decor/9734_gen_products-home-decor_brass-candleholder-set_p0495_1536x1024.sdr.png	https://codec-corpus.r2.imazen.org/imazen-26-png-v3/9226-lilith-ai-products/home/decor/9734_gen_products-home-decor_brass-candleholder-set_p0495_1536x1024.sdr.png
9735	train	9226-lilith-ai-products	sdr	9226-lilith-ai-products/home/decor/9735_gen_products-home-decor_brass-geometric-bookends_p0496_1536x1024.sdr.png	https://codec-corpus.r2.imazen.org/imazen-26-png-v3/9226-lilith-ai-products/home/decor/9735_gen_products-home-decor_brass-geometric-bookends_p0496_1536x1024.sdr.png
9736	train	9226-lilith-ai-products	sdr	9226-lilith-ai-products/home/decor/9736_gen_products-home-decor_brass-table-clock_p0497_1024x1024.sdr.png	https://codec-corpus.r2.imazen.org/imazen-26-png-v3/9226-lilith-ai-products/home/decor/9736_gen_products-home-decor_brass-table-clock_p0497_1024x1024.sdr.png
9737	train	9226-lilith-ai-products	sdr	9226-lilith-ai-products/home/decor/9737_gen_products-home-decor_brass-wall-sconce_p0498_1024x1536.sdr.png	https://codec-corpus.r2.imazen.org/imazen-26-png-v3/9226-lilith-ai-products/home/decor/9737_gen_products-home-decor_brass-wall-sconce_p0498_1024x1536.sdr.png
9738	train	9226-lilith-ai-products	sdr	9226-lilith-ai-products/home/decor/9738_gen_products-home-decor_candle-tobacco-vetiver-product_p0499_1024x1536.sdr.png	https://codec-corpus.r2.imazen.org/imazen-26-png-v3/9226-lilith-ai-products/home/decor/9738_gen_products-home-decor_candle-tobacco-vetiver-product_p0499_1024x1536.sdr.png
9739	train	9226-lilith-ai-products	sdr	9226-lilith-ai-products/home/decor/9739_gen_products-home-decor_ceramic-table-lamp-linen-shade_p0500_1024x1536.sdr.png	https://codec-corpus.r2.imazen.org/imazen-26-png-v3/9226-lilith-ai-products/home/decor/9739_gen_products-home-decor_ceramic-table-lamp-linen-shade_p0500_1024x1536.sdr.png
9740	train	9226-lilith-ai-products	sdr	9226-lilith-ai-products/home/decor/9740_gen_products-home-decor_ceramic-vase-trio_p0501_1536x1024.sdr.png	https://codec-corpus.r2.imazen.org/imazen-26-png-v3/9226-lilith-ai-products/home/decor/9740_gen_products-home-decor_ceramic-vase-trio_p0501_1536x1024.sdr.png
9741	train	9226-lilith-ai-products	sdr	9226-lilith-ai-products/home/decor/9741_gen_products-home-decor_chunky-knit-throw-blanket_p0502_1024x1024.sdr.png	https://codec-corpus.r2.imazen.org/imazen-26-png-v3/9226-lilith-ai-products/home/decor/9741_gen_products-home-decor_chunky-knit-throw-blanket_p0502_1024x1024.sdr.png
9742	train	9226-lilith-ai-products	sdr	9226-lilith-ai-products/home/decor/9742_gen_products-home-decor_coral-velvet-throw-pillow_p0503_1024x1024.sdr.png	https://codec-corpus.r2.imazen.org/imazen-26-png-v3/9226-lilith-ai-products/home/decor/9742_gen_products-home-decor_coral-velvet-throw-pillow_p0503_1024x1024.sdr.png
9743	train	9226-lilith-ai-products	sdr	9226-lilith-ai-products/home/decor/9743_gen_products-home-decor_cream-cable-knit-throw_flat_p0504_1024x1024.sdr.png	https://codec-corpus.r2.imazen.org/imazen-26-png-v3/9226-lilith-ai-products/home/decor/9743_gen_products-home-decor_cream-cable-knit-throw_flat_p0504_1024x1024.sdr.png
9745	train	9226-lilith-ai-products	sdr	9226-lilith-ai-products/home/decor/9745_gen_products-home-decor_dusty-blue-faux-fur-pillow_p0506_1024x1024.sdr.png	https://codec-corpus.r2.imazen.org/imazen-26-png-v3/9226-lilith-ai-products/home/decor/9745_gen_products-home-decor_dusty-blue-faux-fur-pillow_p0506_1024x1024.sdr.png
9746	train	9226-lilith-ai-products	sdr	9226-lilith-ai-products/home/decor/9746_gen_products-home-decor_dusty-blue-quilted-coverlet_flat_p0507_1536x1024.sdr.png	https://codec-corpus.r2.imazen.org/imazen-26-png-v3/9226-lilith-ai-products/home/decor/9746_gen_products-home-decor_dusty-blue-quilted-coverlet_flat_p0507_1536x1024.sdr.png
9747	train	9226-lilith-ai-products	sdr	9226-lilith-ai-products/home/decor/9747_gen_products-home-decor_duvet-set-cobalt_detail_p0508_1536x1024.sdr.png	https://codec-corpus.r2.imazen.org/imazen-26-png-v3/9226-lilith-ai-products/home/decor/9747_gen_products-home-decor_duvet-set-cobalt_detail_p0508_1536x1024.sdr.png
9749	train	9226-lilith-ai-products	sdr	9226-lilith-ai-products/home/decor/9749_gen_products-home-decor_framed-botanical-art-print_p0510_1024x1536.sdr.png	https://codec-corpus.r2.imazen.org/imazen-26-png-v3/9226-lilith-ai-products/home/decor/9749_gen_products-home-decor_framed-botanical-art-print_p0510_1024x1536.sdr.png
9750	train	9226-lilith-ai-products	sdr	9226-lilith-ai-products/home/decor/9750_gen_products-home-decor_gallery-frame-set_p0511_1536x1024.sdr.png	https://codec-corpus.r2.imazen.org/imazen-26-png-v3/9226-lilith-ai-products/home/decor/9750_gen_products-home-decor_gallery-frame-set_p0511_1536x1024.sdr.png
9751	train	9226-lilith-ai-products	sdr	9226-lilith-ai-products/home/decor/9751_gen_products-home-decor_glass-cloche-display-dome_p0512_1024x1536.sdr.png	https://codec-corpus.r2.imazen.org/imazen-26-png-v3/9226-lilith-ai-products/home/decor/9751_gen_products-home-decor_glass-cloche-display-dome_p0512_1024x1536.sdr.png
9752	train	9226-lilith-ai-products	sdr	9226-lilith-ai-products/home/decor/9752_gen_products-home-decor_matte-black-table-lamp_p0513_1024x1536.sdr.png	https://codec-corpus.r2.imazen.org/imazen-26-png-v3/9226-lilith-ai-products/home/decor/9752_gen_products-home-decor_matte-black-table-lamp_p0513_1024x1536.sdr.png
9753	train	9226-lilith-ai-products	sdr	9226-lilith-ai-products/home/decor/9753_gen_products-home-decor_merch-art-print_p0514_1152x2048.sdr.png	https://codec-corpus.r2.imazen.org/imazen-26-png-v3/9226-lilith-ai-products/home/decor/9753_gen_products-home-decor_merch-art-print_p0514_1152x2048.sdr.png
9755	train	9226-lilith-ai-products	sdr	9226-lilith-ai-products/home/decor/9755_gen_products-home-decor_monstera-in-stoneware-pot_p0516_1024x1536.sdr.png	https://codec-corpus.r2.imazen.org/imazen-26-png-v3/9226-lilith-ai-products/home/decor/9755_gen_products-home-decor_monstera-in-stoneware-pot_p0516_1024x1536.sdr.png
9756	train	9226-lilith-ai-products	sdr	9226-lilith-ai-products/home/decor/9756_gen_products-home-decor_natural-jute-basket-round_p0517_1024x1024.sdr.png	https://codec-corpus.r2.imazen.org/imazen-26-png-v3/9226-lilith-ai-products/home/decor/9756_gen_products-home-decor_natural-jute-basket-round_p0517_1024x1024.sdr.png
9757	train	9226-lilith-ai-products	sdr	9226-lilith-ai-products/home/decor/9757_gen_products-home-decor_natural-wood-picture-frame_p0518_1024x1536.sdr.png	https://codec-corpus.r2.imazen.org/imazen-26-png-v3/9226-lilith-ai-products/home/decor/9757_gen_products-home-decor_natural-wood-picture-frame_p0518_1024x1536.sdr.png
9758	train	9226-lilith-ai-products	sdr	9226-lilith-ai-products/home/decor/9758_gen_products-home-decor_navy-stripe-throw-blanket_flat_p0519_1024x1024.sdr.png	https://codec-corpus.r2.imazen.org/imazen-26-png-v3/9226-lilith-ai-products/home/decor/9758_gen_products-home-decor_navy-stripe-throw-blanket_flat_p0519_1024x1024.sdr.png
9759	train	9226-lilith-ai-products	sdr	9226-lilith-ai-products/home/decor/9759_gen_products-home-decor_reed-diffuser-amber-glass_p0520_1024x1536.sdr.png	https://codec-corpus.r2.imazen.org/imazen-26-png-v3/9226-lilith-ai-products/home/decor/9759_gen_products-home-decor_reed-diffuser-amber-glass_p0520_1024x1536.sdr.png
9760	train	9226-lilith-ai-products	sdr	9226-lilith-ai-products/home/decor/9760_gen_products-home-decor_round-wall-mirror-brass_p0521_1024x1024.sdr.png	https://codec-corpus.r2.imazen.org/imazen-26-png-v3/9226-lilith-ai-products/home/decor/9760_gen_products-home-decor_round-wall-mirror-brass_p0521_1024x1024.sdr.png
9761	train	9226-lilith-ai-products	sdr	9226-lilith-ai-products/home/decor/9761_gen_products-home-decor_sage-cotton-shower-curtain_flat_p0522_1024x1536.sdr.png	https://codec-corpus.r2.imazen.org/imazen-26-png-v3/9226-lilith-ai-products/home/decor/9761_gen_products-home-decor_sage-cotton-shower-curtain_flat_p0522_1024x1536.sdr.png
9762	train	9226-lilith-ai-products	sdr	9226-lilith-ai-products/home/decor/9762_gen_products-home-decor_sage-linen-duvet-set_flat_p0523_1536x1024.sdr.png	https://codec-corpus.r2.imazen.org/imazen-26-png-v3/9226-lilith-ai-products/home/decor/9762_gen_products-home-decor_sage-linen-duvet-set_flat_p0523_1536x1024.sdr.png
9763	train	9226-lilith-ai-products	sdr	9226-lilith-ai-products/home/decor/9763_gen_products-home-decor_sage-percale-sheet-set_flat_p0524_1536x1024.sdr.png	https://codec-corpus.r2.imazen.org/imazen-26-png-v3/9226-lilith-ai-products/home/decor/9763_gen_products-home-decor_sage-percale-sheet-set_flat_p0524_1536x1024.sdr.png
9764	train	9226-lilith-ai-products	sdr	9226-lilith-ai-products/home/decor/9764_gen_products-home-decor_scented-candle-glass-jar_p0525_1024x1536.sdr.png	https://codec-corpus.r2.imazen.org/imazen-26-png-v3/9226-lilith-ai-products/home/decor/9764_gen_products-home-decor_scented-candle-glass-jar_p0525_1024x1536.sdr.png
9765	train	9226-lilith-ai-products	sdr	9226-lilith-ai-products/home/decor/9765_gen_products-home-decor_soy-jar-candle-amber-glass_p0526_3072x5504.sdr.png	https://codec-corpus.r2.imazen.org/imazen-26-png-v3/9226-lilith-ai-products/home/decor/9765_gen_products-home-decor_soy-jar-candle-amber-glass_p0526_3072x5504.sdr.png
9766	train	9226-lilith-ai-products	sdr	9226-lilith-ai-products/home/decor/9766_gen_products-home-decor_sunny-yellow-hand-towel-set_flat_p0527_1536x1024.sdr.png	https://codec-corpus.r2.imazen.org/imazen-26-png-v3/9226-lilith-ai-products/home/decor/9766_gen_products-home-decor_sunny-yellow-hand-towel-set_flat_p0527_1536x1024.sdr.png
9767	train	9226-lilith-ai-products	sdr	9226-lilith-ai-products/home/decor/9767_gen_products-home-decor_terracotta-planter-pot_p0528_1024x1024.sdr.png	https://codec-corpus.r2.imazen.org/imazen-26-png-v3/9226-lilith-ai-products/home/decor/9767_gen_products-home-decor_terracotta-planter-pot_p0528_1024x1024.sdr.png
9768	train	9226-lilith-ai-products	sdr	9226-lilith-ai-products/home/decor/9768_gen_products-home-decor_terracotta-tufted-bath-mat_p0529_1536x1024.sdr.png	https://codec-corpus.r2.imazen.org/imazen-26-png-v3/9226-lilith-ai-products/home/decor/9768_gen_products-home-decor_terracotta-tufted-bath-mat_p0529_1536x1024.sdr.png
9769	train	9226-lilith-ai-products	sdr	9226-lilith-ai-products/home/decor/9769_gen_products-home-decor_terracotta-vase-tall_p0530_1024x1536.sdr.png	https://codec-corpus.r2.imazen.org/imazen-26-png-v3/9226-lilith-ai-products/home/decor/9769_gen_products-home-decor_terracotta-vase-tall_p0530_1024x1536.sdr.png
9770	train	9226-lilith-ai-products	sdr	9226-lilith-ai-products/home/decor/9770_gen_products-home-decor_washed-linen-bedding-set-sage_flat_p0531_5504x3072.sdr.png	https://codec-corpus.r2.imazen.org/imazen-26-png-v3/9226-lilith-ai-products/home/decor/9770_gen_products-home-decor_washed-linen-bedding-set-sage_flat_p0531_5504x3072.sdr.png
9772	train	9226-lilith-ai-products	sdr	9226-lilith-ai-products/home/decor/9772_gen_products-home-decor_woven-magazine-basket_p0533_1024x1536.sdr.png	https://codec-corpus.r2.imazen.org/imazen-26-png-v3/9226-lilith-ai-products/home/decor/9772_gen_products-home-decor_woven-magazine-basket_p0533_1024x1536.sdr.png
9773	train	9226-lilith-ai-products	sdr	9226-lilith-ai-products/home/decor/9773_gen_products-home-decor_woven-planter-with-plant_p0534_1024x1536.sdr.png	https://codec-corpus.r2.imazen.org/imazen-26-png-v3/9226-lilith-ai-products/home/decor/9773_gen_products-home-decor_woven-planter-with-plant_p0534_1024x1536.sdr.png
9774	train	9226-lilith-ai-products	sdr	9226-lilith-ai-products/home/decor/9774_gen_products-home-decor_woven-rattan-pendant-light_p0535_1024x1536.sdr.png	https://codec-corpus.r2.imazen.org/imazen-26-png-v3/9226-lilith-ai-products/home/decor/9774_gen_products-home-decor_woven-rattan-pendant-light_p0535_1024x1536.sdr.png
9775	train	9226-lilith-ai-products	sdr	9226-lilith-ai-products/home/furniture/9775_gen_products-home-furniture_accent-cabinet-cane-doors_p0536_1024x1536.sdr.png	https://codec-corpus.r2.imazen.org/imazen-26-png-v3/9226-lilith-ai-products/home/furniture/9775_gen_products-home-furniture_accent-cabinet-cane-doors_p0536_1024x1536.sdr.png
9776	train	9226-lilith-ai-products	sdr	9226-lilith-ai-products/home/furniture/9776_gen_products-home-furniture_ergonomic-desk-chair_p0537_1024x1536.sdr.png	https://codec-corpus.r2.imazen.org/imazen-26-png-v3/9226-lilith-ai-products/home/furniture/9776_gen_products-home-furniture_ergonomic-desk-chair_p0537_1024x1536.sdr.png
9777	train	9226-lilith-ai-products	sdr	9226-lilith-ai-products/home/furniture/9777_gen_products-home-furniture_freestanding-garment-rack_p0538_1024x1536.sdr.png	https://codec-corpus.r2.imazen.org/imazen-26-png-v3/9226-lilith-ai-products/home/furniture/9777_gen_products-home-furniture_freestanding-garment-rack_p0538_1024x1536.sdr.png
9778	train	9226-lilith-ai-products	sdr	9226-lilith-ai-products/home/furniture/9778_gen_products-home-furniture_kitchen-island-cart_p0539_1024x1536.sdr.png	https://codec-corpus.r2.imazen.org/imazen-26-png-v3/9226-lilith-ai-products/home/furniture/9778_gen_products-home-furniture_kitchen-island-cart_p0539_1024x1536.sdr.png
9779	train	9226-lilith-ai-products	sdr	9226-lilith-ai-products/home/furniture/9779_gen_products-home-furniture_l-shaped-sectional-sofa_p0540_1536x1024.sdr.png	https://codec-corpus.r2.imazen.org/imazen-26-png-v3/9226-lilith-ai-products/home/furniture/9779_gen_products-home-furniture_l-shaped-sectional-sofa_p0540_1536x1024.sdr.png
9782	train	9226-lilith-ai-products	sdr	9226-lilith-ai-products/home/furniture/9782_gen_products-home-furniture_mid-century-lounge-chair_p0543_1024x1536.sdr.png	https://codec-corpus.r2.imazen.org/imazen-26-png-v3/9226-lilith-ai-products/home/furniture/9782_gen_products-home-furniture_mid-century-lounge-chair_p0543_1024x1536.sdr.png
9783	train	9226-lilith-ai-products	sdr	9226-lilith-ai-products/home/furniture/9783_gen_products-home-furniture_open-bookcase-five-shelf_p0544_1024x1536.sdr.png	https://codec-corpus.r2.imazen.org/imazen-26-png-v3/9226-lilith-ai-products/home/furniture/9783_gen_products-home-furniture_open-bookcase-five-shelf_p0544_1024x1536.sdr.png
9784	train	9226-lilith-ai-products	sdr	9226-lilith-ai-products/home/furniture/9784_gen_products-home-furniture_oval-coffee-table_p0545_1536x1024.sdr.png	https://codec-corpus.r2.imazen.org/imazen-26-png-v3/9226-lilith-ai-products/home/furniture/9784_gen_products-home-furniture_oval-coffee-table_p0545_1536x1024.sdr.png
9785	train	9226-lilith-ai-products	sdr	9226-lilith-ai-products/home/furniture/9785_gen_products-home-furniture_queen-platform-bed-frame_p0546_1536x1024.sdr.png	https://codec-corpus.r2.imazen.org/imazen-26-png-v3/9226-lilith-ai-products/home/furniture/9785_gen_products-home-furniture_queen-platform-bed-frame_p0546_1536x1024.sdr.png
9786	train	9226-lilith-ai-products	sdr	9226-lilith-ai-products/home/furniture/9786_gen_products-home-furniture_rectangular-dining-table_p0547_1536x1024.sdr.png	https://codec-corpus.r2.imazen.org/imazen-26-png-v3/9226-lilith-ai-products/home/furniture/9786_gen_products-home-furniture_rectangular-dining-table_p0547_1536x1024.sdr.png
9787	train	9226-lilith-ai-products	sdr	9226-lilith-ai-products/home/furniture/9787_gen_products-home-furniture_rounded-upholstered-ottoman_p0548_1024x1024.sdr.png	https://codec-corpus.r2.imazen.org/imazen-26-png-v3/9226-lilith-ai-products/home/furniture/9787_gen_products-home-furniture_rounded-upholstered-ottoman_p0548_1024x1024.sdr.png
9788	train	9226-lilith-ai-products	sdr	9226-lilith-ai-products/home/furniture/9788_gen_products-home-furniture_six-drawer-dresser_p0549_1536x1024.sdr.png	https://codec-corpus.r2.imazen.org/imazen-26-png-v3/9226-lilith-ai-products/home/furniture/9788_gen_products-home-furniture_six-drawer-dresser_p0549_1536x1024.sdr.png
9790	train	9226-lilith-ai-products	sdr	9226-lilith-ai-products/home/furniture/9790_gen_products-home-furniture_storage-bench-upholstered_p0551_1536x1024.sdr.png	https://codec-corpus.r2.imazen.org/imazen-26-png-v3/9226-lilith-ai-products/home/furniture/9790_gen_products-home-furniture_storage-bench-upholstered_p0551_1536x1024.sdr.png
9791	train	9226-lilith-ai-products	sdr	9226-lilith-ai-products/home/furniture/9791_gen_products-home-furniture_three-seat-sofa_p0552_1536x1024.sdr.png	https://codec-corpus.r2.imazen.org/imazen-26-png-v3/9226-lilith-ai-products/home/furniture/9791_gen_products-home-furniture_three-seat-sofa_p0552_1536x1024.sdr.png
9792	train	9226-lilith-ai-products	sdr	9226-lilith-ai-products/home/furniture/9792_gen_products-home-furniture_two-drawer-nightstand_p0553_1024x1536.sdr.png	https://codec-corpus.r2.imazen.org/imazen-26-png-v3/9226-lilith-ai-products/home/furniture/9792_gen_products-home-furniture_two-drawer-nightstand_p0553_1024x1536.sdr.png
9793	train	9226-lilith-ai-products	sdr	9226-lilith-ai-products/home/furniture/9793_gen_products-home-furniture_two-seat-loveseat_p0554_1536x1024.sdr.png	https://codec-corpus.r2.imazen.org/imazen-26-png-v3/9226-lilith-ai-products/home/furniture/9793_gen_products-home-furniture_two-seat-loveseat_p0554_1536x1024.sdr.png
9794	train	9226-lilith-ai-products	sdr	9226-lilith-ai-products/home/furniture/9794_gen_products-home-furniture_upholstered-accent-armchair_p0555_1024x1536.sdr.png	https://codec-corpus.r2.imazen.org/imazen-26-png-v3/9226-lilith-ai-products/home/furniture/9794_gen_products-home-furniture_upholstered-accent-armchair_p0555_1024x1536.sdr.png
9795	train	9226-lilith-ai-products	sdr	9226-lilith-ai-products/home/furniture/9795_gen_products-home-furniture_upholstered-dining-chair_p0556_1024x1536.sdr.png	https://codec-corpus.r2.imazen.org/imazen-26-png-v3/9226-lilith-ai-products/home/furniture/9795_gen_products-home-furniture_upholstered-dining-chair_p0556_1024x1536.sdr.png
9796	train	9226-lilith-ai-products	sdr	9226-lilith-ai-products/home/furniture/9796_gen_products-home-furniture_upholstered-headboard_p0557_1536x1024.sdr.png	https://codec-corpus.r2.imazen.org/imazen-26-png-v3/9226-lilith-ai-products/home/furniture/9796_gen_products-home-furniture_upholstered-headboard_p0557_1536x1024.sdr.png
9797	train	9226-lilith-ai-products	sdr	9226-lilith-ai-products/home/furniture/9797_gen_products-home-furniture_vanity-table-with-mirror_p0558_1024x1536.sdr.png	https://codec-corpus.r2.imazen.org/imazen-26-png-v3/9226-lilith-ai-products/home/furniture/9797_gen_products-home-furniture_vanity-table-with-mirror_p0558_1024x1536.sdr.png
9798	train	9226-lilith-ai-products	sdr	9226-lilith-ai-products/home/furniture/9798_gen_products-home-furniture_walnut-side-table_p0559_1024x1536.sdr.png	https://codec-corpus.r2.imazen.org/imazen-26-png-v3/9226-lilith-ai-products/home/furniture/9798_gen_products-home-furniture_walnut-side-table_p0559_1024x1536.sdr.png
9799	train	9226-lilith-ai-products	sdr	9226-lilith-ai-products/home/furniture/9799_gen_products-home-furniture_writing-desk-walnut_p0560_1536x1024.sdr.png	https://codec-corpus.r2.imazen.org/imazen-26-png-v3/9226-lilith-ai-products/home/furniture/9799_gen_products-home-furniture_writing-desk-walnut_p0560_1536x1024.sdr.png
9800	train	9226-lilith-ai-products	sdr	9226-lilith-ai-products/home/kitchen/9800_gen_products-home-kitchen_ashridge-chef-knife_p0561_1536x1024.sdr.png	https://codec-corpus.r2.imazen.org/imazen-26-png-v3/9226-lilith-ai-products/home/kitchen/9800_gen_products-home-kitchen_ashridge-chef-knife_p0561_1536x1024.sdr.png
9801	train	9226-lilith-ai-products	sdr	9226-lilith-ai-products/home/kitchen/9801_gen_products-home-kitchen_ashridge-cutting-board_p0562_1536x1024.sdr.png	https://codec-corpus.r2.imazen.org/imazen-26-png-v3/9226-lilith-ai-products/home/kitchen/9801_gen_products-home-kitchen_ashridge-cutting-board_p0562_1536x1024.sdr.png
9802	train	9226-lilith-ai-products	sdr	9226-lilith-ai-products/home/kitchen/9802_gen_products-home-kitchen_ashridge-espresso-cups_p0563_1536x1024.sdr.png	https://codec-corpus.r2.imazen.org/imazen-26-png-v3/9226-lilith-ai-products/home/kitchen/9802_gen_products-home-kitchen_ashridge-espresso-cups_p0563_1536x1024.sdr.png
9803	train	9226-lilith-ai-products	sdr	9226-lilith-ai-products/home/kitchen/9803_gen_products-home-kitchen_ashridge-french-press_p0564_1024x1536.sdr.png	https://codec-corpus.r2.imazen.org/imazen-26-png-v3/9226-lilith-ai-products/home/kitchen/9803_gen_products-home-kitchen_ashridge-french-press_p0564_1024x1536.sdr.png
9804	train	9226-lilith-ai-products	sdr	9226-lilith-ai-products/home/kitchen/9804_gen_products-home-kitchen_ashridge-garlic-press_p0565_1536x1024.sdr.png	https://codec-corpus.r2.imazen.org/imazen-26-png-v3/9226-lilith-ai-products/home/kitchen/9804_gen_products-home-kitchen_ashridge-garlic-press_p0565_1536x1024.sdr.png
9806	train	9226-lilith-ai-products	sdr	9226-lilith-ai-products/home/kitchen/9806_gen_products-home-kitchen_ashridge-vegetable-peeler_p0567_1536x1024.sdr.png	https://codec-corpus.r2.imazen.org/imazen-26-png-v3/9226-lilith-ai-products/home/kitchen/9806_gen_products-home-kitchen_ashridge-vegetable-peeler_p0567_1536x1024.sdr.png
9809	train	9226-lilith-ai-products	sdr	9226-lilith-ai-products/home/kitchen/9809_gen_products-home-kitchen_ceramic-mug-watercolor_p0570_1024x1024.sdr.png	https://codec-corpus.r2.imazen.org/imazen-26-png-v3/9226-lilith-ai-products/home/kitchen/9809_gen_products-home-kitchen_ceramic-mug-watercolor_p0570_1024x1024.sdr.png
9810	train	9226-lilith-ai-products	sdr	9226-lilith-ai-products/home/kitchen/9810_gen_products-home-kitchen_cream-ribbed-tumbler-set_p0571_1536x1024.sdr.png	https://codec-corpus.r2.imazen.org/imazen-26-png-v3/9226-lilith-ai-products/home/kitchen/9810_gen_products-home-kitchen_cream-ribbed-tumbler-set_p0571_1536x1024.sdr.png
9811	train	9226-lilith-ai-products	sdr	9226-lilith-ai-products/home/kitchen/9811_gen_products-home-kitchen_fieldstone-baking-pan-set_p0572_1536x1024.sdr.png	https://codec-corpus.r2.imazen.org/imazen-26-png-v3/9226-lilith-ai-products/home/kitchen/9811_gen_products-home-kitchen_fieldstone-baking-pan-set_p0572_1536x1024.sdr.png
9812	train	9226-lilith-ai-products	sdr	9226-lilith-ai-products/home/kitchen/9812_gen_products-home-kitchen_fieldstone-baking-sheet_p0573_1536x1024.sdr.png	https://codec-corpus.r2.imazen.org/imazen-26-png-v3/9226-lilith-ai-products/home/kitchen/9812_gen_products-home-kitchen_fieldstone-baking-sheet_p0573_1536x1024.sdr.png
9813	train	9226-lilith-ai-products	sdr	9226-lilith-ai-products/home/kitchen/9813_gen_products-home-kitchen_fieldstone-cast-iron-skillet_p0574_1024x1024.sdr.png	https://codec-corpus.r2.imazen.org/imazen-26-png-v3/9226-lilith-ai-products/home/kitchen/9813_gen_products-home-kitchen_fieldstone-cast-iron-skillet_p0574_1024x1024.sdr.png
9814	train	9226-lilith-ai-products	sdr	9226-lilith-ai-products/home/kitchen/9814_gen_products-home-kitchen_fieldstone-dinnerware-plates_p0575_1536x1024.sdr.png	https://codec-corpus.r2.imazen.org/imazen-26-png-v3/9226-lilith-ai-products/home/kitchen/9814_gen_products-home-kitchen_fieldstone-dinnerware-plates_p0575_1536x1024.sdr.png
9815	train	9226-lilith-ai-products	sdr	9226-lilith-ai-products/home/kitchen/9815_gen_products-home-kitchen_fieldstone-dutch-oven_p0576_1024x1024.sdr.png	https://codec-corpus.r2.imazen.org/imazen-26-png-v3/9226-lilith-ai-products/home/kitchen/9815_gen_products-home-kitchen_fieldstone-dutch-oven_p0576_1024x1024.sdr.png
9816	train	9226-lilith-ai-products	sdr	9226-lilith-ai-products/home/kitchen/9816_gen_products-home-kitchen_fieldstone-glass-pitcher_p0577_1024x1536.sdr.png	https://codec-corpus.r2.imazen.org/imazen-26-png-v3/9226-lilith-ai-products/home/kitchen/9816_gen_products-home-kitchen_fieldstone-glass-pitcher_p0577_1024x1536.sdr.png
9817	train	9226-lilith-ai-products	sdr	9226-lilith-ai-products/home/kitchen/9817_gen_products-home-kitchen_fieldstone-glass-storage-set_p0578_1536x1024.sdr.png	https://codec-corpus.r2.imazen.org/imazen-26-png-v3/9226-lilith-ai-products/home/kitchen/9817_gen_products-home-kitchen_fieldstone-glass-storage-set_p0578_1536x1024.sdr.png
9818	train	9226-lilith-ai-products	sdr	9226-lilith-ai-products/home/kitchen/9818_gen_products-home-kitchen_fieldstone-mixing-bowls_p0579_1536x1024.sdr.png	https://codec-corpus.r2.imazen.org/imazen-26-png-v3/9226-lilith-ai-products/home/kitchen/9818_gen_products-home-kitchen_fieldstone-mixing-bowls_p0579_1536x1024.sdr.png
9819	train	9226-lilith-ai-products	sdr	9226-lilith-ai-products/home/kitchen/9819_gen_products-home-kitchen_fieldstone-mug-set_p0580_1536x1024.sdr.png	https://codec-corpus.r2.imazen.org/imazen-26-png-v3/9226-lilith-ai-products/home/kitchen/9819_gen_products-home-kitchen_fieldstone-mug-set_p0580_1536x1024.sdr.png
9821	train	9226-lilith-ai-products	sdr	9226-lilith-ai-products/home/kitchen/9821_gen_products-home-kitchen_fieldstone-salad-bowl_p0582_1024x1024.sdr.png	https://codec-corpus.r2.imazen.org/imazen-26-png-v3/9226-lilith-ai-products/home/kitchen/9821_gen_products-home-kitchen_fieldstone-salad-bowl_p0582_1024x1024.sdr.png
9822	train	9226-lilith-ai-products	sdr	9226-lilith-ai-products/home/kitchen/9822_gen_products-home-kitchen_fieldstone-silicone-spatula_p0583_1024x1536.sdr.png	https://codec-corpus.r2.imazen.org/imazen-26-png-v3/9226-lilith-ai-products/home/kitchen/9822_gen_products-home-kitchen_fieldstone-silicone-spatula_p0583_1024x1536.sdr.png
9823	train	9226-lilith-ai-products	sdr	9226-lilith-ai-products/home/kitchen/9823_gen_products-home-kitchen_ivory-fluted-stoneware-bowl_p0584_1024x1024.sdr.png	https://codec-corpus.r2.imazen.org/imazen-26-png-v3/9226-lilith-ai-products/home/kitchen/9823_gen_products-home-kitchen_ivory-fluted-stoneware-bowl_p0584_1024x1024.sdr.png
9824	train	9226-lilith-ai-products	sdr	9226-lilith-ai-products/home/kitchen/9824_gen_products-home-kitchen_marble-serving-tray_p0585_1536x1024.sdr.png	https://codec-corpus.r2.imazen.org/imazen-26-png-v3/9226-lilith-ai-products/home/kitchen/9824_gen_products-home-kitchen_marble-serving-tray_p0585_1536x1024.sdr.png
9825	train	9226-lilith-ai-products	sdr	9226-lilith-ai-products/home/kitchen/9825_gen_products-home-kitchen_merch-ceramic-mug_p0586_2048x2048.sdr.png	https://codec-corpus.r2.imazen.org/imazen-26-png-v3/9226-lilith-ai-products/home/kitchen/9825_gen_products-home-kitchen_merch-ceramic-mug_p0586_2048x2048.sdr.png
9826	train	9226-lilith-ai-products	sdr	9226-lilith-ai-products/home/kitchen/9826_gen_products-home-kitchen_merch-mug-coffee-club_p0587_1024x1536.sdr.png	https://codec-corpus.r2.imazen.org/imazen-26-png-v3/9226-lilith-ai-products/home/kitchen/9826_gen_products-home-kitchen_merch-mug-coffee-club_p0587_1024x1536.sdr.png
9827	train	9226-lilith-ai-products	sdr	9226-lilith-ai-products/home/kitchen/9827_gen_products-home-kitchen_stoneware-dinnerware-set_flat_p0588_1536x1024.sdr.png	https://codec-corpus.r2.imazen.org/imazen-26-png-v3/9226-lilith-ai-products/home/kitchen/9827_gen_products-home-kitchen_stoneware-dinnerware-set_flat_p0588_1536x1024.sdr.png
9828	train	9226-lilith-ai-products	sdr	9226-lilith-ai-products/home/kitchen/9828_gen_products-home-kitchen_stoneware-mug-speckled-cream_p0589_4096x4096.sdr.png	https://codec-corpus.r2.imazen.org/imazen-26-png-v3/9226-lilith-ai-products/home/kitchen/9828_gen_products-home-kitchen_stoneware-mug-speckled-cream_p0589_4096x4096.sdr.png
9830	train	9226-lilith-ai-products	sdr	9226-lilith-ai-products/home/small-appliances/9830_gen_products-home-small-appliances_anchor-anvil-2-slice-toaster_p0591_1536x1024.sdr.png	https://codec-corpus.r2.imazen.org/imazen-26-png-v3/9226-lilith-ai-products/home/small-appliances/9830_gen_products-home-small-appliances_anchor-anvil-2-slice-toaster_p0591_1536x1024.sdr.png
9831	train	9226-lilith-ai-products	sdr	9226-lilith-ai-products/home/small-appliances/9831_gen_products-home-small-appliances_anchor-anvil-countertop-blender_p0592_1024x1536.sdr.png	https://codec-corpus.r2.imazen.org/imazen-26-png-v3/9226-lilith-ai-products/home/small-appliances/9831_gen_products-home-small-appliances_anchor-anvil-countertop-blender_p0592_1024x1536.sdr.png
9832	train	9226-lilith-ai-products	sdr	9226-lilith-ai-products/home/small-appliances/9832_gen_products-home-small-appliances_anchor-anvil-electric-kettle_p0593_1024x1536.sdr.png	https://codec-corpus.r2.imazen.org/imazen-26-png-v3/9226-lilith-ai-products/home/small-appliances/9832_gen_products-home-small-appliances_anchor-anvil-electric-kettle_p0593_1024x1536.sdr.png
9833	train	9226-lilith-ai-products	sdr	9226-lilith-ai-products/home/small-appliances/9833_gen_products-home-small-appliances_anchor-anvil-popcorn-maker_p0594_1024x1536.sdr.png	https://codec-corpus.r2.imazen.org/imazen-26-png-v3/9226-lilith-ai-products/home/small-appliances/9833_gen_products-home-small-appliances_anchor-anvil-popcorn-maker_p0594_1024x1536.sdr.png
9834	train	9226-lilith-ai-products	sdr	9226-lilith-ai-products/home/small-appliances/9834_gen_products-home-small-appliances_anchor-anvil-rice-cooker_p0595_1024x1536.sdr.png	https://codec-corpus.r2.imazen.org/imazen-26-png-v3/9226-lilith-ai-products/home/small-appliances/9834_gen_products-home-small-appliances_anchor-anvil-rice-cooker_p0595_1024x1536.sdr.png
9835	train	9226-lilith-ai-products	sdr	9226-lilith-ai-products/home/small-appliances/9835_gen_products-home-small-appliances_anchor-anvil-sandwich-press_p0596_1536x1024.sdr.png	https://codec-corpus.r2.imazen.org/imazen-26-png-v3/9226-lilith-ai-products/home/small-appliances/9835_gen_products-home-small-appliances_anchor-anvil-sandwich-press_p0596_1536x1024.sdr.png
9836	train	9226-lilith-ai-products	sdr	9226-lilith-ai-products/home/small-appliances/9836_gen_products-home-small-appliances_anchor-anvil-stand-mixer_p0597_1024x1536.sdr.png	https://codec-corpus.r2.imazen.org/imazen-26-png-v3/9226-lilith-ai-products/home/small-appliances/9836_gen_products-home-small-appliances_anchor-anvil-stand-mixer_p0597_1024x1536.sdr.png
9837	train	9226-lilith-ai-products	sdr	9226-lilith-ai-products/home/small-appliances/9837_gen_products-home-small-appliances_anchor-anvil-toaster-oven_p0598_1536x1024.sdr.png	https://codec-corpus.r2.imazen.org/imazen-26-png-v3/9226-lilith-ai-products/home/small-appliances/9837_gen_products-home-small-appliances_anchor-anvil-toaster-oven_p0598_1536x1024.sdr.png
9838	train	9226-lilith-ai-products	sdr	9226-lilith-ai-products/home/small-appliances/9838_gen_products-home-small-appliances_appliance-blender-countertop-teal_p0599_1024x1536.sdr.png	https://codec-corpus.r2.imazen.org/imazen-26-png-v3/9226-lilith-ai-products/home/small-appliances/9838_gen_products-home-small-appliances_appliance-blender-countertop-teal_p0599_1024x1536.sdr.png
9839	train	9226-lilith-ai-products	sdr	9226-lilith-ai-products/home/small-appliances/9839_gen_products-home-small-appliances_blackpine-conical-burr-grinder_p0600_1024x1536.sdr.png	https://codec-corpus.r2.imazen.org/imazen-26-png-v3/9226-lilith-ai-products/home/small-appliances/9839_gen_products-home-small-appliances_blackpine-conical-burr-grinder_p0600_1024x1536.sdr.png
9840	train	9226-lilith-ai-products	sdr	9226-lilith-ai-products/home/small-appliances/9840_gen_products-home-small-appliances_blackpine-gooseneck-kettle_p0601_1024x1536.sdr.png	https://codec-corpus.r2.imazen.org/imazen-26-png-v3/9226-lilith-ai-products/home/small-appliances/9840_gen_products-home-small-appliances_blackpine-gooseneck-kettle_p0601_1024x1536.sdr.png
9842	train	9226-lilith-ai-products	sdr	9226-lilith-ai-products/home/small-appliances/9842_gen_products-home-small-appliances_ironvale-digital-air-fryer_p0603_1024x1536.sdr.png	https://codec-corpus.r2.imazen.org/imazen-26-png-v3/9226-lilith-ai-products/home/small-appliances/9842_gen_products-home-small-appliances_ironvale-digital-air-fryer_p0603_1024x1536.sdr.png
9843	train	9226-lilith-ai-products	sdr	9226-lilith-ai-products/home/small-appliances/9843_gen_products-home-small-appliances_ironvale-food-processor_p0604_1024x1536.sdr.png	https://codec-corpus.r2.imazen.org/imazen-26-png-v3/9226-lilith-ai-products/home/small-appliances/9843_gen_products-home-small-appliances_ironvale-food-processor_p0604_1024x1536.sdr.png
9844	train	9226-lilith-ai-products	sdr	9226-lilith-ai-products/home/small-appliances/9844_gen_products-home-small-appliances_ironvale-multi-cooker-pressure-cooker_p0605_1024x1536.sdr.png	https://codec-corpus.r2.imazen.org/imazen-26-png-v3/9226-lilith-ai-products/home/small-appliances/9844_gen_products-home-small-appliances_ironvale-multi-cooker-pressure-cooker_p0605_1024x1536.sdr.png
9845	train	9226-lilith-ai-products	sdr	9226-lilith-ai-products/home/small-appliances/9845_gen_products-home-small-appliances_ironvale-slow-cooker_p0606_1536x1024.sdr.png	https://codec-corpus.r2.imazen.org/imazen-26-png-v3/9226-lilith-ai-products/home/small-appliances/9845_gen_products-home-small-appliances_ironvale-slow-cooker_p0606_1536x1024.sdr.png
9846	train	9226-lilith-ai-products	sdr	9226-lilith-ai-products/home/small-appliances/9846_gen_products-home-small-appliances_kettlebay-12-cup-drip-coffee-maker_p0607_1024x1536.sdr.png	https://codec-corpus.r2.imazen.org/imazen-26-png-v3/9226-lilith-ai-products/home/small-appliances/9846_gen_products-home-small-appliances_kettlebay-12-cup-drip-coffee-maker_p0607_1024x1536.sdr.png
9847	train	9226-lilith-ai-products	sdr	9226-lilith-ai-products/home/small-appliances/9847_gen_products-home-small-appliances_kettlebay-belgian-waffle-iron_p0608_1536x1024.sdr.png	https://codec-corpus.r2.imazen.org/imazen-26-png-v3/9226-lilith-ai-products/home/small-appliances/9847_gen_products-home-small-appliances_kettlebay-belgian-waffle-iron_p0608_1536x1024.sdr.png
9848	train	9226-lilith-ai-products	sdr	9226-lilith-ai-products/home/small-appliances/9848_gen_products-home-small-appliances_kettlebay-centrifugal-juicer_p0609_1024x1536.sdr.png	https://codec-corpus.r2.imazen.org/imazen-26-png-v3/9226-lilith-ai-products/home/small-appliances/9848_gen_products-home-small-appliances_kettlebay-centrifugal-juicer_p0609_1024x1536.sdr.png
9849	train	9226-lilith-ai-products	sdr	9226-lilith-ai-products/home/small-appliances/9849_gen_products-home-small-appliances_kettlebay-electric-griddle_p0610_1536x1024.sdr.png	https://codec-corpus.r2.imazen.org/imazen-26-png-v3/9226-lilith-ai-products/home/small-appliances/9849_gen_products-home-small-appliances_kettlebay-electric-griddle_p0610_1536x1024.sdr.png
9850	train	9226-lilith-ai-products	sdr	9226-lilith-ai-products/home/small-appliances/9850_gen_products-home-small-appliances_kettlebay-espresso-machine_p0611_1024x1536.sdr.png	https://codec-corpus.r2.imazen.org/imazen-26-png-v3/9226-lilith-ai-products/home/small-appliances/9850_gen_products-home-small-appliances_kettlebay-espresso-machine_p0611_1024x1536.sdr.png
9851	train	9226-lilith-ai-products	sdr	9226-lilith-ai-products/home/small-appliances/9851_gen_products-home-small-appliances_kettlebay-handheld-mixer_p0612_1536x1024.sdr.png	https://codec-corpus.r2.imazen.org/imazen-26-png-v3/9226-lilith-ai-products/home/small-appliances/9851_gen_products-home-small-appliances_kettlebay-handheld-mixer_p0612_1536x1024.sdr.png
9852	train	9226-lilith-ai-products	sdr	9226-lilith-ai-products/home/small-appliances/9852_gen_products-home-small-appliances_kettlebay-ice-cream-maker_p0613_1024x1536.sdr.png	https://codec-corpus.r2.imazen.org/imazen-26-png-v3/9226-lilith-ai-products/home/small-appliances/9852_gen_products-home-small-appliances_kettlebay-ice-cream-maker_p0613_1024x1536.sdr.png
9853	train	9226-lilith-ai-products	sdr	9226-lilith-ai-products/home/small-appliances/9853_gen_products-home-small-appliances_kettlebay-immersion-blender_p0614_1024x1536.sdr.png	https://codec-corpus.r2.imazen.org/imazen-26-png-v3/9226-lilith-ai-products/home/small-appliances/9853_gen_products-home-small-appliances_kettlebay-immersion-blender_p0614_1024x1536.sdr.png
9855	train	9226-lilith-ai-products	sdr	9226-lilith-ai-products/home/small-appliances/9855_gen_products-home-small-appliances_portofino-stovetop-espresso-maker_p0616_1024x1536.sdr.png	https://codec-corpus.r2.imazen.org/imazen-26-png-v3/9226-lilith-ai-products/home/small-appliances/9855_gen_products-home-small-appliances_portofino-stovetop-espresso-maker_p0616_1024x1536.sdr.png
9856	train	9226-lilith-ai-products	sdr	9226-lilith-ai-products/sporting-goods/9856_gen_products-sporting-goods_daypack-22l-rust_p0617_2816x1536.sdr.png	https://codec-corpus.r2.imazen.org/imazen-26-png-v3/9226-lilith-ai-products/sporting-goods/9856_gen_products-sporting-goods_daypack-22l-rust_p0617_2816x1536.sdr.png
9857	train	9226-lilith-ai-products	sdr	9226-lilith-ai-products/sporting-goods/9857_gen_products-sporting-goods_down-puffer-vest_p0618_2160x3840.sdr.png	https://codec-corpus.r2.imazen.org/imazen-26-png-v3/9226-lilith-ai-products/sporting-goods/9857_gen_products-sporting-goods_down-puffer-vest_p0618_2160x3840.sdr.png
9858	train	9226-lilith-ai-products	sdr	9226-lilith-ai-products/sporting-goods/9858_gen_products-sporting-goods_duffel-bag-60l-charcoal_p0619_2816x1536.sdr.png	https://codec-corpus.r2.imazen.org/imazen-26-png-v3/9226-lilith-ai-products/sporting-goods/9858_gen_products-sporting-goods_duffel-bag-60l-charcoal_p0619_2816x1536.sdr.png
9860	train	9226-lilith-ai-products	sdr	9226-lilith-ai-products/sporting-goods/9860_gen_products-sporting-goods_insulated-tumbler-40oz-teal_p0621_4096x4096.sdr.png	https://codec-corpus.r2.imazen.org/imazen-26-png-v3/9226-lilith-ai-products/sporting-goods/9860_gen_products-sporting-goods_insulated-tumbler-40oz-teal_p0621_4096x4096.sdr.png
9861	train	9226-lilith-ai-products	sdr	9226-lilith-ai-products/sporting-goods/9861_gen_products-sporting-goods_insulated-water-bottle-orange_p0622_3072x5504.sdr.png	https://codec-corpus.r2.imazen.org/imazen-26-png-v3/9226-lilith-ai-products/sporting-goods/9861_gen_products-sporting-goods_insulated-water-bottle-orange_p0622_3072x5504.sdr.png
9863	train	9226-lilith-ai-products	sdr	9226-lilith-ai-products/sporting-goods/9863_gen_products-sporting-goods_mens-beanie-rib_flat_p0624_1024x1024.sdr.png	https://codec-corpus.r2.imazen.org/imazen-26-png-v3/9226-lilith-ai-products/sporting-goods/9863_gen_products-sporting-goods_mens-beanie-rib_flat_p0624_1024x1024.sdr.png
9864	train	9226-lilith-ai-products	sdr	9226-lilith-ai-products/sporting-goods/9864_gen_products-sporting-goods_merch-dad-cap_p0625_2048x2048.sdr.png	https://codec-corpus.r2.imazen.org/imazen-26-png-v3/9226-lilith-ai-products/sporting-goods/9864_gen_products-sporting-goods_merch-dad-cap_p0625_2048x2048.sdr.png
9865	train	9226-lilith-ai-products	sdr	9226-lilith-ai-products/sporting-goods/9865_gen_products-sporting-goods_merch-steel-water-bottle_p0626_1152x2048.sdr.png	https://codec-corpus.r2.imazen.org/imazen-26-png-v3/9226-lilith-ai-products/sporting-goods/9865_gen_products-sporting-goods_merch-steel-water-bottle_p0626_1152x2048.sdr.png
9866	train	9226-lilith-ai-products	sdr	9226-lilith-ai-products/sporting-goods/9866_gen_products-sporting-goods_mummy-sleeping-bag-teal_p0627_2816x1536.sdr.png	https://codec-corpus.r2.imazen.org/imazen-26-png-v3/9226-lilith-ai-products/sporting-goods/9866_gen_products-sporting-goods_mummy-sleeping-bag-teal_p0627_2816x1536.sdr.png
9868	train	9226-lilith-ai-products	sdr	9226-lilith-ai-products/sporting-goods/9868_gen_products-sporting-goods_rain-shell-jacket_feature_p0629_1024x1536.sdr.png	https://codec-corpus.r2.imazen.org/imazen-26-png-v3/9226-lilith-ai-products/sporting-goods/9868_gen_products-sporting-goods_rain-shell-jacket_feature_p0629_1024x1536.sdr.png
9872	train	9226-lilith-ai-products	sdr	9226-lilith-ai-products/sporting-goods/9872_gen_products-sporting-goods_ski-helmet-product-electric_p0633_1024x1536.sdr.png	https://codec-corpus.r2.imazen.org/imazen-26-png-v3/9226-lilith-ai-products/sporting-goods/9872_gen_products-sporting-goods_ski-helmet-product-electric_p0633_1024x1536.sdr.png
9873	train	9226-lilith-ai-products	sdr	9226-lilith-ai-products/sporting-goods/9873_gen_products-sporting-goods_ski-pants-mens_flat_p0634_1024x1536.sdr.png	https://codec-corpus.r2.imazen.org/imazen-26-png-v3/9226-lilith-ai-products/sporting-goods/9873_gen_products-sporting-goods_ski-pants-mens_flat_p0634_1024x1536.sdr.png
9874	train	9226-lilith-ai-products	sdr	9226-lilith-ai-products/sporting-goods/9874_gen_products-sporting-goods_wrap-sunglasses-orange_p0635_1536x1024.sdr.png	https://codec-corpus.r2.imazen.org/imazen-26-png-v3/9226-lilith-ai-products/sporting-goods/9874_gen_products-sporting-goods_wrap-sunglasses-orange_p0635_1536x1024.sdr.png
9875	train	9226-lilith-ai-products	sdr	9226-lilith-ai-products/sporting-goods/9875_gen_products-sporting-goods_teal-alignment-yoga-mat_p0636_1536x2816.sdr.png	https://codec-corpus.r2.imazen.org/imazen-26-png-v3/9226-lilith-ai-products/sporting-goods/9875_gen_products-sporting-goods_teal-alignment-yoga-mat_p0636_1536x2816.sdr.png
9876	train	9226-lilith-ai-products	sdr	9226-lilith-ai-products/sporting-goods/9876_gen_products-sporting-goods_trail-backpack-marigold_p0637_1024x1536.sdr.png	https://codec-corpus.r2.imazen.org/imazen-26-png-v3/9226-lilith-ai-products/sporting-goods/9876_gen_products-sporting-goods_trail-backpack-marigold_p0637_1024x1536.sdr.png
9877	train	9226-lilith-ai-products	sdr	9226-lilith-ai-products/sporting-goods/9877_gen_products-sporting-goods_two-person-backpacking-tent-orange_p0638_2816x1536.sdr.png	https://codec-corpus.r2.imazen.org/imazen-26-png-v3/9226-lilith-ai-products/sporting-goods/9877_gen_products-sporting-goods_two-person-backpacking-tent-orange_p0638_2816x1536.sdr.png
9878	train	9226-lilith-ai-products	sdr	9226-lilith-ai-products/sporting-goods/9878_gen_products-sporting-goods_water-bottle-tomato-product_p0639_1024x1536.sdr.png	https://codec-corpus.r2.imazen.org/imazen-26-png-v3/9226-lilith-ai-products/sporting-goods/9878_gen_products-sporting-goods_water-bottle-tomato-product_p0639_1024x1536.sdr.png
9879	train	9226-lilith-ai-products	sdr	9226-lilith-ai-products/sporting-goods/9879_gen_products-sporting-goods_wide-brim-sun-hat-tan_p0640_2048x2048.sdr.png	https://codec-corpus.r2.imazen.org/imazen-26-png-v3/9226-lilith-ai-products/sporting-goods/9879_gen_products-sporting-goods_wide-brim-sun-hat-tan_p0640_2048x2048.sdr.png
9880	train	9226-lilith-ai-products	sdr	9226-lilith-ai-products/sporting-goods/9880_gen_products-sporting-goods_yoga-mat-jewel-tone_p0641_1536x1024.sdr.png	https://codec-corpus.r2.imazen.org/imazen-26-png-v3/9226-lilith-ai-products/sporting-goods/9880_gen_products-sporting-goods_yoga-mat-jewel-tone_p0641_1536x1024.sdr.png
9881	train	9226-lilith-ai-products	sdr	9226-lilith-ai-products/toys/9881_gen_products-toys_action-figure-blister-card_p0642_1024x1536.sdr.png	https://codec-corpus.r2.imazen.org/imazen-26-png-v3/9226-lilith-ai-products/toys/9881_gen_products-toys_action-figure-blister-card_p0642_1024x1536.sdr.png
9882	train	9226-lilith-ai-products	sdr	9226-lilith-ai-products/toys/9882_gen_products-toys_baby-wooden-rattle_p0643_1024x1024.sdr.png	https://codec-corpus.r2.imazen.org/imazen-26-png-v3/9226-lilith-ai-products/toys/9882_gen_products-toys_baby-wooden-rattle_p0643_1024x1024.sdr.png
9883	train	9226-lilith-ai-products	sdr	9226-lilith-ai-products/toys/9883_gen_products-toys_beach-ball-classic_p0644_1024x1024.sdr.png	https://codec-corpus.r2.imazen.org/imazen-26-png-v3/9226-lilith-ai-products/toys/9883_gen_products-toys_beach-ball-classic_p0644_1024x1024.sdr.png
9884	train	9226-lilith-ai-products	sdr	9226-lilith-ai-products/toys/9884_gen_products-toys_board-game-box-strategy_p0645_1024x1024.sdr.png	https://codec-corpus.r2.imazen.org/imazen-26-png-v3/9226-lilith-ai-products/toys/9884_gen_products-toys_board-game-box-strategy_p0645_1024x1024.sdr.png
9885	train	9226-lilith-ai-products	sdr	9226-lilith-ai-products/toys/9885_gen_products-toys_building-bricks-generic-set_p0646_1024x1024.sdr.png	https://codec-corpus.r2.imazen.org/imazen-26-png-v3/9226-lilith-ai-products/toys/9885_gen_products-toys_building-bricks-generic-set_p0646_1024x1024.sdr.png
9886	train	9226-lilith-ai-products	sdr	9226-lilith-ai-products/toys/9886_gen_products-toys_card-game-deck-box_p0647_1024x1536.sdr.png	https://codec-corpus.r2.imazen.org/imazen-26-png-v3/9226-lilith-ai-products/toys/9886_gen_products-toys_card-game-deck-box_p0647_1024x1536.sdr.png
9888	train	9226-lilith-ai-products	sdr	9226-lilith-ai-products/toys/9888_gen_products-toys_jigsaw-puzzle-1000-piece_p0649_1536x1024.sdr.png	https://codec-corpus.r2.imazen.org/imazen-26-png-v3/9226-lilith-ai-products/toys/9888_gen_products-toys_jigsaw-puzzle-1000-piece_p0649_1536x1024.sdr.png
9889	train	9226-lilith-ai-products	sdr	9226-lilith-ai-products/toys/9889_gen_products-toys_jump-rope-wooden-handles_p0650_1024x1024.sdr.png	https://codec-corpus.r2.imazen.org/imazen-26-png-v3/9226-lilith-ai-products/toys/9889_gen_products-toys_jump-rope-wooden-handles_p0650_1024x1024.sdr.png
9890	train	9226-lilith-ai-products	sdr	9226-lilith-ai-products/toys/9890_gen_products-toys_kids-art-supply-caddy_p0651_1024x1024.sdr.png	https://codec-corpus.r2.imazen.org/imazen-26-png-v3/9226-lilith-ai-products/toys/9890_gen_products-toys_kids-art-supply-caddy_p0651_1024x1024.sdr.png
9891	train	9226-lilith-ai-products	sdr	9226-lilith-ai-products/toys/9891_gen_products-toys_kids-basketball_p0652_1024x1024.sdr.png	https://codec-corpus.r2.imazen.org/imazen-26-png-v3/9226-lilith-ai-products/toys/9891_gen_products-toys_kids-basketball_p0652_1024x1024.sdr.png
9892	train	9226-lilith-ai-products	sdr	9226-lilith-ai-products/toys/9892_gen_products-toys_kids-soccer-ball_p0653_1024x1024.sdr.png	https://codec-corpus.r2.imazen.org/imazen-26-png-v3/9226-lilith-ai-products/toys/9892_gen_products-toys_kids-soccer-ball_p0653_1024x1024.sdr.png
9893	train	9226-lilith-ai-products	sdr	9226-lilith-ai-products/toys/9893_gen_products-toys_kids-telescope-box_p0654_1024x1536.sdr.png	https://codec-corpus.r2.imazen.org/imazen-26-png-v3/9226-lilith-ai-products/toys/9893_gen_products-toys_kids-telescope-box_p0654_1024x1536.sdr.png
9894	train	9226-lilith-ai-products	sdr	9226-lilith-ai-products/toys/9894_gen_products-toys_kids-three-wheel-scooter_p0655_1024x1536.sdr.png	https://codec-corpus.r2.imazen.org/imazen-26-png-v3/9226-lilith-ai-products/toys/9894_gen_products-toys_kids-three-wheel-scooter_p0655_1024x1536.sdr.png
9895	train	9226-lilith-ai-products	sdr	9226-lilith-ai-products/toys/9895_gen_products-toys_kitchen-play-set-box_p0656_1024x1536.sdr.png	https://codec-corpus.r2.imazen.org/imazen-26-png-v3/9226-lilith-ai-products/toys/9895_gen_products-toys_kitchen-play-set-box_p0656_1024x1536.sdr.png
9896	train	9226-lilith-ai-products	sdr	9226-lilith-ai-products/toys/9896_gen_products-toys_modeling-clay-set-box_p0657_1536x1024.sdr.png	https://codec-corpus.r2.imazen.org/imazen-26-png-v3/9226-lilith-ai-products/toys/9896_gen_products-toys_modeling-clay-set-box_p0657_1536x1024.sdr.png
9897	train	9226-lilith-ai-products	sdr	9226-lilith-ai-products/toys/9897_gen_products-toys_plush-bunny-rabbit_p0658_1024x1536.sdr.png	https://codec-corpus.r2.imazen.org/imazen-26-png-v3/9226-lilith-ai-products/toys/9897_gen_products-toys_plush-bunny-rabbit_p0658_1024x1536.sdr.png
9898	train	9226-lilith-ai-products	sdr	9226-lilith-ai-products/toys/9898_gen_products-toys_plush-teddy-bear_p0659_1024x1536.sdr.png	https://codec-corpus.r2.imazen.org/imazen-26-png-v3/9226-lilith-ai-products/toys/9898_gen_products-toys_plush-teddy-bear_p0659_1024x1536.sdr.png
9899	train	9226-lilith-ai-products	sdr	9226-lilith-ai-products/toys/9899_gen_products-toys_puzzle-box-art-product_p0660_1536x1024.sdr.png	https://codec-corpus.r2.imazen.org/imazen-26-png-v3/9226-lilith-ai-products/toys/9899_gen_products-toys_puzzle-box-art-product_p0660_1536x1024.sdr.png
9900	train	9226-lilith-ai-products	sdr	9226-lilith-ai-products/toys/9900_gen_products-toys_sand-toy-bucket-set_p0661_1024x1024.sdr.png	https://codec-corpus.r2.imazen.org/imazen-26-png-v3/9226-lilith-ai-products/toys/9900_gen_products-toys_sand-toy-bucket-set_p0661_1024x1024.sdr.png
9901	train	9226-lilith-ai-products	sdr	9226-lilith-ai-products/toys/9901_gen_products-toys_wooden-building-blocks-set_p0662_1024x1024.sdr.png	https://codec-corpus.r2.imazen.org/imazen-26-png-v3/9226-lilith-ai-products/toys/9901_gen_products-toys_wooden-building-blocks-set_p0662_1024x1024.sdr.png
9902	train	9226-lilith-ai-products	sdr	9226-lilith-ai-products/toys/9902_gen_products-toys_wooden-dollhouse_p0663_1024x1536.sdr.png	https://codec-corpus.r2.imazen.org/imazen-26-png-v3/9226-lilith-ai-products/toys/9902_gen_products-toys_wooden-dollhouse_p0663_1024x1536.sdr.png
9904	train	9226-lilith-ai-products	sdr	9226-lilith-ai-products/toys/9904_gen_products-toys_wooden-toddler-tricycle_p0665_1024x1536.sdr.png	https://codec-corpus.r2.imazen.org/imazen-26-png-v3/9226-lilith-ai-products/toys/9904_gen_products-toys_wooden-toddler-tricycle_p0665_1024x1536.sdr.png
9905	train	9226-lilith-ai-products	sdr	9226-lilith-ai-products/toys/9905_gen_products-toys_wooden-train-set-box_p0666_1536x1024.sdr.png	https://codec-corpus.r2.imazen.org/imazen-26-png-v3/9226-lilith-ai-products/toys/9905_gen_products-toys_wooden-train-set-box_p0666_1536x1024.sdr.png
9906	train	9226-lilith-ai-products	sdr	9226-lilith-ai-products/whitelabeled-beauty/9906_gen_products-whitelabeled-beauty_amber-face-oil-dropper_p0667_1024x1536.sdr.png	https://codec-corpus.r2.imazen.org/imazen-26-png-v3/9226-lilith-ai-products/whitelabeled-beauty/9906_gen_products-whitelabeled-beauty_amber-face-oil-dropper_p0667_1024x1536.sdr.png
9907	train	9226-lilith-ai-products	sdr	9226-lilith-ai-products/whitelabeled-beauty/9907_gen_products-whitelabeled-beauty_amber-glass-serum-bottle_p0668_1024x1536.sdr.png	https://codec-corpus.r2.imazen.org/imazen-26-png-v3/9226-lilith-ai-products/whitelabeled-beauty/9907_gen_products-whitelabeled-beauty_amber-glass-serum-bottle_p0668_1024x1536.sdr.png
9909	train	9226-lilith-ai-products	sdr	9226-lilith-ai-products/whitelabeled-beauty/9909_gen_products-whitelabeled-beauty_black-mascara-tube_p0670_1024x1536.sdr.png	https://codec-corpus.r2.imazen.org/imazen-26-png-v3/9226-lilith-ai-products/whitelabeled-beauty/9909_gen_products-whitelabeled-beauty_black-mascara-tube_p0670_1024x1536.sdr.png
9910	train	9226-lilith-ai-products	sdr	9226-lilith-ai-products/whitelabeled-beauty/9910_gen_products-whitelabeled-beauty_blush-cleanser-pump-bottle_p0671_1024x1536.sdr.png	https://codec-corpus.r2.imazen.org/imazen-26-png-v3/9226-lilith-ai-products/whitelabeled-beauty/9910_gen_products-whitelabeled-beauty_blush-cleanser-pump-bottle_p0671_1024x1536.sdr.png
9912	train	9226-lilith-ai-products	sdr	9226-lilith-ai-products/whitelabeled-beauty/9912_gen_products-whitelabeled-beauty_blush-powder-compact_p0673_1024x1024.sdr.png	https://codec-corpus.r2.imazen.org/imazen-26-png-v3/9226-lilith-ai-products/whitelabeled-beauty/9912_gen_products-whitelabeled-beauty_blush-powder-compact_p0673_1024x1024.sdr.png
9913	train	9226-lilith-ai-products	sdr	9226-lilith-ai-products/whitelabeled-beauty/9913_gen_products-whitelabeled-beauty_cleanser-tube-white_p0674_2048x2048.sdr.png	https://codec-corpus.r2.imazen.org/imazen-26-png-v3/9226-lilith-ai-products/whitelabeled-beauty/9913_gen_products-whitelabeled-beauty_cleanser-tube-white_p0674_2048x2048.sdr.png
9914	train	9226-lilith-ai-products	sdr	9226-lilith-ai-products/whitelabeled-beauty/9914_gen_products-whitelabeled-beauty_cleansing-balm-jar_p0675_1024x1024.sdr.png	https://codec-corpus.r2.imazen.org/imazen-26-png-v3/9226-lilith-ai-products/whitelabeled-beauty/9914_gen_products-whitelabeled-beauty_cleansing-balm-jar_p0675_1024x1024.sdr.png
9915	train	9226-lilith-ai-products	sdr	9226-lilith-ai-products/whitelabeled-beauty/9915_gen_products-whitelabeled-beauty_clear-lip-gloss-tube_p0676_1024x1536.sdr.png	https://codec-corpus.r2.imazen.org/imazen-26-png-v3/9226-lilith-ai-products/whitelabeled-beauty/9915_gen_products-whitelabeled-beauty_clear-lip-gloss-tube_p0676_1024x1536.sdr.png
9916	train	9226-lilith-ai-products	sdr	9226-lilith-ai-products/whitelabeled-beauty/9916_gen_products-whitelabeled-beauty_concealer-wand-tube_p0677_1024x1536.sdr.png	https://codec-corpus.r2.imazen.org/imazen-26-png-v3/9226-lilith-ai-products/whitelabeled-beauty/9916_gen_products-whitelabeled-beauty_concealer-wand-tube_p0677_1024x1536.sdr.png
9917	train	9226-lilith-ai-products	sdr	9226-lilith-ai-products/whitelabeled-beauty/9917_gen_products-whitelabeled-beauty_conditioner-pump-bottle_p0678_1024x1536.sdr.png	https://codec-corpus.r2.imazen.org/imazen-26-png-v3/9226-lilith-ai-products/whitelabeled-beauty/9917_gen_products-whitelabeled-beauty_conditioner-pump-bottle_p0678_1024x1536.sdr.png
9918	train	9226-lilith-ai-products	sdr	9226-lilith-ai-products/whitelabeled-beauty/9918_gen_products-whitelabeled-beauty_coral-lipstick-tube_p0679_1024x1536.sdr.png	https://codec-corpus.r2.imazen.org/imazen-26-png-v3/9226-lilith-ai-products/whitelabeled-beauty/9918_gen_products-whitelabeled-beauty_coral-lipstick-tube_p0679_1024x1536.sdr.png
9919	train	9226-lilith-ai-products	sdr	9226-lilith-ai-products/whitelabeled-beauty/9919_gen_products-whitelabeled-beauty_exfoliating-toner-bottle_p0680_1024x1536.sdr.png	https://codec-corpus.r2.imazen.org/imazen-26-png-v3/9226-lilith-ai-products/whitelabeled-beauty/9919_gen_products-whitelabeled-beauty_exfoliating-toner-bottle_p0680_1024x1536.sdr.png
9920	train	9226-lilith-ai-products	sdr	9226-lilith-ai-products/whitelabeled-beauty/9920_gen_products-whitelabeled-beauty_facial-oil-amber_p0681_2048x2048.sdr.png	https://codec-corpus.r2.imazen.org/imazen-26-png-v3/9226-lilith-ai-products/whitelabeled-beauty/9920_gen_products-whitelabeled-beauty_facial-oil-amber_p0681_2048x2048.sdr.png
9921	train	9226-lilith-ai-products	sdr	9226-lilith-ai-products/whitelabeled-beauty/9921_gen_products-whitelabeled-beauty_foundation-glass-bottle_p0682_1024x1536.sdr.png	https://codec-corpus.r2.imazen.org/imazen-26-png-v3/9226-lilith-ai-products/whitelabeled-beauty/9921_gen_products-whitelabeled-beauty_foundation-glass-bottle_p0682_1024x1536.sdr.png
9922	train	9226-lilith-ai-products	sdr	9226-lilith-ai-products/whitelabeled-beauty/9922_gen_products-whitelabeled-beauty_frosted-eye-cream-jar_p0683_1024x1024.sdr.png	https://codec-corpus.r2.imazen.org/imazen-26-png-v3/9226-lilith-ai-products/whitelabeled-beauty/9922_gen_products-whitelabeled-beauty_frosted-eye-cream-jar_p0683_1024x1024.sdr.png
9923	train	9226-lilith-ai-products	sdr	9226-lilith-ai-products/whitelabeled-beauty/9923_gen_products-whitelabeled-beauty_hair-mask-treatment-jar_p0684_1024x1024.sdr.png	https://codec-corpus.r2.imazen.org/imazen-26-png-v3/9226-lilith-ai-products/whitelabeled-beauty/9923_gen_products-whitelabeled-beauty_hair-mask-treatment-jar_p0684_1024x1024.sdr.png
9924	train	9226-lilith-ai-products	sdr	9226-lilith-ai-products/whitelabeled-beauty/9924_gen_products-whitelabeled-beauty_highlighter-stick-tube_p0685_1024x1536.sdr.png	https://codec-corpus.r2.imazen.org/imazen-26-png-v3/9226-lilith-ai-products/whitelabeled-beauty/9924_gen_products-whitelabeled-beauty_highlighter-stick-tube_p0685_1024x1536.sdr.png
9925	train	9226-lilith-ai-products	sdr	9226-lilith-ai-products/whitelabeled-beauty/9925_gen_products-whitelabeled-beauty_lipstick-set-jewel-tones_p0686_1536x1024.sdr.png	https://codec-corpus.r2.imazen.org/imazen-26-png-v3/9226-lilith-ai-products/whitelabeled-beauty/9925_gen_products-whitelabeled-beauty_lipstick-set-jewel-tones_p0686_1536x1024.sdr.png
9926	train	9226-lilith-ai-products	sdr	9226-lilith-ai-products/whitelabeled-beauty/9926_gen_products-whitelabeled-beauty_moisturizer-jar-sage_p0687_2048x2048.sdr.png	https://codec-corpus.r2.imazen.org/imazen-26-png-v3/9226-lilith-ai-products/whitelabeled-beauty/9926_gen_products-whitelabeled-beauty_moisturizer-jar-sage_p0687_2048x2048.sdr.png
9927	train	9226-lilith-ai-products	sdr	9226-lilith-ai-products/whitelabeled-beauty/9927_gen_products-whitelabeled-beauty_neon-pink-blush-stick_p0688_1024x1536.sdr.png	https://codec-corpus.r2.imazen.org/imazen-26-png-v3/9226-lilith-ai-products/whitelabeled-beauty/9927_gen_products-whitelabeled-beauty_neon-pink-blush-stick_p0688_1024x1536.sdr.png
9928	train	9226-lilith-ai-products	sdr	9226-lilith-ai-products/whitelabeled-beauty/9928_gen_products-whitelabeled-beauty_perfume-bottle-amber-glass_p0689_1024x1536.sdr.png	https://codec-corpus.r2.imazen.org/imazen-26-png-v3/9226-lilith-ai-products/whitelabeled-beauty/9928_gen_products-whitelabeled-beauty_perfume-bottle-amber-glass_p0689_1024x1536.sdr.png
9929	train	9226-lilith-ai-products	sdr	9226-lilith-ai-products/whitelabeled-beauty/9929_gen_products-whitelabeled-beauty_rollerball-fragrance-tube_p0690_1024x1536.sdr.png	https://codec-corpus.r2.imazen.org/imazen-26-png-v3/9226-lilith-ai-products/whitelabeled-beauty/9929_gen_products-whitelabeled-beauty_rollerball-fragrance-tube_p0690_1024x1536.sdr.png
9931	train	9226-lilith-ai-products	sdr	9226-lilith-ai-products/whitelabeled-beauty/9931_gen_products-whitelabeled-beauty_serum-dropper-blush_p0691_2048x2048.sdr.png	https://codec-corpus.r2.imazen.org/imazen-26-png-v3/9226-lilith-ai-products/whitelabeled-beauty/9931_gen_products-whitelabeled-beauty_serum-dropper-blush_p0691_2048x2048.sdr.png
9932	train	9226-lilith-ai-products	sdr	9226-lilith-ai-products/whitelabeled-beauty/9932_gen_products-whitelabeled-beauty_serum-dropper-blush_feature_p0691_3840x2160.sdr.png	https://codec-corpus.r2.imazen.org/imazen-26-png-v3/9226-lilith-ai-products/whitelabeled-beauty/9932_gen_products-whitelabeled-beauty_serum-dropper-blush_feature_p0691_3840x2160.sdr.png
9933	train	9226-lilith-ai-products	sdr	9226-lilith-ai-products/whitelabeled-beauty/9933_gen_products-whitelabeled-beauty_serum-dropper-blush_feature_p0691_5504x3072.sdr.png	https://codec-corpus.r2.imazen.org/imazen-26-png-v3/9226-lilith-ai-products/whitelabeled-beauty/9933_gen_products-whitelabeled-beauty_serum-dropper-blush_feature_p0691_5504x3072.sdr.png
9934	train	9226-lilith-ai-products	sdr	9226-lilith-ai-products/whitelabeled-beauty/9934_gen_products-whitelabeled-beauty_shampoo-pump-bottle_p0692_1024x1536.sdr.png	https://codec-corpus.r2.imazen.org/imazen-26-png-v3/9226-lilith-ai-products/whitelabeled-beauty/9934_gen_products-whitelabeled-beauty_shampoo-pump-bottle_p0692_1024x1536.sdr.png
9936	train	9226-lilith-ai-products	sdr	9226-lilith-ai-products/whitelabeled-beauty/9936_gen_products-whitelabeled-beauty_sunscreen-tube-yellow_p0694_2048x2048.sdr.png	https://codec-corpus.r2.imazen.org/imazen-26-png-v3/9226-lilith-ai-products/whitelabeled-beauty/9936_gen_products-whitelabeled-beauty_sunscreen-tube-yellow_p0694_2048x2048.sdr.png
9937	train	9226-lilith-ai-products	sdr	9226-lilith-ai-products/whitelabeled-beauty/9937_gen_products-whitelabeled-beauty_tinted-lip-balm-pot_p0695_1024x1024.sdr.png	https://codec-corpus.r2.imazen.org/imazen-26-png-v3/9226-lilith-ai-products/whitelabeled-beauty/9937_gen_products-whitelabeled-beauty_tinted-lip-balm-pot_p0695_1024x1024.sdr.png
9938	train	9226-lilith-ai-products	sdr	9226-lilith-ai-products/whitelabeled-beauty/9938_gen_products-whitelabeled-beauty_vitamin-c-serum-bottle_p0696_1024x1536.sdr.png	https://codec-corpus.r2.imazen.org/imazen-26-png-v3/9226-lilith-ai-products/whitelabeled-beauty/9938_gen_products-whitelabeled-beauty_vitamin-c-serum-bottle_p0696_1024x1536.sdr.png
9939	train	9226-lilith-ai-products	sdr	9226-lilith-ai-products/whitelabeled-beauty/9939_gen_products-whitelabeled-beauty_frosted-moisturizer-jar_p0697_1024x1024.sdr.png	https://codec-corpus.r2.imazen.org/imazen-26-png-v3/9226-lilith-ai-products/whitelabeled-beauty/9939_gen_products-whitelabeled-beauty_frosted-moisturizer-jar_p0697_1024x1024.sdr.png
9940	train	9226-lilith-ai-products	sdr	9226-lilith-ai-products/whitelabeled-beauty/9940_gen_products-whitelabeled-beauty_sunscreen-tube_p0698_1024x1536.sdr.png	https://codec-corpus.r2.imazen.org/imazen-26-png-v3/9226-lilith-ai-products/whitelabeled-beauty/9940_gen_products-whitelabeled-beauty_sunscreen-tube_p0698_1024x1536.sdr.png
9941	train	9226-lilith-ai-products	sdr	9226-lilith-ai-products/whitelabeled-beverages/9941_gen_products-whitelabeled-beverages_beverage-almond-milk-bottle_p0699_1024x1536.sdr.png	https://codec-corpus.r2.imazen.org/imazen-26-png-v3/9226-lilith-ai-products/whitelabeled-beverages/9941_gen_products-whitelabeled-beverages_beverage-almond-milk-bottle_p0699_1024x1536.sdr.png
9942	train	9226-lilith-ai-products	sdr	9226-lilith-ai-products/whitelabeled-beverages/9942_gen_products-whitelabeled-beverages_beverage-beer-bottle-amber_p0700_1024x1536.sdr.png	https://codec-corpus.r2.imazen.org/imazen-26-png-v3/9226-lilith-ai-products/whitelabeled-beverages/9942_gen_products-whitelabeled-beverages_beverage-beer-bottle-amber_p0700_1024x1536.sdr.png
9943	train	9226-lilith-ai-products	sdr	9226-lilith-ai-products/whitelabeled-beverages/9943_gen_products-whitelabeled-beverages_beverage-beer-can-craft_p0701_1024x1536.sdr.png	https://codec-corpus.r2.imazen.org/imazen-26-png-v3/9226-lilith-ai-products/whitelabeled-beverages/9943_gen_products-whitelabeled-beverages_beverage-beer-can-craft_p0701_1024x1536.sdr.png
9947	train	9226-lilith-ai-products	sdr	9226-lilith-ai-products/whitelabeled-beverages/9947_gen_products-whitelabeled-beverages_beverage-energy-drink-can_p0705_1024x1536.sdr.png	https://codec-corpus.r2.imazen.org/imazen-26-png-v3/9226-lilith-ai-products/whitelabeled-beverages/9947_gen_products-whitelabeled-beverages_beverage-energy-drink-can_p0705_1024x1536.sdr.png
9948	train	9226-lilith-ai-products	sdr	9226-lilith-ai-products/whitelabeled-beverages/9948_gen_products-whitelabeled-beverages_beverage-ginger-beer-bottle_p0706_1024x1536.sdr.png	https://codec-corpus.r2.imazen.org/imazen-26-png-v3/9226-lilith-ai-products/whitelabeled-beverages/9948_gen_products-whitelabeled-beverages_beverage-ginger-beer-bottle_p0706_1024x1536.sdr.png
9950	train	9226-lilith-ai-products	sdr	9226-lilith-ai-products/whitelabeled-beverages/9950_gen_products-whitelabeled-beverages_beverage-iced-tea-bottle_p0708_1024x1536.sdr.png	https://codec-corpus.r2.imazen.org/imazen-26-png-v3/9226-lilith-ai-products/whitelabeled-beverages/9950_gen_products-whitelabeled-beverages_beverage-iced-tea-bottle_p0708_1024x1536.sdr.png
9951	train	9226-lilith-ai-products	sdr	9226-lilith-ai-products/whitelabeled-beverages/9951_gen_products-whitelabeled-beverages_beverage-juice-bottle-orange_p0709_1024x1536.sdr.png	https://codec-corpus.r2.imazen.org/imazen-26-png-v3/9226-lilith-ai-products/whitelabeled-beverages/9951_gen_products-whitelabeled-beverages_beverage-juice-bottle-orange_p0709_1024x1536.sdr.png
9953	train	9226-lilith-ai-products	sdr	9226-lilith-ai-products/whitelabeled-beverages/9953_gen_products-whitelabeled-beverages_beverage-lemonade-carton_p0711_1024x1536.sdr.png	https://codec-corpus.r2.imazen.org/imazen-26-png-v3/9226-lilith-ai-products/whitelabeled-beverages/9953_gen_products-whitelabeled-beverages_beverage-lemonade-carton_p0711_1024x1536.sdr.png
9954	train	9226-lilith-ai-products	sdr	9226-lilith-ai-products/whitelabeled-beverages/9954_gen_products-whitelabeled-beverages_beverage-mixer-can_p0712_1024x1536.sdr.png	https://codec-corpus.r2.imazen.org/imazen-26-png-v3/9226-lilith-ai-products/whitelabeled-beverages/9954_gen_products-whitelabeled-beverages_beverage-mixer-can_p0712_1024x1536.sdr.png
9955	train	9226-lilith-ai-products	sdr	9226-lilith-ai-products/whitelabeled-beverages/9955_gen_products-whitelabeled-beverages_beverage-oat-milk-carton_p0713_1024x1536.sdr.png	https://codec-corpus.r2.imazen.org/imazen-26-png-v3/9226-lilith-ai-products/whitelabeled-beverages/9955_gen_products-whitelabeled-beverages_beverage-oat-milk-carton_p0713_1024x1536.sdr.png
9956	train	9226-lilith-ai-products	sdr	9226-lilith-ai-products/whitelabeled-beverages/9956_gen_products-whitelabeled-beverages_beverage-plant-milk-carton_p0714_1024x1536.sdr.png	https://codec-corpus.r2.imazen.org/imazen-26-png-v3/9226-lilith-ai-products/whitelabeled-beverages/9956_gen_products-whitelabeled-beverages_beverage-plant-milk-carton_p0714_1024x1536.sdr.png
9958	train	9226-lilith-ai-products	sdr	9226-lilith-ai-products/whitelabeled-beverages/9958_gen_products-whitelabeled-beverages_beverage-smoothie-bottle_p0716_1024x1536.sdr.png	https://codec-corpus.r2.imazen.org/imazen-26-png-v3/9226-lilith-ai-products/whitelabeled-beverages/9958_gen_products-whitelabeled-beverages_beverage-smoothie-bottle_p0716_1024x1536.sdr.png
9959	train	9226-lilith-ai-products	sdr	9226-lilith-ai-products/whitelabeled-beverages/9959_gen_products-whitelabeled-beverages_beverage-soda-can-cola_p0717_1024x1536.sdr.png	https://codec-corpus.r2.imazen.org/imazen-26-png-v3/9226-lilith-ai-products/whitelabeled-beverages/9959_gen_products-whitelabeled-beverages_beverage-soda-can-cola_p0717_1024x1536.sdr.png
9960	train	9226-lilith-ai-products	sdr	9226-lilith-ai-products/whitelabeled-beverages/9960_gen_products-whitelabeled-beverages_beverage-sparkling-water-can_p0718_1024x1536.sdr.png	https://codec-corpus.r2.imazen.org/imazen-26-png-v3/9226-lilith-ai-products/whitelabeled-beverages/9960_gen_products-whitelabeled-beverages_beverage-sparkling-water-can_p0718_1024x1536.sdr.png
9961	train	9226-lilith-ai-products	sdr	9226-lilith-ai-products/whitelabeled-beverages/9961_gen_products-whitelabeled-beverages_beverage-sports-drink-bottle_p0719_1024x1536.sdr.png	https://codec-corpus.r2.imazen.org/imazen-26-png-v3/9226-lilith-ai-products/whitelabeled-beverages/9961_gen_products-whitelabeled-beverages_beverage-sports-drink-bottle_p0719_1024x1536.sdr.png
9962	train	9226-lilith-ai-products	sdr	9226-lilith-ai-products/whitelabeled-beverages/9962_gen_products-whitelabeled-beverages_beverage-spring-water-bottle_p0720_1024x1536.sdr.png	https://codec-corpus.r2.imazen.org/imazen-26-png-v3/9226-lilith-ai-products/whitelabeled-beverages/9962_gen_products-whitelabeled-beverages_beverage-spring-water-bottle_p0720_1024x1536.sdr.png
9963	train	9226-lilith-ai-products	sdr	9226-lilith-ai-products/whitelabeled-beverages/9963_gen_products-whitelabeled-beverages_beverage-tonic-water-bottle_p0721_1024x1536.sdr.png	https://codec-corpus.r2.imazen.org/imazen-26-png-v3/9226-lilith-ai-products/whitelabeled-beverages/9963_gen_products-whitelabeled-beverages_beverage-tonic-water-bottle_p0721_1024x1536.sdr.png
9964	train	9226-lilith-ai-products	sdr	9226-lilith-ai-products/whitelabeled-beverages/9964_gen_products-whitelabeled-beverages_beverage-wine-bottle-red_p0722_1024x1536.sdr.png	https://codec-corpus.r2.imazen.org/imazen-26-png-v3/9226-lilith-ai-products/whitelabeled-beverages/9964_gen_products-whitelabeled-beverages_beverage-wine-bottle-red_p0722_1024x1536.sdr.png
9966	train	9226-lilith-ai-products	sdr	9226-lilith-ai-products/products-with-callouts/9966_gen_products-with-callouts_cherry-red-short-set_spec_p0225_3840x2160.sdr.png	https://codec-corpus.r2.imazen.org/imazen-26-png-v3/9226-lilith-ai-products/products-with-callouts/9966_gen_products-with-callouts_cherry-red-short-set_spec_p0225_3840x2160.sdr.png
9967	train	9226-lilith-ai-products	sdr	9226-lilith-ai-products/products-with-callouts/9967_gen_products-with-callouts_chunky-dad-sneakers_feature_p0396_3840x2160.sdr.png	https://codec-corpus.r2.imazen.org/imazen-26-png-v3/9226-lilith-ai-products/products-with-callouts/9967_gen_products-with-callouts_chunky-dad-sneakers_feature_p0396_3840x2160.sdr.png
9968	train	9226-lilith-ai-products	sdr	9226-lilith-ai-products/products-with-callouts/9968_gen_products-with-callouts_mens-waterproof-hiking-boots-brown_feature_p0422_5504x3072.sdr.png	https://codec-corpus.r2.imazen.org/imazen-26-png-v3/9226-lilith-ai-products/products-with-callouts/9968_gen_products-with-callouts_mens-waterproof-hiking-boots-brown_feature_p0422_5504x3072.sdr.png
9969	train	9226-lilith-ai-products	sdr	9226-lilith-ai-products/products-with-callouts/9969_gen_products-with-callouts_moisturizer-jar-sage_feature_p0687_5504x3072.sdr.png	https://codec-corpus.r2.imazen.org/imazen-26-png-v3/9226-lilith-ai-products/products-with-callouts/9969_gen_products-with-callouts_moisturizer-jar-sage_feature_p0687_5504x3072.sdr.png
9970	train	9226-lilith-ai-products	sdr	9226-lilith-ai-products/products-with-callouts/9970_gen_products-with-callouts_sculpt-leggings_feature_p0227_2160x3840.sdr.png	https://codec-corpus.r2.imazen.org/imazen-26-png-v3/9226-lilith-ai-products/products-with-callouts/9970_gen_products-with-callouts_sculpt-leggings_feature_p0227_2160x3840.sdr.png
9971	train	9226-lilith-ai-products	sdr	9226-lilith-ai-products/products-with-callouts/9971_gen_products-with-callouts_sculpt-leggings_spec_p0227_3840x2160.sdr.png	https://codec-corpus.r2.imazen.org/imazen-26-png-v3/9226-lilith-ai-products/products-with-callouts/9971_gen_products-with-callouts_sculpt-leggings_spec_p0227_3840x2160.sdr.png
9972	train	9226-lilith-ai-products	sdr	9226-lilith-ai-products/products-with-callouts/9972_gen_products-with-callouts_serum-dropper-blush_feature_p0691_5504x3072.sdr.png	https://codec-corpus.r2.imazen.org/imazen-26-png-v3/9226-lilith-ai-products/products-with-callouts/9972_gen_products-with-callouts_serum-dropper-blush_feature_p0691_5504x3072.sdr.png
9973	train	9226-lilith-ai-products	sdr	9226-lilith-ai-products/products-with-callouts/9973_gen_products-with-callouts_silver-metallic-statement-puffer_feature_p0284_3840x2160.sdr.png	https://codec-corpus.r2.imazen.org/imazen-26-png-v3/9226-lilith-ai-products/products-with-callouts/9973_gen_products-with-callouts_silver-metallic-statement-puffer_feature_p0284_3840x2160.sdr.png
9974	train	9226-lilith-ai-products	sdr	9226-lilith-ai-products/products-with-callouts/9974_gen_products-with-callouts_spec-sneaker-cutaway_spec_p0724_1536x1024.sdr.png	https://codec-corpus.r2.imazen.org/imazen-26-png-v3/9226-lilith-ai-products/products-with-callouts/9974_gen_products-with-callouts_spec-sneaker-cutaway_spec_p0724_1536x1024.sdr.png
9975	train	9226-lilith-ai-products	sdr	9226-lilith-ai-products/products-with-callouts/9975_gen_products-with-callouts_womens-packable-down-jacket-teal_feature_p0231_3072x3106.sdr.png	https://codec-corpus.r2.imazen.org/imazen-26-png-v3/9226-lilith-ai-products/products-with-callouts/9975_gen_products-with-callouts_womens-packable-down-jacket-teal_feature_p0231_3072x3106.sdr.png
